{
"type": "FeatureCollection",
"name": "Physician",
"crs": { "type": "name", "properties": { "name": "urn:ogc:def:crs:EPSG::4052" } },
"features": [
{ "type": "Feature", "properties": { "OBJECTID": 1, "Territory_": "WA + OR + ID + AK + MT + WY + ND + SD", "Status": "AVAILABLE", "State": "Alaska", "STATE_FIPS": "02", "SUB_REGION": "Pacific", "STATE_ABBR": "AK", "POPULATION": 744733, "Shape_Leng": 497.28514300699999, "Shape_Area": 468.42820936099997 }, "geometry": { "type": "MultiPolygon", "coordinates": [ [ [ [ -122.525750002999985, 48.321043899000074 ], [ -122.528648386999976, 48.283510111000055 ], [ -122.623509819999981, 48.296350519000043 ], [ -122.73203420599998, 48.225414522000051 ], [ -122.610925322999947, 48.206321315000025 ], [ -122.546202807999975, 48.076858202000039 ], [ -122.496212685999978, 48.094070975000079 ], [ -122.379993897999952, 48.032146291000061 ], [ -122.355399878999947, 47.963886077000041 ], [ -122.386960919999979, 47.904549109000072 ], [ -122.442788008999969, 47.91805628700007 ], [ -122.471616490999963, 47.987509082000031 ], [ -122.544961322999939, 47.967531009000027 ], [ -122.608628383999985, 48.031430722000039 ], [ -122.695554318999939, 48.181185218000053 ], [ -122.768778189999978, 48.218818418000069 ], [ -122.733187518999955, 48.276647215000025 ], [ -122.66561262099998, 48.396777778000057 ], [ -122.604384079999988, 48.404789325000081 ], [ -122.525750002999985, 48.321043899000074 ] ] ], [ [ [ -123.018882911999981, 48.489605178000033 ], [ -122.967978293999977, 48.443794503000049 ], [ -123.09523279299998, 48.479422782000029 ], [ -123.159719911999957, 48.521842210000045 ], [ -123.169899405999956, 48.56256469200008 ], [ -123.141053776999968, 48.623647094000034 ], [ -123.103721402999952, 48.608377076000068 ], [ -123.012094923999939, 48.557477794000079 ], [ -123.008698807999963, 48.533719322000081 ], [ -122.967980003999969, 48.526933303000078 ], [ -123.02227110299998, 48.513359712000067 ], [ -123.018882911999981, 48.489605178000033 ] ] ], [ [ [ -102.937958813999956, 49.000026182000056 ], [ -102.022264396999958, 49.000015304000044 ], [ -101.500437488999978, 49.000020121000034 ], [ -100.187908276999963, 49.000002197000072 ], [ -99.533566014999963, 49.000008620000074 ], [ -99.000403399, 49.000006496000026 ], [ -97.937867788999938, 48.999991888000068 ], [ -97.229436411999984, 48.999987795000038 ], [ -97.216369101999987, 48.931829894000032 ], [ -97.175727485999971, 48.873757825000041 ], [ -97.171204423999939, 48.835980506000055 ], [ -97.180421915999943, 48.815537492000033 ], [ -97.164712391999956, 48.810368278000055 ], [ -97.173944700999982, 48.801514501000042 ], [ -97.147515990999977, 48.781170123000038 ], [ -97.139245992999975, 48.763542089000055 ], [ -97.147898407999946, 48.75565342200008 ], [ -97.132501780999974, 48.74721879100008 ], [ -97.134806075999961, 48.726237896000043 ], [ -97.11010129999994, 48.708583080000039 ], [ -97.116739313999972, 48.695243125000047 ], [ -97.097169301999941, 48.674528917000032 ], [ -97.107630090999976, 48.629946620000055 ], [ -97.127444307999951, 48.629794316000073 ], [ -97.122958180999944, 48.620768705000046 ], [ -97.144718105999971, 48.614024597000025 ], [ -97.140811925999969, 48.586905804000025 ], [ -97.158192283999938, 48.583640699000057 ], [ -97.152126808, 48.572856393000052 ], [ -97.167943203999982, 48.562263295000037 ], [ -97.146618380999939, 48.54953701200003 ], [ -97.160435709999945, 48.545077875000061 ], [ -97.155537482999989, 48.538398210000025 ], [ -97.139385604999973, 48.534648116000028 ], [ -97.148327706999964, 48.517951312000037 ], [ -97.134594300999936, 48.517314018000036 ], [ -97.143612917999974, 48.43810957900007 ], [ -97.119633191, 48.437102094000068 ], [ -97.122601199999963, 48.416109906000031 ], [ -97.151646998999979, 48.41961232500006 ], [ -97.14982360099998, 48.409991590000061 ], [ -97.129124519999948, 48.407885497000052 ], [ -97.158818905999965, 48.388206022000077 ], [ -97.135205381999981, 48.384409978000065 ], [ -97.133786416999953, 48.372454694000055 ], [ -97.150395880999952, 48.363215806000028 ], [ -97.131123689999981, 48.361491301000058 ], [ -97.137135910999973, 48.325991806000047 ], [ -97.112591778999956, 48.319926019000036 ], [ -97.132634605999954, 48.310969515000068 ], [ -97.11475102299994, 48.303618315000051 ], [ -97.113721106999947, 48.294882600000051 ], [ -97.130513697999959, 48.293040396000038 ], [ -97.112683522999987, 48.286146988000041 ], [ -97.111714580999944, 48.277876681000066 ], [ -97.136655583999982, 48.264483678000033 ], [ -97.123784611999952, 48.259173402000044 ], [ -97.127553977, 48.233523409000043 ], [ -97.109235808999983, 48.228048913000066 ], [ -97.139753879999944, 48.221755189000078 ], [ -97.110899495999945, 48.207605796000053 ], [ -97.130827888999988, 48.203741888000081 ], [ -97.137275005, 48.195063520000076 ], [ -97.136291297999946, 48.175226976000033 ], [ -97.137443524, 48.167769111000041 ], [ -97.116065809999952, 48.159223724000071 ], [ -97.136513174999948, 48.14839797500008 ], [ -97.120918604999986, 48.142774802000076 ], [ -97.121872886999938, 48.116369299000041 ], [ -97.099030413999969, 48.100972517000059 ], [ -97.092721406999942, 48.070344 ], [ -97.06707131099995, 48.048164515000053 ], [ -97.048053218999939, 47.954924289000076 ], [ -97.015331093999976, 47.917890099000033 ], [ -97.020566305999978, 47.875569411000072 ], [ -97.000340506999976, 47.870197902000029 ], [ -96.977231605999975, 47.828029414000071 ], [ -96.983892775999948, 47.809661515000073 ], [ -96.957830422999962, 47.794440400000042 ], [ -96.932012687999986, 47.763506291000056 ], [ -96.923659182999984, 47.714094407000061 ], [ -96.889425623999955, 47.67392519200007 ], [ -96.873335495999982, 47.615254993000065 ], [ -96.852216905999967, 47.601151603000062 ], [ -96.858664488999977, 47.562977983000053 ], [ -96.849188700999946, 47.544568019000053 ], [ -96.860687021999979, 47.521355924000034 ], [ -96.851615615999947, 47.500618922000058 ], [ -96.866684116999977, 47.46153769600005 ], [ -96.855827025999986, 47.436753193000072 ], [ -96.867248520999965, 47.413087087000065 ], [ -96.850005494999948, 47.408936185000073 ], [ -96.83982750399997, 47.38411738800005 ], [ -96.85063097699998, 47.360954818000039 ], [ -96.838461690999964, 47.342243302000043 ], [ -96.846747382999979, 47.314602117000049 ], [ -96.837713898999937, 47.293884179000031 ], [ -96.849623698999949, 47.256843721000052 ], [ -96.837065311999936, 47.240458880000062 ], [ -96.82649102, 47.170063822000031 ], [ -96.839163893999967, 47.151886717000082 ], [ -96.819151785999964, 47.092603987000075 ], [ -96.826964611999983, 47.078832712000064 ], [ -96.822608306999939, 47.033932286000038 ], [ -96.835296410999945, 47.010231316000045 ], [ -96.824531117999982, 47.003436802000067 ], [ -96.816772218999972, 46.969779304000042 ], [ -96.793425692999961, 46.969641297000067 ], [ -96.801887105, 46.955843706000053 ], [ -96.789710410999987, 46.948202507000076 ], [ -96.78792529499998, 46.932184594000034 ], [ -96.763068007999948, 46.936261676000072 ], [ -96.756911096999943, 46.922780400000079 ], [ -96.778061080999976, 46.867349611000066 ], [ -96.768249810999976, 46.844861685000069 ], [ -96.797196974999963, 46.812033102000044 ], [ -96.780382108999959, 46.762311896000028 ], [ -96.781556713999976, 46.707044290000056 ], [ -96.793695021999952, 46.678803991000052 ], [ -96.790245804999984, 46.629773281000041 ], [ -96.784317610999949, 46.624112084000046 ], [ -96.77104178899998, 46.599983679000047 ], [ -96.751227520999976, 46.588619376000054 ], [ -96.740315984999938, 46.489432616000045 ], [ -96.71489382599998, 46.468718512000066 ], [ -96.709682597999972, 46.427168305000066 ], [ -96.688228007999953, 46.412218281000037 ], [ -96.652101578999975, 46.359433694000074 ], [ -96.614861519999977, 46.350812518000055 ], [ -96.602074212, 46.336324223000076 ], [ -96.598183106999954, 46.238682623000045 ], [ -96.586456173999977, 46.215413077000051 ], [ -96.58789031699996, 46.191918391000058 ], [ -96.571166107999943, 46.177174702000059 ], [ -96.551931009999976, 46.09552889400004 ], [ -96.576215291999972, 46.021279615000026 ], [ -96.561802216999979, 45.947683118000043 ], [ -96.566921491999949, 45.934110408000038 ], [ -96.58795527999996, 45.817854425000064 ], [ -96.604610692999984, 45.808264202000032 ], [ -96.657391807999943, 45.738970601000062 ], [ -96.83279577899998, 45.650686882000059 ], [ -96.854989819999957, 45.609122118000073 ], [ -96.843087220999962, 45.58409030200005 ], [ -96.769246209999949, 45.517478907000054 ], [ -96.738032306999969, 45.458195297000032 ], [ -96.693169179999984, 45.410638101000075 ], [ -96.605084491999946, 45.396524401000079 ], [ -96.532548890999976, 45.375132182000073 ], [ -96.477592109999989, 45.328509376000056 ], [ -96.457602225999949, 45.298850216000062 ], [ -96.454496625, 45.275195404000044 ], [ -96.456079808999959, 44.971994805000065 ], [ -96.455217322999943, 44.801347584000041 ], [ -96.456717774999959, 44.628808688000049 ], [ -96.455106203999947, 44.538343190000035 ], [ -96.457397495999942, 44.199061389000065 ], [ -96.456602303999944, 43.848741804000042 ], [ -96.460454710999954, 43.499718512000072 ], [ -96.598315413999956, 43.499849110000071 ], [ -96.583795880999958, 43.48192050800003 ], [ -96.589112995999983, 43.435539109000047 ], [ -96.557708713999943, 43.400727209000081 ], [ -96.525053519999972, 43.384225291000064 ], [ -96.522893912999962, 43.356966316000069 ], [ -96.540563285999951, 43.30765918000003 ], [ -96.579130823999947, 43.290073987000028 ], [ -96.570722509999939, 43.26361227700005 ], [ -96.559567804999972, 43.253263280000056 ], [ -96.566991116999986, 43.239633793000053 ], [ -96.558605804999956, 43.225489218000064 ], [ -96.487245221999956, 43.217909303000056 ], [ -96.473114478999946, 43.209082102000025 ], [ -96.451505097999984, 43.126308779000055 ], [ -96.460804802999974, 43.087872875000073 ], [ -96.462093997999943, 43.075582211000039 ], [ -96.479573302999938, 43.061884084000042 ], [ -96.520010396999965, 43.051508615000046 ], [ -96.499020020999978, 43.012050100000067 ], [ -96.517147808999937, 42.986458076000076 ], [ -96.514935102999971, 42.952382104000037 ], [ -96.54426349299996, 42.913866319000078 ], [ -96.537511095999946, 42.896906401000081 ], [ -96.556211213999973, 42.846660679000081 ], [ -96.573126114, 42.834347377000029 ], [ -96.587645490999989, 42.835381386000051 ], [ -96.600875102999964, 42.799558581000042 ], [ -96.632980604999943, 42.776835620000043 ], [ -96.640709197999968, 42.74860381700006 ], [ -96.626540792999947, 42.708354721000035 ], [ -96.563039297999978, 42.668513011000073 ], [ -96.54116509399995, 42.662405314000068 ], [ -96.512843980999946, 42.629755094000075 ], [ -96.488498205999974, 42.580480697000041 ], [ -96.500942002999977, 42.573885214000029 ], [ -96.489337483999975, 42.564027993000025 ], [ -96.480243181, 42.517130314000042 ], [ -96.439394711999967, 42.489240884000026 ], [ -96.494701480999936, 42.488459214000045 ], [ -96.54721559799998, 42.520499286000074 ], [ -96.584753012999954, 42.518287202000067 ], [ -96.60546732399996, 42.507236312000032 ], [ -96.62929448899996, 42.522693706000041 ], [ -96.636672419999968, 42.550731709000047 ], [ -96.714059676999966, 42.612302002000035 ], [ -96.715272875999972, 42.62190750700006 ], [ -96.694596795999985, 42.641163794000079 ], [ -96.699060179999947, 42.657715806000056 ], [ -96.722658681999974, 42.668591909000043 ], [ -96.799343993999969, 42.670019213000046 ], [ -96.810437517999958, 42.681341194000026 ], [ -96.810140110999953, 42.704084410000064 ], [ -96.908233804999952, 42.731698916000028 ], [ -96.970773507, 42.721147521000034 ], [ -96.977869002999967, 42.727308213000072 ], [ -96.970002922, 42.752065415000061 ], [ -96.979593402999967, 42.75831370800006 ], [ -97.015139676999979, 42.759542085000078 ], [ -97.130469300999948, 42.773923404000072 ], [ -97.161422680999976, 42.798619375000044 ], [ -97.211831688999951, 42.812573518000079 ], [ -97.224443589999964, 42.841202502000044 ], [ -97.243189606999977, 42.851826422000045 ], [ -97.271457516999988, 42.850014680000072 ], [ -97.311414387999946, 42.861771710000028 ], [ -97.389306008999938, 42.86743311500004 ], [ -97.457263790999946, 42.850443099000074 ], [ -97.483159023999974, 42.85715711000006 ], [ -97.50613188799997, 42.860136516000068 ], [ -97.570654078999951, 42.847990696000068 ], [ -97.634970502999977, 42.861284907000027 ], [ -97.685751981999942, 42.83683697500004 ], [ -97.725249816999963, 42.858008406000067 ], [ -97.772186504, 42.846163982000064 ], [ -97.797028301999944, 42.849597087000063 ], [ -97.818643019999968, 42.866587518000074 ], [ -97.888659391999965, 42.855807304000052 ], [ -97.889941022999949, 42.831271616000038 ], [ -97.929477191999979, 42.792324406000034 ], [ -97.963558396999986, 42.773689975000025 ], [ -97.995144821999986, 42.766812316000028 ], [ -98.033140390999961, 42.769192297000075 ], [ -98.121819892999952, 42.808360088000029 ], [ -98.123116909999965, 42.820223575000057 ], [ -98.144869011999958, 42.83579467800007 ], [ -98.167826593999962, 42.839570986000069 ], [ -98.310339609999971, 42.88179480000008 ], [ -98.391204679999987, 42.920135902000027 ], [ -98.457444018, 42.937160782000035 ], [ -98.497651412999971, 42.991778817000068 ], [ -99.253971687999979, 42.992389483000068 ], [ -99.532790300999977, 42.99233498500007 ], [ -100.19814211299996, 42.991095004000044 ], [ -101.231737188999944, 42.986842980000063 ], [ -102.086700902999951, 42.989886985000055 ], [ -102.788384596999947, 42.995303616000058 ], [ -103.005875205999985, 42.999353914000039 ], [ -103.501463780999984, 42.998618815000043 ], [ -104.056198892999987, 43.003062306000061 ], [ -104.056219407999947, 42.614669706000029 ], [ -104.053513423999959, 41.999815383000055 ], [ -104.053615218999937, 41.698218275000045 ], [ -104.055500522999978, 41.564222413000039 ], [ -104.054012399999976, 41.388085778000061 ], [ -104.051705514999981, 41.003211293000049 ], [ -104.934492918999979, 40.99428918600006 ], [ -105.278797588999964, 40.996349174000045 ], [ -106.203471511999965, 41.000085022000064 ], [ -106.329125680999937, 41.001289 ], [ -106.865438811, 40.998457391000045 ], [ -107.304051023999989, 41.000133303000041 ], [ -107.918671399999937, 41.00337509700006 ], [ -109.048314687999948, 40.998433406000061 ], [ -110.00216547499997, 40.997599516000037 ], [ -110.063185711999949, 40.997891898000034 ], [ -111.051022486999955, 40.996583587000032 ], [ -111.051651076999974, 41.258425395000074 ], [ -111.05106879899995, 41.578592387000072 ], [ -111.048697417999961, 41.996203295000043 ], [ -111.494586285999958, 42.000170915000069 ], [ -112.100514512999951, 42.002300579000064 ], [ -112.147116493999988, 41.999054019000027 ], [ -112.989575386999945, 42.001146799000026 ], [ -114.039072592999958, 41.995390904000033 ], [ -114.269471577, 41.995924279000064 ], [ -115.024862901999938, 41.996506401000033 ], [ -115.94754470099997, 41.994599494000056 ], [ -116.992313286999945, 41.994794484000067 ], [ -117.018864410999981, 41.994794225000078 ], [ -118.185316902999944, 41.996637102000079 ], [ -119.310942114999989, 41.989135411000063 ], [ -119.351692208999964, 41.988852975000043 ], [ -119.993459401999985, 41.989204984000025 ], [ -120.871908476999977, 41.98767220600007 ], [ -121.44150891399994, 41.994334516000038 ], [ -122.284705081999959, 42.000764589000028 ], [ -123.222102594999967, 42.00219179100003 ], [ -123.513204619999954, 41.997832895000045 ], [ -123.819146376999981, 41.99294881000003 ], [ -124.206444514999987, 41.997647903000029 ], [ -124.352246775999959, 42.098677280000061 ], [ -124.415062023999951, 42.245894518000057 ], [ -124.437818812999978, 42.429608789000042 ], [ -124.391763207999986, 42.55302761300004 ], [ -124.401078714, 42.622699280000063 ], [ -124.559616894999976, 42.832457410000075 ], [ -124.485346583999956, 42.955453980000073 ], [ -124.386772406999967, 43.261588915000061 ], [ -124.406076198, 43.300197896000043 ], [ -124.273993976999975, 43.459105388000069 ], [ -124.226004786999965, 43.605004886000074 ], [ -124.158325607, 43.857118206000052 ], [ -124.11831931599994, 44.269514986000047 ], [ -124.054404891, 44.662138993000042 ], [ -124.07556808399994, 44.814738514000055 ], [ -124.007572588999949, 45.03610292500008 ], [ -123.956606790999956, 45.292965691000063 ], [ -123.980559890999984, 45.485084495000081 ], [ -123.936674719999985, 45.507965924000075 ], [ -123.892107911999972, 45.474050182000042 ], [ -123.859507214999951, 45.499082723000072 ], [ -123.953415609999979, 45.568528680000043 ], [ -123.936075916999982, 45.702835211000036 ], [ -123.976629103999983, 45.775482398000065 ], [ -123.95627389699996, 45.871041425000044 ], [ -123.996505690999982, 45.941921991000072 ], [ -123.921187176999979, 46.012323318000028 ], [ -123.977340683999955, 46.202706012000078 ], [ -123.794096481999986, 46.111448586000051 ], [ -123.777083413999947, 46.144430301000057 ], [ -123.820978323999952, 46.193649578000077 ], [ -123.761414090999949, 46.209939410000061 ], [ -123.717161007999948, 46.169893800000068 ], [ -123.670246389999988, 46.174498506000077 ], [ -123.517029311999977, 46.236091592000037 ], [ -123.363556891999963, 46.144153979000066 ], [ -123.304717086999972, 46.144737603000067 ], [ -123.470773018999978, 46.275023778000048 ], [ -123.620076507999954, 46.258665513000039 ], [ -123.725458875999948, 46.285423802000025 ], [ -123.885770878999949, 46.240438417000064 ], [ -123.993329481999979, 46.310274717000027 ], [ -124.079107492, 46.26725928500008 ], [ -124.065510588999985, 46.639745300000072 ], [ -124.023042880999981, 46.583541181000044 ], [ -124.013002117999974, 46.383680005000031 ], [ -123.841451279999944, 46.404343083000072 ], [ -123.940693521999947, 46.48111521800007 ], [ -123.893566920999945, 46.511079918000064 ], [ -123.957711925999945, 46.617225411000049 ], [ -123.926470411999958, 46.673060685000053 ], [ -123.840966601, 46.718288098000073 ], [ -123.895542001999956, 46.744986087000029 ], [ -124.043158388999984, 46.715855484000031 ], [ -124.091049307, 46.729022776000079 ], [ -124.10206719699994, 46.789468921000037 ], [ -124.138826980999966, 46.899984913000026 ], [ -124.105760617999977, 46.908148711000081 ], [ -124.104738109999971, 46.874145317000057 ], [ -124.028808617999971, 46.823767287000067 ], [ -124.046928997999942, 46.887253189000035 ], [ -123.812655693999943, 46.963964922000059 ], [ -123.995864823999966, 46.976385717000028 ], [ -124.034394698999961, 47.031033591000039 ], [ -124.112361488999966, 47.042674995000027 ], [ -124.16203638199994, 46.929612679000059 ], [ -124.192733694999959, 47.166982414000074 ], [ -124.231425406999961, 47.275070506000077 ], [ -124.319426896999971, 47.349238194000066 ], [ -124.349080099, 47.526910094000073 ], [ -124.373605684999973, 47.638763511000036 ], [ -124.484035008999967, 47.808255086000031 ], [ -124.606685216999949, 47.873735081000063 ], [ -124.732769825, 48.149989085000072 ], [ -124.70520960999994, 48.231995915000027 ], [ -124.717175721999979, 48.377557599000056 ], [ -124.563547215999961, 48.357278804000032 ], [ -123.991215825999973, 48.159161611000059 ], [ -123.396857201999978, 48.111030582000069 ], [ -123.123221997999963, 48.148733510000056 ], [ -122.921594614999947, 48.094179090000068 ], [ -122.924844385999961, 48.066796408000073 ], [ -122.841111081999941, 48.133136401000058 ], [ -122.768882574999964, 48.143994010000029 ], [ -122.802931503999957, 48.085321480000061 ], [ -122.66156071599994, 47.917157280000026 ], [ -122.653585483999962, 47.864431387000081 ], [ -122.745869976999984, 47.808988114000044 ], [ -122.789801304999969, 47.802548716000047 ], [ -122.809517506999953, 47.85707521300003 ], [ -122.858803922, 47.827328401000045 ], [ -122.899363584999946, 47.672517417000051 ], [ -122.982744621, 47.605474184000059 ], [ -123.113915298, 47.456273784000075 ], [ -123.154060217, 47.348547077000035 ], [ -123.010471074999941, 47.353026987000078 ], [ -122.833247591999964, 47.438464487000033 ], [ -123.036205922999955, 47.356051824000076 ], [ -123.112685313999975, 47.37156910200008 ], [ -123.026336424999954, 47.515936082000053 ], [ -122.916969705999975, 47.614606718000061 ], [ -122.752942678999943, 47.660688897000057 ], [ -122.723062315999982, 47.756899515000043 ], [ -122.611161808999952, 47.850008883000044 ], [ -122.613217704999954, 47.936189100000036 ], [ -122.531888314999946, 47.909461012000065 ], [ -122.473587996999981, 47.754980382000042 ], [ -122.62150971799997, 47.696968613000081 ], [ -122.586460295999984, 47.571191307000049 ], [ -122.555262193999965, 47.583505593000041 ], [ -122.542701890999979, 47.522734118000074 ], [ -122.504461184999968, 47.50721658100008 ], [ -122.558446587999981, 47.398363809000045 ], [ -122.544125101999953, 47.373927222000077 ], [ -122.588254114999984, 47.333929686000033 ], [ -122.553156514999955, 47.28333221500003 ], [ -122.580530805999956, 47.251387823000073 ], [ -122.61154629899994, 47.293398516000082 ], [ -122.606914395999979, 47.270571584000038 ], [ -122.699744799999962, 47.292085284000052 ], [ -122.628754097999945, 47.39855361900004 ], [ -122.637436713999989, 47.398580195000079 ], [ -122.74154931299995, 47.341450286000054 ], [ -122.769708278999985, 47.266156378000062 ], [ -122.719801717999985, 47.223131 ], [ -122.761238577999961, 47.162496081000029 ], [ -122.825108502999967, 47.23482628000005 ], [ -122.773334924999972, 47.33736082300004 ], [ -122.802184179999983, 47.360740815000042 ], [ -122.880373310999971, 47.299232998000036 ], [ -123.11543641999998, 47.207980908000081 ], [ -123.081199906999984, 47.090058389000035 ], [ -123.031348206999951, 47.100774106000074 ], [ -122.92314982399995, 47.047963825000068 ], [ -122.790048823999939, 47.125859798000079 ], [ -122.72818671999994, 47.082441123000081 ], [ -122.700078987999973, 47.098325795000051 ], [ -122.591806783999971, 47.180060396000044 ], [ -122.530763597999965, 47.28745617800007 ], [ -122.546588125999961, 47.316275905000055 ], [ -122.424094003999983, 47.259472621000043 ], [ -122.392843578999987, 47.277722407000056 ], [ -122.441604493999989, 47.301124986000048 ], [ -122.420837082999981, 47.318844402000082 ], [ -122.325376276999975, 47.344323390000056 ], [ -122.319738702999985, 47.390114897000046 ], [ -122.392633720999982, 47.510242403000063 ], [ -122.382220384, 47.59540902100008 ], [ -122.414815174999944, 47.664179920000038 ], [ -122.394492294999964, 47.774176110000042 ], [ -122.302922282999987, 47.950214784000082 ], [ -122.230120874999955, 47.969113312000047 ], [ -122.216992021999943, 48.007439598000076 ], [ -122.368333015999951, 48.128141715000027 ], [ -122.402015588999973, 48.225216579000062 ], [ -122.462855080999987, 48.228363519000027 ], [ -122.454419103999953, 48.128492221000045 ], [ -122.361333098999978, 48.060097420000034 ], [ -122.514511219999974, 48.133973710000078 ], [ -122.542074077, 48.210460509000029 ], [ -122.509130696999989, 48.253792879000059 ], [ -122.404404789999944, 48.246594604000052 ], [ -122.378320005999967, 48.28972110400008 ], [ -122.564366287999974, 48.414246515000059 ], [ -122.667031895999969, 48.412895103000039 ], [ -122.699413823999976, 48.494328203000066 ], [ -122.608178310999961, 48.518824106000068 ], [ -122.523227922999979, 48.458403086000033 ], [ -122.473833185999979, 48.462195505000068 ], [ -122.505299787999945, 48.559444793000068 ], [ -122.429544979999946, 48.599397312000065 ], [ -122.487798207999958, 48.638570024000046 ], [ -122.526558300999966, 48.711724684000046 ], [ -122.516853487999981, 48.757921299000031 ], [ -122.697403982999958, 48.803015006000066 ], [ -122.754241975999946, 48.909988586000054 ], [ -122.822421323999947, 48.95072521000003 ], [ -122.743940016999943, 48.955808119000039 ], [ -122.765119010999967, 48.999746285000072 ], [ -120.857059522999975, 48.999830622000047 ], [ -118.843602799999985, 48.999898485000074 ], [ -118.200354684, 48.999908794000078 ], [ -117.438580375999948, 48.999918481000066 ], [ -117.032049522999955, 48.99993127700003 ], [ -116.063531303, 48.999950496000054 ], [ -114.729325311999958, 48.999970182000027 ], [ -114.063463488999957, 48.999977486000034 ], [ -112.188387425999963, 48.999991888000068 ], [ -111.282679375999976, 49.00001162500007 ], [ -110.750797305, 49.000005409000039 ], [ -109.500736976999974, 49.000004994000051 ], [ -108.250674888, 49.000009605000059 ], [ -107.188120783999977, 49.000017116000038 ], [ -106.125579579999965, 49.000021209000067 ], [ -105.06303448999995, 49.000021313000047 ], [ -104.062991077, 49.000026700000035 ], [ -102.937958813999956, 49.000026182000056 ] ] ], [ [ [ -177.948676896999984, 51.917728890000035 ], [ -177.836720907999961, 51.830775809000045 ], [ -177.621987775999969, 51.850798019000081 ], [ -177.799758206999968, 51.787448206000079 ], [ -177.910314813999975, 51.590475312000081 ], [ -178.103365104999966, 51.663259004000054 ], [ -177.957790987999971, 51.763271209000038 ], [ -178.217598399999986, 51.875220308000053 ], [ -177.948676896999984, 51.917728890000035 ] ] ], [ [ [ -176.428853198999974, 51.83500379600008 ], [ -176.432198184999976, 51.728891614000077 ], [ -176.509137077999981, 51.751944618000039 ], [ -176.800545315999983, 51.602761625000028 ], [ -176.828880105999986, 51.712757090000082 ], [ -176.941084080999985, 51.583032575000061 ], [ -176.974723188999974, 51.656359897000073 ], [ -176.81802197899998, 51.768591484000069 ], [ -176.907750305999969, 51.804981594000026 ], [ -176.704950908999962, 51.781948896000074 ], [ -176.781650000999974, 51.823328409000055 ], [ -176.70303628299996, 51.851394024000058 ], [ -176.774177318999961, 51.943883610000057 ], [ -176.558365524999971, 51.982221811000045 ], [ -176.548588185999961, 51.908606924000026 ], [ -176.644714621999981, 51.855837412000028 ], [ -176.428853198999974, 51.83500379600008 ] ] ], [ [ [ -174.196532075999983, 52.221775811000043 ], [ -174.100971390999973, 52.102619320000031 ], [ -174.434361674999963, 52.105941202000054 ], [ -174.377077803999981, 52.096764997000037 ], [ -174.416045320999984, 52.03621337900006 ], [ -174.523536008999969, 52.089266414000065 ], [ -174.487641715999985, 52.033707618000051 ], [ -174.704053607999981, 52.04953168000003 ], [ -174.722148500999964, 52.000921411000036 ], [ -175.338269585999967, 52.012840899000082 ], [ -175.024350679999969, 52.020635076000076 ], [ -174.906888905999978, 52.110373297000081 ], [ -174.579630614999985, 52.099541693000049 ], [ -174.499368284999974, 52.139273112000069 ], [ -174.551313489999984, 52.175665191000064 ], [ -174.234620010999976, 52.241787608000038 ], [ -174.448532876999963, 52.311775798000042 ], [ -174.161329624999979, 52.417346525000028 ], [ -173.991825512999981, 52.320126091000077 ], [ -174.06545661399997, 52.222336124000037 ], [ -174.196532075999983, 52.221775811000043 ] ] ], [ [ [ -167.850843402999971, 53.379919610000059 ], [ -168.28753150999998, 53.235186998000074 ], [ -168.472312012999964, 53.045981395000069 ], [ -169.109577383999977, 52.81812319200003 ], [ -168.882379215999975, 52.937323924000054 ], [ -168.770404111999966, 53.066801801000054 ], [ -168.795959095999962, 53.146525575000055 ], [ -168.623432321999985, 53.27129420600005 ], [ -168.360903487999963, 53.258800004000079 ], [ -168.430644987999983, 53.332140382000034 ], [ -168.35393931599998, 53.474648580000064 ], [ -168.007523476999978, 53.56271197600006 ], [ -167.797253004999959, 53.494653901000049 ], [ -167.850843402999971, 53.379919610000059 ] ] ], [ [ [ -166.091950899999972, 53.838582111000051 ], [ -166.221353609999966, 53.703867001000049 ], [ -166.295237100999969, 53.792202006000082 ], [ -166.091950899999972, 53.838582111000051 ] ] ], [ [ [ -166.639401224999972, 53.918010292000076 ], [ -166.601616809999967, 53.827471388000049 ], [ -166.458043208999982, 53.884399520000045 ], [ -166.375514297999985, 54.001343306000081 ], [ -166.370790079999978, 53.944119890000081 ], [ -166.266410379999968, 53.973286911000059 ], [ -166.26640778999996, 53.90801480600004 ], [ -166.216945188999972, 53.927461783000069 ], [ -166.539118187999975, 53.781906212000081 ], [ -166.49020061799996, 53.771631088000049 ], [ -166.572714299999973, 53.709421896000038 ], [ -166.485803024999967, 53.68886279000003 ], [ -166.41717608999997, 53.75553598700003 ], [ -166.373841182999968, 53.71442290300007 ], [ -166.333594520999981, 53.778019510000036 ], [ -166.279117495999969, 53.677749891000076 ], [ -166.540213687999966, 53.626911116000031 ], [ -166.592699987999964, 53.534416506000071 ], [ -166.665820611999976, 53.592468113000052 ], [ -166.645219388999976, 53.52274189600007 ], [ -166.711319011999962, 53.546354488000077 ], [ -166.66770809199997, 53.481076425000026 ], [ -166.791059519999976, 53.562741919000075 ], [ -166.754708883999967, 53.445520774000045 ], [ -166.887459687999979, 53.476622624000072 ], [ -167.143565700999972, 53.415782096000044 ], [ -167.500758800999961, 53.255752476000055 ], [ -167.666947506999975, 53.236581977000071 ], [ -167.844705193999971, 53.303251703000058 ], [ -167.693324206999961, 53.383829675000072 ], [ -167.485228105999965, 53.371603300000061 ], [ -167.478546885999975, 53.43466679200003 ], [ -167.326071797999958, 53.404658318000031 ], [ -167.304952222999958, 53.469386222000082 ], [ -167.16273221199998, 53.465231020000033 ], [ -167.184096507999982, 53.518838617000029 ], [ -166.964120600999962, 53.525229215000081 ], [ -167.161883194999973, 53.592458322000027 ], [ -166.997963920999979, 53.614678887000082 ], [ -167.06553690299998, 53.66496537900008 ], [ -167.031906185999986, 53.70107782000008 ], [ -166.90245022299996, 53.707192199000076 ], [ -166.803267711999979, 53.624688101000061 ], [ -166.827438595999979, 53.699685794000061 ], [ -166.708269411999964, 53.716631206000045 ], [ -167.031908983999983, 53.750801305000039 ], [ -167.162751378999985, 53.852751500000068 ], [ -166.752504984999973, 54.008299500000078 ], [ -166.592989002999985, 53.965233300000079 ], [ -166.639401224999972, 53.918010292000076 ] ] ], [ [ [ -163.53199632099998, 55.045514591000028 ], [ -163.361972924999975, 54.775495619000083 ], [ -163.147018590999977, 54.765215781000052 ], [ -163.050602984999983, 54.667442494000056 ], [ -163.370852914999972, 54.753553500000066 ], [ -163.438385385999965, 54.657438409000065 ], [ -163.601959075999986, 54.609935193000069 ], [ -164.178091380999973, 54.603271017000054 ], [ -164.388378014999972, 54.441868695000039 ], [ -164.647263107999976, 54.389930586000048 ], [ -164.85530771599997, 54.424365819000059 ], [ -164.953642091999967, 54.586309598000071 ], [ -164.706139278999984, 54.667431615000055 ], [ -164.490015209999967, 54.915506604000029 ], [ -164.221436907999959, 54.886623002000078 ], [ -164.137822804999985, 54.964953300000047 ], [ -163.770614274999986, 55.05522370400007 ], [ -163.53199632099998, 55.045514591000028 ] ] ], [ [ [ -133.103853203999961, 55.245203 ], [ -132.957493115999966, 55.061865500000067 ], [ -133.08135818, 55.085473999000044 ], [ -132.756667814999957, 54.82187411700005 ], [ -132.71666141999998, 54.764654017000055 ], [ -132.758897098999967, 54.739370693000069 ], [ -132.670272405999981, 54.663809891000028 ], [ -132.84193197999997, 54.689088087000073 ], [ -132.95527667999994, 54.791875383000047 ], [ -132.906935377999957, 54.836308795000036 ], [ -133.150270399999954, 54.943797411000048 ], [ -133.215270792999945, 55.094636321000053 ], [ -133.118282182999963, 55.10158541800007 ], [ -133.215824474999977, 55.169637225000031 ], [ -133.103853203999961, 55.245203 ] ] ], [ [ [ -131.375005696999949, 55.196595321000075 ], [ -131.356660021999971, 55.035215896000068 ], [ -131.476956823999956, 55.000493876000064 ], [ -131.537505179, 55.090761016000044 ], [ -131.521695880999971, 55.032711223000035 ], [ -131.599727475999941, 54.994930588000045 ], [ -131.594176724999954, 55.106316007000032 ], [ -131.518646280999974, 55.128258489000075 ], [ -131.585300724999968, 55.251591785000073 ], [ -131.468907512999976, 55.235479693000059 ], [ -131.375005696999949, 55.196595321000075 ] ] ], [ [ [ -131.761689023999963, 55.247423425000079 ], [ -131.726683479999963, 55.134374318000027 ], [ -131.824461221999968, 55.211314196000046 ], [ -131.866945818999966, 55.367968524000048 ], [ -131.82114047999994, 55.41241001700007 ], [ -131.618321810999987, 55.283261407000055 ], [ -131.761689023999963, 55.247423425000079 ] ] ], [ [ [ -131.233359103999987, 55.953515487000061 ], [ -130.936975190999988, 55.641875803000062 ], [ -130.968096001999982, 55.391042612000035 ], [ -131.028368498999953, 55.40548407700004 ], [ -131.049755485999981, 55.267157811000061 ], [ -131.144480104999957, 55.196600916000079 ], [ -131.308357987999955, 55.234650984000041 ], [ -131.217511211999977, 55.305209225000056 ], [ -131.227524518999985, 55.405755893000048 ], [ -131.294748807999952, 55.273537789000045 ], [ -131.460852812999974, 55.281034300000044 ], [ -131.271713778999981, 55.437148778000051 ], [ -131.350571286, 55.64464239800003 ], [ -131.33445618899998, 55.419645695000042 ], [ -131.463631581999948, 55.327703005000046 ], [ -131.445019479, 55.528250481000043 ], [ -131.52170758799997, 55.47602770900005 ], [ -131.46833227999997, 55.355481419000057 ], [ -131.523626719999982, 55.292706475000045 ], [ -131.606390977999979, 55.319645975000071 ], [ -131.825290293999956, 55.454910518000077 ], [ -131.64502508399994, 55.54491480400003 ], [ -131.616399414999989, 55.597128096000063 ], [ -131.705845875999955, 55.619351096000059 ], [ -131.693639807999944, 55.676296117000049 ], [ -131.514751911999952, 55.726018100000033 ], [ -131.71112771199995, 55.731844915000067 ], [ -131.482526483999948, 55.786853707000034 ], [ -131.685586818, 55.832962203000079 ], [ -131.43669000999995, 55.839907675000063 ], [ -131.573925075999966, 55.90601341100006 ], [ -131.233359103999987, 55.953515487000061 ] ] ], [ [ [ -133.287273123999967, 56.128519376000042 ], [ -133.319218187999979, 55.993515977000072 ], [ -133.478932580999981, 56.022388181000053 ], [ -133.620043520999957, 55.919061812000052 ], [ -133.791729100999987, 55.92072612100003 ], [ -133.681447780999974, 56.066010808000044 ], [ -133.486714116999963, 56.085735922000026 ], [ -133.619502219999958, 56.13045259900008 ], [ -133.287273123999967, 56.128519376000042 ] ] ], [ [ [ -132.396698898999944, 56.22157300300006 ], [ -132.480018702999985, 56.189628301000027 ], [ -132.351103314999989, 56.216301890000068 ], [ -132.108892699999956, 56.115478019000079 ], [ -132.201656586999945, 56.085199024000076 ], [ -132.12946138999996, 55.927985524000064 ], [ -132.181674214999987, 55.96575792200008 ], [ -132.340003315, 55.913519091000069 ], [ -132.427256495999984, 55.95573829500006 ], [ -132.381659616999968, 56.026022908000073 ], [ -132.636704216999988, 56.048801817000026 ], [ -132.697527908999973, 56.107412286000056 ], [ -132.696154221999961, 56.221857407000073 ], [ -132.605023819, 56.23102050600005 ], [ -132.517527676999975, 56.338249117000032 ], [ -132.391971884999975, 56.335755892000066 ], [ -132.396698898999944, 56.22157300300006 ] ] ], [ [ [ -133.325614692999977, 56.326029218000031 ], [ -133.315357492999965, 56.268800777000081 ], [ -133.190048804999947, 56.329923586000064 ], [ -133.062263625999947, 56.241581692000068 ], [ -133.025609521999968, 56.176302385000042 ], [ -133.139777180999943, 56.116579891000072 ], [ -133.079775877999964, 56.052130797000075 ], [ -132.727249595999979, 55.989626218000069 ], [ -132.494455193999954, 55.813788803000079 ], [ -132.437501522, 55.622951425000053 ], [ -132.381658787999982, 55.669074582000064 ], [ -132.29251501799996, 55.536297202000071 ], [ -132.14584628199998, 55.480185191000032 ], [ -132.170838622999952, 55.44629571300004 ], [ -132.541678978999983, 55.622674377000067 ], [ -132.564164988999948, 55.567405476000033 ], [ -132.511407599999984, 55.544348586000069 ], [ -132.679719286999955, 55.452418588000057 ], [ -132.473629814999981, 55.495631083000035 ], [ -132.261689698999987, 55.442129322000028 ], [ -132.470277523, 55.38435978800004 ], [ -132.254761114999951, 55.409910576000073 ], [ -132.15502668299996, 55.362968812000076 ], [ -132.086939494999967, 55.262141522000036 ], [ -132.241114687999982, 55.254356825000059 ], [ -132.240834013999972, 55.192690696000057 ], [ -132.089163700999961, 55.20074777800005 ], [ -132.012233717999948, 55.27241198400003 ], [ -131.970272186999978, 55.226026803000082 ], [ -131.998898477999944, 55.100476086000072 ], [ -132.096661714, 55.103253923000068 ], [ -132.074439490999964, 55.03881472300003 ], [ -132.22024258099998, 54.992150317000039 ], [ -131.96471330199995, 55.025479275000066 ], [ -132.012495017999981, 54.96770280000004 ], [ -131.973584381999956, 54.894650815000034 ], [ -132.053591784, 54.889647011000079 ], [ -131.951107282999942, 54.787988422000069 ], [ -132.008080899, 54.77937408300005 ], [ -132.005588191999948, 54.690206588000081 ], [ -132.290567082999985, 54.714374105000047 ], [ -132.216372974999956, 54.793543783000075 ], [ -132.354993488, 54.799096192000036 ], [ -132.267215012999941, 54.839090775000045 ], [ -132.389725712999962, 54.923820582000076 ], [ -132.380539094999961, 55.016042703000039 ], [ -132.468890211999963, 54.902143907000038 ], [ -132.454455014999951, 54.984920701000078 ], [ -132.53224479, 54.932423109000069 ], [ -132.599167423999972, 54.968249488000026 ], [ -132.533892520999984, 55.015755812000066 ], [ -132.574447884, 55.036865907000049 ], [ -132.460284576, 55.04325992400004 ], [ -132.558333977999951, 55.121579809000082 ], [ -132.616375793999964, 55.061027777000049 ], [ -132.561385804999986, 55.165189174000034 ], [ -132.643042077999951, 55.249923488000036 ], [ -132.610819395999954, 55.167700479000075 ], [ -132.668314523999982, 55.137695424000071 ], [ -132.780003720999957, 55.182145621000075 ], [ -132.805813477999948, 55.267699112000059 ], [ -133.004455394, 55.202707007000072 ], [ -132.90221540899995, 55.279366107000044 ], [ -133.224168498999973, 55.282706224000037 ], [ -133.26223721599996, 55.338542897000082 ], [ -133.195557905999976, 55.384384706000048 ], [ -132.849146884, 55.35130969100004 ], [ -132.996925004, 55.375482389000069 ], [ -133.066673185999946, 55.426876814000082 ], [ -132.978863007999962, 55.447141311000053 ], [ -133.129162378, 55.489098076000062 ], [ -133.070291489999988, 55.573818712000048 ], [ -132.91001289999997, 55.627679321000073 ], [ -133.255343807999964, 55.573267207000072 ], [ -133.354775289999964, 55.609642294000082 ], [ -133.376151605999951, 55.722683526000083 ], [ -133.237541919999956, 55.746580522000045 ], [ -133.138127117999943, 55.886024512000063 ], [ -133.243074694999962, 55.904077390000054 ], [ -133.260081494999952, 56.152133522000042 ], [ -133.618961593, 56.207130814000038 ], [ -133.634501923999949, 56.27629298800008 ], [ -133.567024520999951, 56.29658188500008 ], [ -133.612287316999982, 56.347965483000053 ], [ -133.325614692999977, 56.326029218000031 ] ] ], [ [ [ -132.678911090999975, 56.265194284000074 ], [ -132.846704582999962, 56.231302475000064 ], [ -133.058116297999959, 56.34186602300008 ], [ -132.941995522999946, 56.447423177000076 ], [ -132.704770579999945, 56.455755909000061 ], [ -132.615862518999961, 56.396036990000027 ], [ -132.678911090999975, 56.265194284000074 ] ] ], [ [ [ -131.923350211999946, 56.196861388000059 ], [ -132.057810289999964, 56.111031316000037 ], [ -132.303891806999957, 56.231852220000064 ], [ -132.351410201999954, 56.277973304000056 ], [ -132.3378047, 56.479647880000073 ], [ -132.162510812, 56.352710526000067 ], [ -132.005320520999987, 56.336315117000026 ], [ -131.923350211999946, 56.196861388000059 ] ] ], [ [ [ -132.720307595999941, 56.511040610000066 ], [ -132.774784982999961, 56.494370226000058 ], [ -132.941722514999981, 56.509374903000037 ], [ -132.95810761599995, 56.593803987000058 ], [ -132.883371118999946, 56.636586094000052 ], [ -132.965622982999946, 56.796038409000062 ], [ -132.803653301999987, 56.786040696000043 ], [ -132.532549708999966, 56.577433496000026 ], [ -132.751711775, 56.552429188000076 ], [ -132.720307595999941, 56.511040610000066 ] ] ], [ [ [ -133.995314779999944, 56.874097617000075 ], [ -133.927565923999964, 56.801593408000031 ], [ -133.924249117999977, 56.714651777000029 ], [ -134.026461077999954, 56.646868988000051 ], [ -133.863944605999961, 56.723258603000033 ], [ -133.870588679999969, 56.807987322000031 ], [ -133.719508623999957, 56.766324286000042 ], [ -133.777598978999947, 56.684087497000064 ], [ -133.69314368299996, 56.599361317000046 ], [ -133.740357520999964, 56.560190211000076 ], [ -133.922319520999963, 56.613806096000076 ], [ -133.845364723999978, 56.57158150500004 ], [ -133.919269920999966, 56.500746112000058 ], [ -133.82733168599998, 56.435458309000069 ], [ -133.911217915999941, 56.424904324000067 ], [ -133.855639692999944, 56.278789011000072 ], [ -133.975081312999976, 56.355728577000036 ], [ -133.985913900999947, 56.26850741100003 ], [ -133.889538080999955, 56.222946121000064 ], [ -133.949532596999973, 56.199338088000047 ], [ -133.965053502999979, 56.081284608000033 ], [ -134.037872885999946, 56.105169792000027 ], [ -134.054234415, 56.312115585000072 ], [ -134.100896592999959, 56.174329481000029 ], [ -134.187285992999989, 56.17627389300003 ], [ -134.098392281999963, 56.134052824000037 ], [ -134.108386679999967, 55.998774708000042 ], [ -134.222558793999951, 56.066277910000053 ], [ -134.193968921999954, 56.155437324000047 ], [ -134.266469815, 56.255722122000066 ], [ -134.161737691999974, 56.307116392000069 ], [ -134.282858177999969, 56.291003419000049 ], [ -134.282583512999963, 56.355728681000073 ], [ -134.181166122999969, 56.436284894000039 ], [ -134.162003808999941, 56.366835726000033 ], [ -134.109756015999949, 56.404893978000075 ], [ -134.051178597999979, 56.359060924000062 ], [ -134.030355601999986, 56.477961400000027 ], [ -134.07005759599997, 56.554911120000043 ], [ -134.136176076999959, 56.486574909000069 ], [ -134.308129016999942, 56.559914199000048 ], [ -134.087853578999955, 56.641588914000067 ], [ -134.253133122999941, 56.612416712000027 ], [ -134.219225514999948, 56.689365707000036 ], [ -134.31923772, 56.657142921000059 ], [ -134.395078419999948, 56.72102740400004 ], [ -134.401488702999984, 56.852434514000038 ], [ -134.275073014999975, 56.795206177000068 ], [ -134.323113024999941, 56.89354402400005 ], [ -134.108653988999947, 56.84271250200004 ], [ -134.265369495999948, 56.936598103000051 ], [ -133.995314779999944, 56.874097617000075 ] ] ], [ [ [ -133.327012417, 56.996599976000027 ], [ -133.263967211999955, 56.921597776000056 ], [ -133.295335903999955, 57.00354322000004 ], [ -133.053390423, 56.977146989000062 ], [ -132.929514323999967, 56.859932786000059 ], [ -132.991442219999954, 56.806865609000056 ], [ -132.933113513999956, 56.629636686000026 ], [ -133.023660187999951, 56.601587699000049 ], [ -133.353662590999988, 56.838261603000035 ], [ -133.30730792199995, 56.731036876000076 ], [ -133.213402221999957, 56.708545375000028 ], [ -133.240900582999984, 56.631319022000071 ], [ -133.099228190999952, 56.615486205000082 ], [ -133.168691501999945, 56.60187661100008 ], [ -133.083664807, 56.523534812000037 ], [ -133.165638017, 56.453257400000041 ], [ -133.430916401, 56.501584819000072 ], [ -133.420628584999974, 56.454357304000041 ], [ -133.577317517999973, 56.43324182200007 ], [ -133.649284413999965, 56.443242695000038 ], [ -133.646785697999974, 56.563249187000054 ], [ -133.691770823999946, 56.568803875000071 ], [ -133.636774877999983, 56.593523675000029 ], [ -133.708694373999947, 56.677425394000068 ], [ -133.674524585999961, 56.858821901000056 ], [ -133.758142003999978, 56.803267093000045 ], [ -133.892286801999944, 56.896605125000065 ], [ -133.737848703999987, 56.892713398000069 ], [ -134.019794675999947, 57.014380002000053 ], [ -133.874778020999941, 57.085768508000058 ], [ -133.327012417, 56.996599976000027 ] ] ], [ [ [ -135.702071696999951, 57.316583477000052 ], [ -135.557617893999975, 57.228802102000031 ], [ -135.626468104999958, 57.231304807000072 ], [ -135.547885986999972, 57.129074975000037 ], [ -135.630940087999988, 57.004082292000078 ], [ -135.839567387999978, 56.987685122000073 ], [ -135.82594131899998, 57.082967411000027 ], [ -135.710673704999977, 57.161018123000076 ], [ -135.819830981999985, 57.172400610000068 ], [ -135.848737790999962, 57.316294981000055 ], [ -135.702071696999951, 57.316583477000052 ] ] ], [ [ [ -135.282362983999974, 57.503535708000072 ], [ -135.399577289999968, 57.438531792000049 ], [ -135.167614187999959, 57.478254612000057 ], [ -135.202063977999956, 57.424366807000069 ], [ -135.003993200999957, 57.399378299000034 ], [ -134.907612976999985, 57.329381095000031 ], [ -135.00090759699998, 57.342424213000072 ], [ -134.947866113999964, 57.320491212000036 ], [ -134.985066698999958, 57.294373998000083 ], [ -134.836198, 57.247709904000033 ], [ -134.618144385999983, 56.720752997000034 ], [ -134.655390090999958, 56.162661916000047 ], [ -135.048431482999945, 56.52794100400007 ], [ -134.849536194, 56.685155903000066 ], [ -134.967305994999947, 56.624313406000056 ], [ -134.938986694999983, 56.709594615000071 ], [ -134.98232517699995, 56.716537392000077 ], [ -135.117028475999973, 56.598211319000029 ], [ -135.124259801, 56.664318920000028 ], [ -134.993985696999971, 56.755990001000043 ], [ -135.190087711999979, 56.674606477000054 ], [ -135.121759012999973, 56.827108400000043 ], [ -135.26705261099994, 56.782950378000066 ], [ -135.37063530599994, 56.832679976000065 ], [ -135.290095099999974, 56.891565110000045 ], [ -135.353146676999984, 56.965737875000059 ], [ -135.166222109999978, 57.034359318000043 ], [ -135.366754303, 57.07991491000007 ], [ -135.368705294999984, 57.137685687000044 ], [ -135.265950013999941, 57.16352119000004 ], [ -135.407892201999971, 57.149359883000045 ], [ -135.339528224, 57.247975192000069 ], [ -135.533996287999969, 57.22935899600003 ], [ -135.674301674999981, 57.346028324000031 ], [ -135.471227819999967, 57.350480726000058 ], [ -135.608993617999943, 57.391586920000066 ], [ -135.526763718999973, 57.435506385000053 ], [ -135.51598019, 57.506866915000046 ], [ -135.314560385999982, 57.532420604000038 ], [ -135.282362983999974, 57.503535708000072 ] ] ], [ [ [ -152.819162417999962, 57.916207775000032 ], [ -152.913904182999971, 57.828699977000042 ], [ -152.878595119999972, 57.726185792000081 ], [ -152.85386988099998, 57.834809693000068 ], [ -152.622462582999958, 57.855644915000028 ], [ -152.621331597999983, 57.92787192000003 ], [ -152.328554800999967, 57.813406285000042 ], [ -152.553036985999967, 57.697841108000034 ], [ -152.448292481999971, 57.721731007000074 ], [ -152.49050567599997, 57.647840989000031 ], [ -152.400805582999965, 57.685060896000039 ], [ -152.437464193999972, 57.603944525000031 ], [ -152.153561790999959, 57.603663592000032 ], [ -152.347467677999958, 57.423372480000069 ], [ -152.958891018999964, 57.520057312000063 ], [ -152.912502677999981, 57.483102796000082 ], [ -153.045573111999971, 57.430604220000077 ], [ -152.806662880999966, 57.467816409000079 ], [ -152.605271102999978, 57.379198295000037 ], [ -152.636131493999983, 57.316978017000054 ], [ -152.840561474999959, 57.268090182000037 ], [ -152.882211404999964, 57.346426023000049 ], [ -153.164205502999977, 57.347821521000071 ], [ -153.17531389399997, 57.299486280000053 ], [ -152.958362824999966, 57.253091618000042 ], [ -153.391170809999977, 57.206431512000051 ], [ -153.392819110999966, 57.157814975000065 ], [ -153.463926216999965, 57.110595904000036 ], [ -153.547004975999982, 57.170602025000051 ], [ -153.502258977999958, 57.063093879000064 ], [ -153.758996274999959, 57.045321312000056 ], [ -153.600323713999984, 57.04726458500005 ], [ -153.673398698999961, 57.008933119000062 ], [ -153.555612216999975, 56.977535986000078 ], [ -153.61170951699998, 56.933369778000042 ], [ -153.683134180999957, 56.968366204000063 ], [ -153.776739987999974, 56.889481603000036 ], [ -153.696434400999976, 56.86587041000007 ], [ -153.982008779999973, 56.737805022000032 ], [ -154.151738601999966, 56.745306299000049 ], [ -153.775661996999958, 56.989480702000037 ], [ -153.965662273999982, 56.988073186000065 ], [ -153.740073502999962, 57.130048787000078 ], [ -153.806771410999971, 57.150609811000038 ], [ -154.098691990999981, 56.962519289000056 ], [ -154.111749509999981, 57.043355711000061 ], [ -153.967058910999981, 57.115868416000069 ], [ -154.468707212999959, 57.126168924000069 ], [ -154.465931188999974, 57.064494713000045 ], [ -154.386759593999983, 57.044768978000036 ], [ -154.268951509999965, 57.116162714000041 ], [ -154.103417399999984, 57.115595616000064 ], [ -154.163438181999965, 56.956138586000066 ], [ -154.297029920999961, 56.90697919400003 ], [ -154.294251410999976, 56.86198028900003 ], [ -154.238681010999983, 56.881701310000039 ], [ -154.300080193999975, 56.848086809000051 ], [ -154.329502194999975, 56.92642767500007 ], [ -154.532311796999977, 56.989768888000071 ], [ -154.529534686999966, 57.147010518000059 ], [ -154.609528515999983, 57.259812415000056 ], [ -154.803445799999963, 57.285380091000036 ], [ -154.755970401999974, 57.300098603000038 ], [ -154.80927271799996, 57.338992092000069 ], [ -154.707047910999961, 57.334824094000055 ], [ -154.730113918999962, 57.42150489200003 ], [ -154.550658611999978, 57.543729582000083 ], [ -154.514834979999961, 57.514284321000048 ], [ -154.519284376999963, 57.577894191000041 ], [ -154.400933178999964, 57.563723092000032 ], [ -154.448969717999972, 57.579006475000028 ], [ -154.350634823999968, 57.644560291000062 ], [ -154.218708273999965, 57.667611897000029 ], [ -153.998396313999962, 57.63454719200007 ], [ -153.97868430699998, 57.563430192000055 ], [ -154.110069090999957, 57.537879507000071 ], [ -153.950638791999978, 57.541212475000066 ], [ -153.888450787999972, 57.404258292000065 ], [ -153.630341201999983, 57.268684478000068 ], [ -153.810354281999963, 57.39981158900008 ], [ -153.853680796999981, 57.566771915000061 ], [ -153.683969779999984, 57.543987618000074 ], [ -153.882578074999969, 57.642328107000083 ], [ -153.583414201999972, 57.611765692000063 ], [ -153.908972802999983, 57.707051400000068 ], [ -153.930628185999979, 57.810390979000033 ], [ -153.643955820999963, 57.889277911000079 ], [ -153.507884222999962, 57.625363320000076 ], [ -153.52841152299996, 57.715657087000068 ], [ -153.437007076999976, 57.699262093000073 ], [ -153.500326790999964, 57.767042809000031 ], [ -153.317541107999972, 57.725085526000044 ], [ -153.474187508999961, 57.841768323000053 ], [ -153.215286201999959, 57.787598911000032 ], [ -153.178085410999984, 57.703420092000044 ], [ -153.24195569799997, 57.895666074000076 ], [ -153.050572097999975, 57.830651694000039 ], [ -153.27807937999998, 58.004559616000051 ], [ -152.819162417999962, 57.916207775000032 ] ] ], [ [ [ -135.796830506, 58.277147498000033 ], [ -135.484289586999978, 58.155208094000045 ], [ -135.605691576999959, 58.043539306000071 ], [ -135.782393394, 58.045754706000082 ], [ -135.624033106999946, 58.009373609000079 ], [ -135.794325107999953, 57.981580587000053 ], [ -135.649597105999987, 57.944644100000062 ], [ -135.400975117999963, 58.139095483000062 ], [ -134.943165105, 58.03548849200007 ], [ -134.907636288999981, 57.928822524000054 ], [ -134.971782692999966, 57.884930723000082 ], [ -134.919014993999951, 57.839376012000059 ], [ -135.206500112999947, 57.94187398300005 ], [ -134.932075102999988, 57.806600011000057 ], [ -135.012335619999988, 57.776600291000079 ], [ -135.23621289, 57.779649322000068 ], [ -135.889331176999974, 57.988243105000038 ], [ -135.887790006999978, 57.987682378000045 ], [ -135.361765003999949, 57.796874320000029 ], [ -135.317878486999973, 57.754653925000071 ], [ -135.358714574999965, 57.720198126000071 ], [ -134.917057785999987, 57.752988425000069 ], [ -134.813441676999958, 57.481040115000042 ], [ -134.990080603999957, 57.450205677000042 ], [ -135.805980498, 57.762973498000065 ], [ -135.704866782999943, 57.673811597000054 ], [ -135.805428888999984, 57.639361496000049 ], [ -135.572351324999943, 57.588249611000037 ], [ -135.658474401999968, 57.55103172400004 ], [ -135.557639288999951, 57.538536382000075 ], [ -135.548754118999966, 57.459084320000045 ], [ -135.68983822499996, 57.362416221000046 ], [ -135.84178719099998, 57.387967682000067 ], [ -136.012363387999983, 57.511570826000082 ], [ -135.781246917999965, 57.435464320000051 ], [ -136.067643374999989, 57.595455708000031 ], [ -135.953475818999948, 57.616022896000061 ], [ -136.120412678999969, 57.616839276000064 ], [ -136.090418502999967, 57.682398013000068 ], [ -136.229613003999987, 57.783789501000058 ], [ -136.416300774999968, 57.82045381000006 ], [ -136.409571688999961, 57.833472890000053 ], [ -136.328220801999976, 57.99072089200007 ], [ -136.033200681999972, 57.842927179000071 ], [ -136.033109091999961, 57.842889103000061 ], [ -136.032681917, 57.842671682000059 ], [ -136.03307858, 57.842931013000054 ], [ -136.434065987, 58.107384521000029 ], [ -136.272389515999976, 58.104339583000069 ], [ -136.356820101999972, 58.212398976000031 ], [ -136.277403991999961, 58.218515583000055 ], [ -136.195972289999986, 58.080453777000059 ], [ -136.103473378999979, 58.056842583000048 ], [ -136.182119008999962, 58.177410683000062 ], [ -136.110984291999955, 58.218800298000076 ], [ -135.967636194999955, 58.159637909000082 ], [ -135.796830506, 58.277147498000033 ] ] ], [ [ [ -134.517615382999963, 58.337716678000049 ], [ -134.261496522999948, 58.194662516000051 ], [ -134.60981238, 58.237437889000034 ], [ -134.684859699999947, 58.302716003000057 ], [ -134.517615382999963, 58.337716678000049 ] ] ], [ [ [ -134.805685420999964, 58.323275421000062 ], [ -134.687603914999954, 58.162430820000054 ], [ -134.170914311, 58.159384017000036 ], [ -134.179548697999962, 58.083270621000054 ], [ -133.893703021999954, 57.796881417000066 ], [ -133.877550883999959, 57.672430191000046 ], [ -133.792284285, 57.597707111000034 ], [ -133.961997374999953, 57.684095424000077 ], [ -134.233686819999946, 58.026322493000066 ], [ -134.157877098999961, 57.994103799000072 ], [ -134.311482395999974, 58.091600193000033 ], [ -134.263442801, 58.027993017000028 ], [ -134.321764979999955, 58.028267009000047 ], [ -134.225353414999972, 57.974655319000078 ], [ -134.320085286, 57.987990819000061 ], [ -134.287579183999981, 57.826880515000028 ], [ -134.238687721999952, 57.858550189000027 ], [ -134.045344582999974, 57.683263814000043 ], [ -134.076167624, 57.644933384000069 ], [ -133.938402809999957, 57.620763794000027 ], [ -133.842001294999989, 57.460209296000073 ], [ -134.081447283999978, 57.50104890700004 ], [ -134.043696023, 57.474925684000027 ], [ -134.10006358399994, 57.463542420000067 ], [ -133.972832810999989, 57.443813214000045 ], [ -133.997003590999952, 57.407703001000073 ], [ -133.88365930599997, 57.415203708000035 ], [ -133.865044197999964, 57.35354312100003 ], [ -133.957575173999942, 57.299930603000064 ], [ -134.176451177999979, 57.384097506000046 ], [ -134.083949315999973, 57.254100501000039 ], [ -134.36199858699996, 57.079938585000036 ], [ -134.614235718999964, 57.009100291000038 ], [ -134.580636499999969, 57.148826301000042 ], [ -134.635937674, 57.215492712000071 ], [ -134.513711017, 57.21854438500003 ], [ -134.583416874999955, 57.27049347500008 ], [ -134.454232674999957, 57.312157496000054 ], [ -134.557602611, 57.391329091000046 ], [ -134.342838707999988, 57.327994301000047 ], [ -134.306461599999977, 57.38854819900007 ], [ -134.470349481999961, 57.39327417800007 ], [ -134.574269679999986, 57.489382119000027 ], [ -134.357859703999964, 57.546051024000064 ], [ -134.575094295999975, 57.505495403000054 ], [ -134.662594375999959, 57.607163784000079 ], [ -134.80540552399998, 58.043821379000065 ], [ -134.730117521999944, 58.181046394000077 ], [ -134.790697113999954, 58.104376416000036 ], [ -134.914301085999966, 58.204931683000041 ], [ -134.881769391999967, 58.25410428400005 ], [ -134.947080091999965, 58.281600677000029 ], [ -134.958465116999946, 58.407434916000057 ], [ -134.805685420999964, 58.323275421000062 ] ] ], [ [ [ -152.528560198999969, 58.412899414000037 ], [ -152.401326783999963, 58.315111415000047 ], [ -152.349651891999969, 58.420670900000061 ], [ -152.09321930599998, 58.359562285000038 ], [ -152.148252394999957, 58.231771511000034 ], [ -151.997120118999959, 58.346776790000035 ], [ -151.964615104999979, 58.280387893000068 ], [ -152.082424380999981, 58.15565371200006 ], [ -152.19382300999996, 58.173716900000045 ], [ -152.249365383999958, 58.266779489000044 ], [ -152.321883009999965, 58.240112583000041 ], [ -152.301314008999981, 58.186772502000053 ], [ -152.369647214999958, 58.196217415000035 ], [ -152.27659550499996, 58.127045916000043 ], [ -152.54496260099998, 58.084541893000051 ], [ -152.56162158799998, 58.207053784000038 ], [ -152.628558675999983, 58.077884814000072 ], [ -152.774714706999958, 58.071502402000078 ], [ -152.789154513999961, 57.991768317000037 ], [ -153.23358810299996, 58.168458324000028 ], [ -153.183316788999974, 58.215959416000032 ], [ -152.906919807999969, 58.164557997000031 ], [ -153.108024486999966, 58.263742219000051 ], [ -153.014976298999983, 58.302903379000043 ], [ -152.762196882999973, 58.257346181000059 ], [ -152.765246897999958, 58.360963378000065 ], [ -152.88664629699997, 58.406797105000066 ], [ -152.694132021999962, 58.421794012000078 ], [ -152.660222910999977, 58.476515292000045 ], [ -152.49910670099996, 58.462067508000075 ], [ -152.528560198999969, 58.412899414000037 ] ] ], [ [ [ -147.010989505999959, 60.341932907000057 ], [ -147.100356912999956, 60.270259687000078 ], [ -146.939832823999978, 60.285823019000077 ], [ -147.240862677999957, 60.128542588000073 ], [ -147.36759162499996, 60.026034309000067 ], [ -147.35401518599997, 59.974650815000075 ], [ -147.482390982999959, 59.945765297000037 ], [ -147.471865022999964, 59.867994275000058 ], [ -147.912320424999962, 59.79017839100004 ], [ -147.743099680999961, 59.893247398000028 ], [ -147.802841393999984, 59.920728612000062 ], [ -147.66951862199997, 59.969642193000027 ], [ -147.698932488999958, 59.998238075000074 ], [ -147.194998281999972, 60.244936319000033 ], [ -147.195544710999968, 60.352712706000034 ], [ -147.010989505999959, 60.341932907000057 ] ] ], [ [ [ -166.111439787999984, 60.409470196000029 ], [ -166.066483982999983, 60.327531280000073 ], [ -165.683703779999973, 60.293920975000049 ], [ -165.732830223999969, 60.165029676000074 ], [ -165.67505670099996, 60.096686575000035 ], [ -165.72785040499997, 60.065580788000034 ], [ -165.542848181999972, 59.978631489000065 ], [ -165.614468924999983, 59.90141238800004 ], [ -166.26781520199998, 59.843079122000063 ], [ -166.118919824999978, 59.810571621000065 ], [ -166.104757014999961, 59.757242523000059 ], [ -167.128929297999974, 59.996396286000049 ], [ -167.318112210999971, 60.070848792000049 ], [ -167.453133896999958, 60.206678777000036 ], [ -166.841435425999975, 60.203903893000074 ], [ -166.810311298999977, 60.279457702000059 ], [ -166.498123475999961, 60.378070990000083 ], [ -166.398665884999986, 60.340024395000057 ], [ -166.111439787999984, 60.409470196000029 ] ] ], [ [ [ -146.098975401999979, 60.392221678000055 ], [ -146.604255010999964, 60.237497725000082 ], [ -146.679533118999956, 60.287216185000034 ], [ -146.488146616999984, 60.366939079000076 ], [ -146.726197005999978, 60.374150305000057 ], [ -146.582871701999977, 60.481943684000044 ], [ -146.098975401999979, 60.392221678000055 ] ] ], [ [ [ -172.211808202999975, 60.316204897000034 ], [ -172.28264250899997, 60.301759703000073 ], [ -172.601782018999984, 60.323973690000059 ], [ -173.051029601999971, 60.493396884000049 ], [ -173.046850880999983, 60.537015212000028 ], [ -172.919346789999963, 60.602854416000071 ], [ -172.847102016999969, 60.483965285000068 ], [ -172.390441016999972, 60.392867882000075 ], [ -172.211808202999975, 60.316204897000034 ] ] ], [ [ [ -171.637259495999984, 63.69350221600007 ], [ -171.405583801999967, 63.642124213000045 ], [ -171.511699507999964, 63.644074117000059 ], [ -171.547252101999959, 63.613791392000053 ], [ -171.491400508999959, 63.595733903000053 ], [ -171.328094594999982, 63.632963497000048 ], [ -170.917238208999976, 63.57047487400007 ], [ -170.65441357399996, 63.676877108000042 ], [ -170.302739520999978, 63.693268321000062 ], [ -170.068799575999975, 63.594663424000032 ], [ -170.034399206999979, 63.53577202200006 ], [ -170.086003386999977, 63.484942520000061 ], [ -169.179314115999972, 63.298021475000041 ], [ -168.692896098999967, 63.302191597000046 ], [ -168.852590701999986, 63.154411923000055 ], [ -169.327933792999971, 63.182178681000039 ], [ -169.656273389999967, 62.943274303000067 ], [ -169.807940282999965, 63.124379205000082 ], [ -169.980209383999977, 63.141986880000047 ], [ -170.239896506999969, 63.281603221000069 ], [ -170.859425884999979, 63.461030915000038 ], [ -171.086945703999959, 63.431856020000055 ], [ -171.451643084999972, 63.313510417000032 ], [ -171.733920083999976, 63.369601810000063 ], [ -171.853626682999959, 63.507670196000049 ], [ -171.743067485999973, 63.666566705000037 ], [ -171.73923129299996, 63.788792224000076 ], [ -171.681458702999976, 63.792128093000031 ], [ -171.637259495999984, 63.69350221600007 ] ] ], [ [ [ -156.046516414999985, 71.209309398000073 ], [ -156.11288769899997, 71.171511202000033 ], [ -155.949285983999971, 71.219305920000068 ], [ -155.647916190999979, 71.185405305000074 ], [ -155.550403115999984, 71.117350804000068 ], [ -155.739227492999959, 70.999591105000036 ], [ -156.18590538899997, 70.917901419000032 ], [ -155.986163206999976, 70.89818972300003 ], [ -155.976983582999964, 70.755408621000072 ], [ -155.904779682999958, 70.766793594000035 ], [ -155.897862392999969, 70.827357697000082 ], [ -155.586701377999958, 70.83929609300003 ], [ -155.538683021999958, 70.935399321000034 ], [ -155.390649818999975, 71.003198583000028 ], [ -155.19617957899996, 70.989028002000055 ], [ -155.29065377699996, 71.08514402600008 ], [ -155.098416497999978, 71.084034487000054 ], [ -155.104806888999974, 71.148489694000034 ], [ -155.043155005999978, 71.130973298000072 ], [ -155.095626176999957, 71.016267602000084 ], [ -155.020061903999959, 71.018755802000044 ], [ -155.003416282999979, 71.116630314000076 ], [ -154.605861514999958, 71.014322102000051 ], [ -154.657816200999974, 70.91708918300003 ], [ -154.808937286999964, 70.877639993000059 ], [ -154.197785606999958, 70.775993681000045 ], [ -153.918350213999958, 70.888780607000058 ], [ -153.22583329699998, 70.928224099000033 ], [ -152.81358151699996, 70.886299919000066 ], [ -152.70467559399998, 70.810172691000048 ], [ -152.665255102999964, 70.856852223000033 ], [ -152.743570688999966, 70.881570883000052 ], [ -152.438566117999983, 70.869629223000061 ], [ -152.218820220999959, 70.810747612000057 ], [ -152.510768204999977, 70.693503415000066 ], [ -152.497116597999963, 70.643514123000045 ], [ -152.075734717999978, 70.580198708000069 ], [ -152.626007792999957, 70.552398018000076 ], [ -151.744024594999956, 70.55963799500006 ], [ -151.86901779599998, 70.512696801000061 ], [ -151.769616100999968, 70.498798399000066 ], [ -151.96928482499996, 70.443233594000048 ], [ -151.223434197999978, 70.370759121000049 ], [ -151.17594957999998, 70.375200799000083 ], [ -151.200682380999979, 70.434375621000072 ], [ -150.78317430499996, 70.501895296000043 ], [ -150.372026624999961, 70.485794497000029 ], [ -150.406769521999962, 70.409115091000047 ], [ -149.89121178299996, 70.514709699000036 ], [ -149.497860603999982, 70.522486625000056 ], [ -148.610273813999981, 70.398339591000081 ], [ -148.508050093999969, 70.311102521000066 ], [ -148.225819407999978, 70.358886878000078 ], [ -147.861627374999983, 70.30972961100008 ], [ -147.692718698999983, 70.208899575000032 ], [ -145.842334200999971, 70.170324889000028 ], [ -145.610610795999975, 70.064777992000074 ], [ -144.970585823999983, 69.968670982000049 ], [ -144.116960880999983, 70.064242286000081 ], [ -144.071935089999982, 69.98423820000005 ], [ -144.026684208999967, 70.046192101000031 ], [ -144.067797293999973, 70.078983903000051 ], [ -143.777962603, 70.099757581000063 ], [ -143.351374417999978, 70.108706522000034 ], [ -143.29722660799996, 70.041764980000039 ], [ -143.283349082999962, 70.118152885000029 ], [ -142.595503024999971, 70.004005896000081 ], [ -142.271869099999947, 69.848437796000042 ], [ -141.733781784999962, 69.775376487000074 ], [ -141.390999376999957, 69.64092661400008 ], [ -141.262940516999947, 69.634257310000066 ], [ -141.223482675999946, 69.672312920000081 ], [ -141.30850879999997, 69.690915181000037 ], [ -141.005660002999946, 69.642194207000045 ], [ -141.005660002999946, 69.642117900000073 ], [ -141.004723281999986, 68.427915085000052 ], [ -141.002434683999979, 65.84008962200005 ], [ -140.998912215999951, 61.89454141300007 ], [ -140.997384876999945, 60.306829195000034 ], [ -140.997156006999944, 60.306791119000081 ], [ -140.523190592, 60.221865079000054 ], [ -140.452638308999951, 60.309367178000059 ], [ -139.981175288999964, 60.187447511000073 ], [ -139.678416008999989, 60.340234305000081 ], [ -139.069786821999969, 60.351910676000045 ], [ -139.190603012, 60.088577378000082 ], [ -138.69199488199996, 59.906625998000038 ], [ -138.617535278, 59.773859187000028 ], [ -137.592648512999972, 59.23825297500008 ], [ -137.467432088999942, 58.905722120000064 ], [ -136.810786618999941, 59.164878199000043 ], [ -136.585774789999959, 59.162944199000037 ], [ -136.487641516999986, 59.265141395000057 ], [ -136.464644304999979, 59.289079420000064 ], [ -136.465487415999974, 59.469377422000036 ], [ -136.235738106999975, 59.525507980000043 ], [ -136.345727303999979, 59.602457078000043 ], [ -135.724887386999967, 59.74453027800007 ], [ -135.475440990999971, 59.801613097000029 ], [ -135.01629577999995, 59.567172880000044 ], [ -135.022939905999976, 59.470771780000064 ], [ -135.093498821999958, 59.426612307000028 ], [ -134.99098401599997, 59.389663386000052 ], [ -134.977219318999971, 59.348991310000031 ], [ -134.95374882599998, 59.279663518000064 ], [ -134.689857908999954, 59.243005788000062 ], [ -134.568204618999971, 59.130230311000048 ], [ -134.463191405999964, 59.126342418000036 ], [ -134.334593990999963, 58.965660792000051 ], [ -134.247322315999952, 58.856629504000068 ], [ -133.82869231899997, 58.725789492000047 ], [ -133.431726305999973, 58.458846592000043 ], [ -133.362842783999952, 58.280229476000045 ], [ -133.171048377999966, 58.156402488000083 ], [ -133.138683079999964, 58.135505204000083 ], [ -132.363616477, 57.342751200000066 ], [ -132.228348203999985, 57.204385408000064 ], [ -132.338641904999974, 57.087994890000061 ], [ -132.029189593999945, 57.036061392000079 ], [ -132.104748584, 56.866331311000067 ], [ -131.863077403999966, 56.799398886000063 ], [ -131.825838794999981, 56.596610005000059 ], [ -131.559475997, 56.601897695000048 ], [ -131.074614016999988, 56.404973808000079 ], [ -131.05670017999995, 56.397702697000057 ], [ -130.77615291799998, 56.365766076000057 ], [ -130.628905375999977, 56.25827212400003 ], [ -130.463651990999949, 56.234944403000043 ], [ -130.41589130899996, 56.128553981000039 ], [ -130.090297896999971, 56.117752113000051 ], [ -130.016778898999974, 55.90888760200005 ], [ -130.176414599999987, 55.75413650400003 ], [ -130.176414599999987, 55.754094594000037 ], [ -130.145588502999942, 55.541082808000056 ], [ -129.992235283999946, 55.281382320000034 ], [ -130.103073083999959, 55.227477108000073 ], [ -130.361386880999987, 54.907711805000076 ], [ -130.588607478999961, 54.793544820000079 ], [ -130.577500796999971, 54.857429509000042 ], [ -130.687783723, 54.76160348500008 ], [ -130.743025478, 54.966036212000063 ], [ -130.741094689999954, 54.818545190000066 ], [ -130.849153201999968, 54.767159520000064 ], [ -130.927769509999962, 54.809099500000059 ], [ -130.93806722, 54.962991222000028 ], [ -131.010309714999948, 55.003834511000036 ], [ -130.841133003999971, 55.102719512000078 ], [ -130.720280396999954, 55.076605407000045 ], [ -130.463362821999965, 55.327449217000037 ], [ -130.755593189999956, 55.092432214000041 ], [ -130.818097923999971, 55.142440001000068 ], [ -130.930300084999942, 55.087162604000071 ], [ -131.057806403999962, 55.122432192000076 ], [ -131.067513807999944, 55.191040996000027 ], [ -130.945569894999949, 55.279656209000052 ], [ -130.615584898999941, 55.295773378000035 ], [ -130.655869014999951, 55.345492978000038 ], [ -130.865859692999948, 55.308266699000058 ], [ -130.887538388999985, 55.704923909000058 ], [ -130.958644199, 55.77658998000004 ], [ -130.91781298099994, 55.811310913000057 ], [ -131.000575113999957, 55.798529820000056 ], [ -131.202812592999976, 55.973511277000057 ], [ -131.011992516999953, 56.10602388600006 ], [ -131.324207121999962, 55.964630407000072 ], [ -131.411424402999955, 56.005187219000049 ], [ -131.91724609, 55.857967288000054 ], [ -131.754190077999965, 55.807403800000031 ], [ -131.864722388999951, 55.724901723000073 ], [ -131.816961292999963, 55.669078519000038 ], [ -131.88110738499995, 55.59824022500004 ], [ -132.005590574999985, 55.661846209000032 ], [ -131.929477904999942, 55.59157190500008 ], [ -131.964175213999965, 55.498242317000063 ], [ -132.177525178, 55.589908581000032 ], [ -132.26779879299994, 55.755739787000039 ], [ -132.225653823999949, 55.738952221000034 ], [ -132.175024596999947, 55.718792887000063 ], [ -132.175848694999956, 55.79963821900003 ], [ -132.049477817999957, 55.805468194000071 ], [ -132.062816217999966, 55.936865306000072 ], [ -131.94584709999998, 55.968247313000063 ], [ -131.961956602999976, 56.16519192100003 ], [ -131.491961087, 56.220467816000053 ], [ -131.908639522999977, 56.228523603000042 ], [ -131.971963795999955, 56.356877384000029 ], [ -132.159184578999941, 56.376875504000054 ], [ -132.190860676999989, 56.460486291000052 ], [ -132.347785886999986, 56.527149387000065 ], [ -132.312511482, 56.637434489000043 ], [ -132.54948828199997, 56.627429989000063 ], [ -132.45668201999996, 56.671598113000073 ], [ -132.526143517999969, 56.714376024000046 ], [ -132.363909687999978, 56.819939498000053 ], [ -132.504506679999963, 56.750212090000048 ], [ -132.770601599999964, 56.843540382000072 ], [ -132.925060005999967, 56.97659750400004 ], [ -132.769781178999949, 56.962156195000034 ], [ -132.793096985999966, 57.08770587500004 ], [ -132.886179777999985, 57.016873486000065 ], [ -133.160081721999973, 57.079654595000079 ], [ -133.116164019, 57.14410042600008 ], [ -133.158950010999945, 57.164096422000057 ], [ -133.244768478999958, 57.172708689000046 ], [ -133.298114310999949, 57.096315913000069 ], [ -133.528137819, 57.170251001000054 ], [ -133.554796125999985, 57.178819182000041 ], [ -133.47365001999998, 57.279089683000052 ], [ -133.24421308899997, 57.274926191000077 ], [ -133.045312877999947, 57.36687199000005 ], [ -133.225868293999952, 57.312981698000044 ], [ -133.433945175999952, 57.346591278000062 ], [ -133.336704796999982, 57.434918512000081 ], [ -133.470866587999978, 57.437142304000076 ], [ -133.496983801999988, 57.537699592000081 ], [ -133.312833288999968, 57.589373810000041 ], [ -133.585339113999964, 57.567986875000031 ], [ -133.663955680999948, 57.632709806000037 ], [ -133.64341869499998, 57.704657017000045 ], [ -133.004774299999951, 57.509384022000063 ], [ -133.547011377, 57.765496303000077 ], [ -133.547015314999953, 57.910487987000067 ], [ -133.123080116999972, 57.85716857500006 ], [ -133.525942311, 57.916137891000062 ], [ -133.568958416999976, 57.922435604000043 ], [ -133.693104985, 57.787162721000072 ], [ -133.857575195999971, 57.953543982000042 ], [ -133.774534199999948, 57.991326377000064 ], [ -133.68285420899997, 57.937708419000046 ], [ -133.670892293999941, 58.013553989000059 ], [ -133.768155517999958, 58.055768012000044 ], [ -133.672571211, 58.147165879000056 ], [ -133.900088387999972, 57.976042994000068 ], [ -134.066201095999986, 58.085492497000075 ], [ -134.068157993999989, 58.276615315000072 ], [ -133.977853709999977, 58.317732078000063 ], [ -134.011765773999969, 58.397170309000046 ], [ -133.922590714999956, 58.49745609100006 ], [ -133.770910093999987, 58.518011675000082 ], [ -133.980913204999979, 58.493838719000053 ], [ -134.176469775999976, 58.196326825000028 ], [ -134.511786288999986, 58.35355617700003 ], [ -134.763203518999944, 58.381879414000082 ], [ -134.777641874999972, 58.490775494000047 ], [ -134.990691114999947, 58.669669295000062 ], [ -134.912621080999941, 58.656057887000031 ], [ -134.949036781999951, 58.814388698000073 ], [ -135.031254714999989, 58.736614101000043 ], [ -135.149071398, 58.840770993000035 ], [ -135.161777891999975, 58.974512186000027 ], [ -135.163500377, 58.992720218000045 ], [ -135.368222894999974, 59.273278515000072 ], [ -135.360411001999978, 59.343697507000059 ], [ -135.346556995999947, 59.468553323000037 ], [ -135.383161781999945, 59.358528900000067 ], [ -135.400999, 59.30494021100003 ], [ -135.554625018999957, 59.318001097000035 ], [ -135.357082075, 59.204942925000068 ], [ -135.306546404999949, 59.083276684000055 ], [ -135.414058902999955, 59.19688672400008 ], [ -135.552399776999948, 59.228546193000057 ], [ -135.378475692, 59.090781120000031 ], [ -135.391035011999975, 58.958838304000039 ], [ -135.164589193999973, 58.63632790500003 ], [ -135.223182618999942, 58.592160506000027 ], [ -135.093479498999955, 58.436320020000039 ], [ -135.087344501999951, 58.232710097000052 ], [ -135.34595451499996, 58.264661792000027 ], [ -135.482266120999952, 58.475298623000072 ], [ -135.482922322999968, 58.476320975000078 ], [ -135.474039897999944, 58.371879318000083 ], [ -135.636006211999984, 58.42188099100008 ], [ -135.917383686, 58.382704600000068 ], [ -135.874610282999981, 58.460200801000042 ], [ -135.948217812999985, 58.457421877000058 ], [ -135.845710206999968, 58.468807214000037 ], [ -135.890772624999954, 58.576586399000064 ], [ -135.822138798999958, 58.59936147500008 ], [ -136.07019829799998, 58.817389395000077 ], [ -135.771340275999989, 58.899898414000063 ], [ -135.965502905, 58.915995483000074 ], [ -136.044109887, 58.85405370400008 ], [ -136.036059021999961, 58.915991701000053 ], [ -136.164118296999959, 59.03320719900006 ], [ -136.137164292999955, 58.950147814000047 ], [ -136.226576613999953, 58.924317491000068 ], [ -136.11186330299995, 58.929040517000033 ], [ -136.097421579999946, 58.855997288000083 ], [ -136.223774377999973, 58.749055204000058 ], [ -136.385180016999982, 58.804050010000083 ], [ -136.267147412999975, 58.822108121000042 ], [ -136.484612274999961, 58.839042395000035 ], [ -136.490763123999955, 58.965157516000033 ], [ -136.582706385, 58.915433875000076 ], [ -136.708543990999942, 59.018489309000074 ], [ -136.610202, 58.907376378000038 ], [ -136.661318392999988, 58.89098640900005 ], [ -137.056011814999977, 59.063942017000045 ], [ -136.905778391999945, 58.926812321000057 ], [ -137.031879318, 58.912639824000053 ], [ -137.12743031399998, 58.821532423000065 ], [ -136.990190016999975, 58.894589795000059 ], [ -136.575464386999954, 58.838208816000076 ], [ -136.482958223999958, 58.792380684000079 ], [ -136.637414609999951, 58.821827498000061 ], [ -136.524357214999952, 58.699329284000044 ], [ -136.438229891, 58.664889492000043 ], [ -136.497113211999988, 58.749883810000028 ], [ -136.339328986999988, 58.683499316000052 ], [ -136.525718676999986, 58.611005624000029 ], [ -136.33349398699994, 58.594341974000031 ], [ -136.294072718999985, 58.662116992000051 ], [ -136.120431794999945, 58.553800599000056 ], [ -136.210725613999955, 58.512968811000064 ], [ -136.082680118999974, 58.511309320000066 ], [ -136.031004500999984, 58.382983721000073 ], [ -136.085142986999983, 58.337976423000043 ], [ -136.278233996999973, 58.309073810000029 ], [ -136.318242980999969, 58.399077682000041 ], [ -136.507118798999954, 58.441291498000055 ], [ -136.494888797999977, 58.384354507000069 ], [ -136.557976015999941, 58.37351290600003 ], [ -136.483236100999989, 58.333510604000082 ], [ -136.410746396999969, 58.374347884000031 ], [ -136.363780285999951, 58.298244020000027 ], [ -136.603238915999952, 58.356849515000079 ], [ -136.655491473999973, 58.338790005000078 ], [ -136.561587897999971, 58.25573201900005 ], [ -136.656043394999983, 58.214896915000054 ], [ -136.716046510999945, 58.251848788000075 ], [ -136.679360288999987, 58.298237907000043 ], [ -136.844938018, 58.317131513000049 ], [ -136.866886094, 58.38129848300008 ], [ -136.894688907999978, 58.340464675000078 ], [ -136.951883883, 58.395740621000073 ], [ -137.094416376999959, 58.381848384000079 ], [ -137.628327301999946, 58.598522612000068 ], [ -137.442485490999957, 58.659348584000043 ], [ -137.669452507999949, 58.622140384000033 ], [ -137.928513889999977, 58.796627579000074 ], [ -137.966817485999968, 58.904397180000046 ], [ -138.298147522999955, 59.076364212000044 ], [ -138.605070086999945, 59.116921698000056 ], [ -138.500061381999956, 59.119419896000068 ], [ -138.445338702999948, 59.191365605000044 ], [ -138.627559411, 59.139147599000069 ], [ -139.198087503999943, 59.314431592000062 ], [ -139.11502371499995, 59.306932595000035 ], [ -139.226984677999951, 59.377486588000068 ], [ -139.300314693999951, 59.343597214000056 ], [ -139.837483005999957, 59.533034588000078 ], [ -139.572510574999967, 59.609975916000053 ], [ -139.471418203999974, 59.707466922000037 ], [ -139.619467, 59.884965279000028 ], [ -139.487815685999976, 59.984691318000046 ], [ -139.294474513999944, 59.854688615000043 ], [ -139.341134878999981, 59.723850002000063 ], [ -139.263927277999983, 59.622460120000028 ], [ -139.342230482, 59.604694909000045 ], [ -139.287244120999958, 59.571081703000061 ], [ -139.226120275999961, 59.615799675000062 ], [ -139.280313517999957, 59.829966795000075 ], [ -138.894496197999956, 59.806340320000061 ], [ -139.233071704, 59.869128577000083 ], [ -139.515348911, 60.050525187000062 ], [ -139.589471580999941, 59.948572402000082 ], [ -139.836132680999981, 59.82301992500004 ], [ -140.405055987999958, 59.697711186000049 ], [ -141.001709322999943, 59.802316389000055 ], [ -141.450329093, 59.880969892000053 ], [ -141.260950982999987, 59.976542284000061 ], [ -141.281518895999966, 60.071268198000041 ], [ -141.392656795999983, 60.138200415000028 ], [ -141.479017910999971, 60.116251976000058 ], [ -141.386792889, 60.023759024000071 ], [ -141.717587582999954, 59.952061611000033 ], [ -142.719050789999983, 60.109490979000043 ], [ -143.888930896999966, 59.990012111000055 ], [ -144.148602321999959, 60.031653700000049 ], [ -144.003095601999973, 60.042517992000057 ], [ -144.252554276999973, 60.145010678000062 ], [ -144.189751617999974, 60.202513525000029 ], [ -144.576127124999971, 60.18526842600005 ], [ -144.700846178999967, 60.276921117000029 ], [ -144.93837831899998, 60.301119405000065 ], [ -144.796437685999962, 60.451669922000065 ], [ -144.788382986999977, 60.493062489000067 ], [ -144.884180984999972, 60.478063096000028 ], [ -144.763678779999964, 60.662798321000082 ], [ -144.613385781999966, 60.715027516000077 ], [ -144.760308408999975, 60.679081522000047 ], [ -144.826036182999957, 60.59291120000006 ], [ -145.225314677999961, 60.368344989000036 ], [ -145.351399803999982, 60.351658286000031 ], [ -145.655618092999958, 60.466943980000053 ], [ -145.942281288999965, 60.467498491000072 ], [ -145.627771401999979, 60.67138691200006 ], [ -145.87419720799997, 60.620545599000081 ], [ -145.806403385999971, 60.657217109000044 ], [ -145.873343011999964, 60.649714796000069 ], [ -145.849200619999976, 60.69610562400004 ], [ -145.99087332199997, 60.62860827600008 ], [ -145.925049710999957, 60.70584001800006 ], [ -146.255624289999957, 60.637775623000039 ], [ -146.018662873999972, 60.742800180000074 ], [ -146.042832980999975, 60.798085917000037 ], [ -146.268413101999982, 60.721949779000056 ], [ -146.304472183999962, 60.773338298000056 ], [ -146.487809424999966, 60.678053004000049 ], [ -146.655375392999957, 60.699170507000076 ], [ -146.688635191999964, 60.744585295000036 ], [ -146.091857474999983, 60.833693009000058 ], [ -146.233083989999983, 60.892234785000028 ], [ -146.365278521999983, 60.819998093000038 ], [ -146.625888688999964, 60.819174201000067 ], [ -146.618399118999974, 60.875834921000035 ], [ -146.756216876999957, 60.949184313000046 ], [ -146.585323017999968, 60.936952602000076 ], [ -146.704238205999957, 60.974732614000061 ], [ -146.662582318999966, 61.035578376000046 ], [ -146.563700373999978, 61.033353288000058 ], [ -146.645096797999969, 61.068074117000037 ], [ -146.245607719999981, 61.085026575000029 ], [ -146.302870609999957, 61.130300611000052 ], [ -146.587025505999975, 61.130854500000055 ], [ -146.964807913999977, 60.939726605000033 ], [ -147.032896190999963, 60.952776715000027 ], [ -146.987303506999979, 61.002780876000031 ], [ -147.099832189999972, 61.010832415000039 ], [ -147.159279190999968, 60.945279583000058 ], [ -147.202899900999967, 61.013607816000047 ], [ -147.274590681999968, 61.001388901000041 ], [ -147.253739400999962, 60.93084112400004 ], [ -147.36482580699996, 60.883910291000063 ], [ -147.452354482999965, 60.90196239200003 ], [ -147.380674890999984, 60.983631875000071 ], [ -147.45650911499996, 60.955026876000034 ], [ -147.43374621199996, 61.011414485000046 ], [ -147.546232312999962, 60.910297403000072 ], [ -147.481227981999979, 61.073639995000065 ], [ -147.548721599999965, 61.153904397000076 ], [ -147.597071397999969, 61.023084899000082 ], [ -147.669575398999967, 61.018358298000066 ], [ -147.61095949099996, 61.005035387000078 ], [ -147.600404625999971, 60.864474192000046 ], [ -147.731235104999968, 60.886980820000076 ], [ -147.716791776999969, 60.948910218000037 ], [ -147.810973177999983, 60.873353923000082 ], [ -147.75149908399996, 60.836980286000028 ], [ -147.867336905999963, 60.831966691000048 ], [ -148.054270279999969, 60.949135410000054 ], [ -147.701464410999961, 61.203623323000045 ], [ -147.762033901999956, 61.211950201000036 ], [ -147.727589395999956, 61.276950180000028 ], [ -148.058728120999973, 61.018028825000044 ], [ -148.152073922999961, 61.117492477000042 ], [ -148.40629240399997, 61.05387281700007 ], [ -148.358765978999969, 61.045265524000058 ], [ -148.419891223999969, 60.982475091000083 ], [ -148.150694588999983, 61.065818880000052 ], [ -148.246217921999971, 60.950524690000066 ], [ -148.333206280999974, 60.96386371300008 ], [ -148.276250277999964, 60.918019106000031 ], [ -148.314306923999965, 60.840783997000074 ], [ -148.39515888699998, 60.854122605000043 ], [ -148.342354821999976, 60.81328429000007 ], [ -148.701868794999967, 60.78914728500007 ], [ -148.449606382999974, 60.803564401000074 ], [ -148.633222484999976, 60.749678202000041 ], [ -148.643795482999963, 60.726381615000037 ], [ -148.670173114999983, 60.668284990000075 ], [ -148.656393810999958, 60.673203007000041 ], [ -148.37372952399997, 60.774110023000048 ], [ -148.423189896999958, 60.624645889000078 ], [ -148.232351275999974, 60.766890612000054 ], [ -148.199562322999981, 60.625481592000028 ], [ -148.334269713999959, 60.533807299000046 ], [ -148.489839108999973, 60.575759505000065 ], [ -148.655870381999961, 60.467503101000034 ], [ -148.686252674999963, 60.447700696000027 ], [ -148.662370700999958, 60.457223108000051 ], [ -148.453728481999974, 60.540477224000028 ], [ -148.248407419999978, 60.444066488000033 ], [ -148.23648140399996, 60.51464410300008 ], [ -148.182625095999981, 60.556882216000076 ], [ -148.169017210999982, 60.498272784000051 ], [ -148.096202799999958, 60.600791683000068 ], [ -147.939038409999966, 60.461680016000059 ], [ -148.086522075999966, 60.389425814000049 ], [ -148.182048413999979, 60.413824688000034 ], [ -148.138480801999975, 60.353290425000068 ], [ -148.252033909999966, 60.377114688000063 ], [ -148.215358410999983, 60.33796052100007 ], [ -148.315658076999966, 60.251265114000034 ], [ -148.391233020999977, 60.283497225000076 ], [ -148.360649884999958, 60.231263108000064 ], [ -148.437875720999983, 60.176564622000058 ], [ -148.213149485999963, 60.254899790000081 ], [ -148.26175690599996, 60.224037222000049 ], [ -148.181753700999963, 60.19629180700008 ], [ -148.207873089999964, 60.149612586000046 ], [ -148.112311213999959, 60.227426294000054 ], [ -148.20473060499998, 60.128593615000057 ], [ -148.32787279599998, 60.173773576000031 ], [ -148.44375180199998, 60.02659337800003 ], [ -148.432069782999974, 59.95216547900003 ], [ -148.543775402999984, 60.028562813000065 ], [ -148.545431992999966, 59.959693279000078 ], [ -148.584838807999972, 59.944318410000051 ], [ -148.645732694999964, 59.920555275000027 ], [ -149.072686304999962, 59.961110793000046 ], [ -149.118525523999978, 59.984438825000041 ], [ -149.039909008999956, 60.048050197000066 ], [ -149.109889583999973, 60.050544613000056 ], [ -149.27742488399997, 59.866935401000035 ], [ -149.297425801999964, 60.014987201000054 ], [ -149.419106288999984, 60.117762478000031 ], [ -149.392427208999976, 59.996924997000065 ], [ -149.630184904999965, 59.824155884000049 ], [ -149.527979005999981, 59.716106178000075 ], [ -149.632413824999958, 59.743052101000046 ], [ -149.649654675999983, 59.899704875000054 ], [ -149.725733880999968, 59.962479922000057 ], [ -149.761043980999972, 59.835258992000036 ], [ -149.865749113999982, 59.845531215000051 ], [ -149.766873696999966, 59.779430193000053 ], [ -149.745725680999982, 59.658044522000068 ], [ -150.036312099999975, 59.795815189000052 ], [ -149.917964683999969, 59.714149488000032 ], [ -149.958795591999973, 59.66637357500008 ], [ -150.026572785999974, 59.628308589000028 ], [ -150.13127910999998, 59.694420386000047 ], [ -150.089068297999972, 59.58747379600004 ], [ -150.186568214999966, 59.591362103000051 ], [ -150.17795719199998, 59.529975974000081 ], [ -150.375967875999976, 59.464968587000044 ], [ -150.23461039999998, 59.717474375000052 ], [ -150.483751981999973, 59.461081679000074 ], [ -150.554892189999975, 59.520795211000063 ], [ -150.492372484999976, 59.596634304000077 ], [ -150.656820522999965, 59.545518118000075 ], [ -150.573198700999967, 59.488018225000076 ], [ -150.637372923999976, 59.459130324000057 ], [ -150.60181877499997, 59.43329052100006 ], [ -150.923458814999975, 59.316897620000077 ], [ -150.882900395999968, 59.256617817000063 ], [ -150.959468423999965, 59.201779875000057 ], [ -151.046535887999966, 59.296888206000062 ], [ -151.257942474999965, 59.313541288000067 ], [ -151.113463908999961, 59.213270321000039 ], [ -151.416827483999981, 59.257972597000048 ], [ -151.725442381999983, 59.160145020000073 ], [ -151.760750409999957, 59.220986999000047 ], [ -151.974035824999959, 59.270435975000055 ], [ -151.939328724999967, 59.343520803000047 ], [ -151.814594906999957, 59.352697008000064 ], [ -151.901267881999956, 59.407427510000048 ], [ -151.685186188999978, 59.476322583000069 ], [ -151.373191023999965, 59.440488588000051 ], [ -151.440432978999979, 59.533270297000058 ], [ -151.172373701999959, 59.597164 ], [ -151.194325921999962, 59.644665300000042 ], [ -150.994891093999968, 59.776616094000076 ], [ -151.429615414999972, 59.659379823000052 ], [ -151.473222500999981, 59.633552816000076 ], [ -151.411020613999966, 59.602440708000074 ], [ -151.87130090399998, 59.743269678000047 ], [ -151.721073021999985, 60.021332108000081 ], [ -151.434168419999963, 60.20607422300003 ], [ -151.393906423999965, 60.35968672100006 ], [ -151.306108108999979, 60.384968180000044 ], [ -151.277527975999959, 60.538589485000045 ], [ -151.41114561699996, 60.726925401000074 ], [ -151.054174393999972, 60.787210177000077 ], [ -150.44112507899996, 61.029716386000075 ], [ -150.05580300799997, 60.904982102000076 ], [ -149.817460599999976, 60.973875310000039 ], [ -149.031256387999974, 60.847358189000033 ], [ -149.03023398299996, 60.847194126000034 ], [ -149.164131883999971, 60.944143883000038 ], [ -149.353555996999972, 60.927496189000067 ], [ -150.066392115999975, 61.153882121000038 ], [ -149.688899291999974, 61.39389510500007 ], [ -149.244690584999972, 61.492172186000062 ], [ -149.244431201999959, 61.492229377000058 ], [ -149.698333221999974, 61.471671100000037 ], [ -149.882192389999972, 61.381941789000052 ], [ -149.998044714999963, 61.239724315000046 ], [ -150.501098200999962, 61.252226288000031 ], [ -150.572785615999976, 61.364449896000053 ], [ -150.589996574999958, 61.283889797000029 ], [ -150.952789898999981, 61.208328995000045 ], [ -150.971803017999974, 61.194435204000058 ], [ -151.170299415999978, 61.049436319000051 ], [ -151.745283691999958, 60.915826293000066 ], [ -151.806967278999963, 60.833316808000063 ], [ -151.712241210999963, 60.722753415000057 ], [ -151.869752324999979, 60.752760024000054 ], [ -152.060879079999978, 60.670256807000044 ], [ -152.324187616999978, 60.498296303000075 ], [ -152.33336977899998, 60.429964910000081 ], [ -152.244741407999982, 60.393298891000029 ], [ -152.424485675999961, 60.291348179000067 ], [ -152.623566423999961, 60.21938532300004 ], [ -152.888672714999984, 60.249948722000056 ], [ -152.914498375999983, 60.307442710000032 ], [ -153.105318606999958, 60.288821023000082 ], [ -152.940038699999974, 60.28383560900005 ], [ -152.923901585999971, 60.233348014000057 ], [ -152.582127284999984, 60.081056623000052 ], [ -152.709383907999978, 59.921607208000069 ], [ -153.22025462299996, 59.867419717000075 ], [ -153.274125177999963, 59.833241380000061 ], [ -153.010273684999959, 59.829380995000065 ], [ -153.046678402999959, 59.706327700000031 ], [ -153.228261196999966, 59.643249806000028 ], [ -153.42746891699997, 59.650746887000082 ], [ -153.325474014999969, 59.720183415000065 ], [ -153.451034004999968, 59.788514912000039 ], [ -153.490537899999964, 59.64298172000008 ], [ -153.558099380999977, 59.62797828600003 ], [ -153.593590586999966, 59.693244279000055 ], [ -153.707767778999965, 59.632122195000079 ], [ -153.565290506999958, 59.607421718000069 ], [ -153.591094306999963, 59.555461023000078 ], [ -153.876835286999977, 59.544607093000081 ], [ -153.767153390999965, 59.519885324000029 ], [ -153.74935062199998, 59.435158523000041 ], [ -154.144651083999975, 59.37681039000006 ], [ -153.949637574999969, 59.358215796000081 ], [ -154.114066186999963, 59.303200114000049 ], [ -154.128492678999976, 59.201809299000047 ], [ -154.262948819999963, 59.141533020000054 ], [ -154.173498474999974, 59.121804487000077 ], [ -154.157370996999958, 59.023194100000069 ], [ -154.042661414999969, 59.078755486000034 ], [ -153.704883898999981, 59.068489791000047 ], [ -153.429022105999962, 58.981826709000075 ], [ -153.292631394999972, 58.878213605000042 ], [ -153.362056110999958, 58.867661278000071 ], [ -153.261534205999965, 58.857110505000037 ], [ -153.27355771699996, 58.855462411000076 ], [ -153.364832496999981, 58.842941685000028 ], [ -153.449854011999975, 58.713772820000031 ], [ -153.610683278999971, 58.63404930400003 ], [ -153.898185285999972, 58.613483618000032 ], [ -153.972890491999976, 58.528483188000052 ], [ -153.932061810999983, 58.504595983000058 ], [ -154.105386989999971, 58.481255621000059 ], [ -154.002646680999959, 58.377365884000028 ], [ -154.356521523999959, 58.287087502000077 ], [ -154.11429339999998, 58.280698095000048 ], [ -154.245420819999964, 58.255143991000068 ], [ -154.155733677999962, 58.222635195000066 ], [ -154.208806501999959, 58.18958157600008 ], [ -154.303822776999965, 58.188465821000079 ], [ -154.226332481999975, 58.139025910000043 ], [ -154.338858211999963, 58.155130284000052 ], [ -154.335544514999981, 58.076521125000056 ], [ -154.493467989999971, 58.195408805000056 ], [ -154.464687580999964, 58.091239378000068 ], [ -154.602683181999964, 58.123742786000037 ], [ -154.542736220999984, 58.06318609200008 ], [ -154.577475284999963, 58.021520984000063 ], [ -154.669374510999972, 58.068748602000028 ], [ -154.784915494999979, 58.001524313000061 ], [ -155.036263617999964, 58.019016517000068 ], [ -155.122076490999973, 57.949846624000031 ], [ -155.082392575999961, 57.881792020000034 ], [ -155.329863995999972, 57.835119689000067 ], [ -155.313209876999963, 57.733730014000059 ], [ -155.605424807999981, 57.790126999000051 ], [ -155.637654587999975, 57.719003576000034 ], [ -155.589863289999982, 57.668449516000067 ], [ -155.772116893999964, 57.642896501000052 ], [ -155.738761204999975, 57.548449189000053 ], [ -156.036264810999967, 57.57289458300005 ], [ -156.017096175999967, 57.527888994000079 ], [ -156.105139678999961, 57.525667585000065 ], [ -156.031252095999974, 57.438715386000069 ], [ -156.204013801999963, 57.476768924000055 ], [ -156.547908390999964, 57.315101208000044 ], [ -156.560112281999977, 57.270651788000066 ], [ -156.337058282999976, 57.283717907000039 ], [ -156.448444375999969, 57.224266711000041 ], [ -156.382157687999978, 57.19522640200006 ], [ -156.34510868199996, 57.178995419000046 ], [ -156.370374703999971, 57.141213801000049 ], [ -156.475383874999977, 57.120650395000041 ], [ -156.509283402999984, 57.048154786000055 ], [ -156.647895988999977, 57.052317603000063 ], [ -156.550662396999968, 56.976757474000067 ], [ -156.781778606999978, 57.044265805000066 ], [ -156.815676113999984, 56.897038518000045 ], [ -156.957317009999969, 56.978137586000059 ], [ -156.946204214999966, 56.907305508000036 ], [ -157.089544384999982, 56.822866322000039 ], [ -157.190102604999964, 56.847300423000036 ], [ -157.149024021999963, 56.818141794000042 ], [ -157.218693098999978, 56.770629720000045 ], [ -157.452344287999978, 56.848681674000034 ], [ -157.398444309999974, 56.764520625000046 ], [ -157.60233288699996, 56.718121611000072 ], [ -157.481753492999985, 56.668685586000038 ], [ -157.483154791999965, 56.61507337900008 ], [ -157.687049275999982, 56.608398998000041 ], [ -157.789291591999984, 56.67756412500006 ], [ -158.112310085999979, 56.567281717000071 ], [ -158.125368899999984, 56.525052515000027 ], [ -157.850930576999957, 56.556445193000059 ], [ -157.878969720999976, 56.466723083000034 ], [ -158.137331073999974, 56.51199831200006 ], [ -158.142882602999975, 56.458661287000041 ], [ -158.425109610999982, 56.443099923000034 ], [ -158.65202580899998, 56.263658708000037 ], [ -158.539815098999981, 56.246433710000076 ], [ -158.562308308999974, 56.293659515000058 ], [ -158.459802879999984, 56.340323299000033 ], [ -158.209248083999967, 56.282558894000033 ], [ -158.401781784999969, 56.233382977000076 ], [ -158.339520220999958, 56.172273119000067 ], [ -158.122575418999958, 56.232832818000077 ], [ -158.359506011999969, 56.124215185000082 ], [ -158.412582202999971, 56.171989026000062 ], [ -158.418133678999965, 56.06198822500005 ], [ -158.503440789999985, 56.093929715000058 ], [ -158.442033109999983, 55.992826724000054 ], [ -158.568435276999963, 56.023097015000076 ], [ -158.51094957799998, 56.056713123000065 ], [ -158.597299296999978, 56.035326602000055 ], [ -158.604501404999979, 56.093371008000076 ], [ -158.475910620999969, 56.183934985000064 ], [ -158.630628512999976, 56.199213396000061 ], [ -158.565933504999975, 56.16031990700003 ], [ -158.657873085999967, 56.108933978000039 ], [ -158.698401406999977, 56.144486416000063 ], [ -158.662295700999977, 56.059762516000035 ], [ -158.738127488999964, 56.036155778000079 ], [ -158.649812481999959, 56.017816319000076 ], [ -158.672026415999966, 55.954209195000033 ], [ -158.856707919999963, 56.010039600000027 ], [ -158.929489383999965, 55.913649275000068 ], [ -159.361718510999964, 55.874468221000029 ], [ -159.426523395999965, 55.785585182000034 ], [ -159.46840229999998, 55.896142410000039 ], [ -159.545629222999963, 55.88030249600007 ], [ -159.50574311699998, 55.758635892000029 ], [ -159.564447195999975, 55.667569623000077 ], [ -159.625702778999965, 55.572513406000041 ], [ -159.757958283999983, 55.601678614000036 ], [ -159.617099889999963, 55.634182696000039 ], [ -159.709595224999958, 55.660846598000035 ], [ -159.633763486999982, 55.694181824000054 ], [ -159.681827378999969, 55.737235488000067 ], [ -159.62399759699997, 55.813075410000067 ], [ -159.843160180999973, 55.850298788000032 ], [ -159.865655514999958, 55.782800300000076 ], [ -160.041480082999982, 55.787236902000075 ], [ -160.067023617999979, 55.695841211000072 ], [ -160.156196604999963, 55.730286701000068 ], [ -160.150100513999973, 55.658064410000065 ], [ -160.435921581999963, 55.645282592000058 ], [ -160.367289777999957, 55.601673019000032 ], [ -160.509799219999962, 55.477220601000056 ], [ -160.594244413999974, 55.607507087000045 ], [ -160.76202671599998, 55.543614989000048 ], [ -160.658694596999965, 55.502502423000067 ], [ -160.673678603999974, 55.461112808000053 ], [ -160.812282901999964, 55.450834524000072 ], [ -160.901450190999981, 55.518057103000046 ], [ -161.245606182999978, 55.348036712000066 ], [ -161.505093703999961, 55.358590594000077 ], [ -161.487550317999961, 55.480258908000053 ], [ -161.375889715999961, 55.571930818000055 ], [ -161.140619805999961, 55.532219499000064 ], [ -161.564524489999968, 55.621922389000076 ], [ -161.713417483999962, 55.513312475000077 ], [ -161.70117489499998, 55.404699090000065 ], [ -161.908136279999979, 55.209690088000059 ], [ -162.044258387999975, 55.231899982000073 ], [ -161.969778320999978, 55.10107359400007 ], [ -162.089794396999963, 55.078007017000061 ], [ -162.140960987999961, 55.112447275000079 ], [ -162.102015384999959, 55.165224401000046 ], [ -162.225086085999976, 55.110229906000029 ], [ -162.226160087999972, 55.023841594000032 ], [ -162.43792189399997, 55.03365281300006 ], [ -162.526723911999966, 55.106902999000056 ], [ -162.36339758699998, 55.101906396000061 ], [ -162.600342684999958, 55.268845379000027 ], [ -162.564241691999968, 55.292459318000056 ], [ -162.648135589999981, 55.294403109000029 ], [ -162.723662718999975, 55.218564482000033 ], [ -162.606989297999974, 55.161620291000077 ], [ -162.650351298999965, 55.06634157600007 ], [ -162.564497500999977, 54.95439439300003 ], [ -162.654501217999979, 55.049670984000045 ], [ -162.737537186999958, 54.947165295000048 ], [ -162.87977771499996, 54.931054394000057 ], [ -162.976705506999963, 54.994111515000043 ], [ -162.91951617899997, 55.018557789000056 ], [ -163.186461512999983, 55.138834698000039 ], [ -163.241178597999976, 55.096886896000058 ], [ -163.210901104999976, 55.01466388700004 ], [ -163.046468089999962, 54.936609393000026 ], [ -163.362248418999968, 54.811048420000077 ], [ -163.387823296999983, 54.855770796000058 ], [ -163.276713422999961, 54.911884413000053 ], [ -163.354198692999972, 54.91827242100004 ], [ -163.337815717999973, 54.957999488000041 ], [ -163.240312589999974, 54.956614197000079 ], [ -163.325067779999983, 55.120781716000067 ], [ -163.018985683999972, 55.243278014000055 ], [ -163.075072778999981, 55.172726610000041 ], [ -162.880614089999966, 55.185502108000037 ], [ -162.834778704999962, 55.226336383000046 ], [ -162.892307297999963, 55.265230390000056 ], [ -162.490058514999959, 55.37356952500005 ], [ -162.503704010999968, 55.443844813000055 ], [ -162.612011285999984, 55.426622715000065 ], [ -161.783999088999963, 55.891092708000031 ], [ -161.19870347899996, 56.005828916000041 ], [ -161.370088180999971, 55.95055022400004 ], [ -161.246184884999963, 55.94165681800007 ], [ -160.876464376999962, 55.989721797000072 ], [ -160.863155401999961, 55.931944182000052 ], [ -161.027888102999981, 55.895831223000073 ], [ -160.930382798999972, 55.87527149500005 ], [ -160.94813987699996, 55.823055510000074 ], [ -160.798136876999962, 55.709997183000041 ], [ -160.661480410999985, 55.730835409000065 ], [ -160.760665823999972, 55.775831880000055 ], [ -160.789543104999979, 55.879164724000077 ], [ -160.503162706999973, 55.866390418000037 ], [ -160.466201095999963, 55.792789880000043 ], [ -160.251747084999977, 55.769729779000045 ], [ -160.316754885999984, 55.821402909000028 ], [ -160.240612220999964, 55.845284675000073 ], [ -160.57149560299996, 55.928897379000034 ], [ -160.369545583999979, 56.269175321000034 ], [ -159.839280006999985, 56.540029218000029 ], [ -159.211232075999959, 56.693361974000027 ], [ -159.266255891999975, 56.696977378000042 ], [ -159.237601212999976, 56.727251607000028 ], [ -158.864012289999977, 56.892543222000029 ], [ -159.02764228999996, 56.794211799000038 ], [ -158.948176810999968, 56.840043403000038 ], [ -158.798407912999977, 56.800971915000048 ], [ -158.642626483999976, 56.760329108000064 ], [ -158.702058719999968, 56.976432819000081 ], [ -158.650976621999973, 57.052545696000038 ], [ -158.28737230599998, 57.323400112000058 ], [ -158.057084699999962, 57.362849406000066 ], [ -157.94014630199996, 57.491180911000072 ], [ -157.680712086999961, 57.56674948400007 ], [ -157.659313806999961, 57.473958296000035 ], [ -157.394324696999973, 57.494251078000048 ], [ -157.399057875999972, 57.559247586000026 ], [ -157.451242778999983, 57.544528711000055 ], [ -157.422370574999974, 57.492579413000044 ], [ -157.59458460899998, 57.488409809000075 ], [ -157.602372101999975, 57.621188587000063 ], [ -157.708762783999958, 57.642579822000073 ], [ -157.612095201999978, 58.088972485000056 ], [ -157.395729414999977, 58.205919379000079 ], [ -157.140723512999983, 58.161756383000068 ], [ -157.337107186999958, 58.238421492000043 ], [ -157.467383415999961, 58.211472824000055 ], [ -157.567122716999961, 58.302863075000062 ], [ -157.551293784999984, 58.392309277000038 ], [ -157.265521412999959, 58.610999926000034 ], [ -157.227146015999978, 58.640370278000034 ], [ -156.940465413999959, 58.735095518000037 ], [ -157.073799376999972, 58.763429478000035 ], [ -156.94827109199997, 58.898965475000068 ], [ -156.857424522999963, 58.997070307000058 ], [ -156.781337080999975, 59.150659907000033 ], [ -156.867150420999963, 59.102883114000065 ], [ -156.885486408999981, 59.008712488000072 ], [ -157.114088776999978, 58.873705825000059 ], [ -157.155623183999978, 58.863481676000049 ], [ -158.201041702999959, 58.606190076000075 ], [ -158.335782610999985, 58.65867989700007 ], [ -158.368259080999962, 58.747297493000076 ], [ -158.566903586999985, 58.811740475000079 ], [ -158.496903119999985, 58.948409995000077 ], [ -158.42219620299997, 58.971185486000081 ], [ -158.494678291999975, 58.998688820000041 ], [ -158.181898606999965, 59.008695807000038 ], [ -158.025789776999972, 58.87008430800006 ], [ -157.994937776999961, 58.904249901000071 ], [ -158.131606106999982, 59.027587186000062 ], [ -158.425528187999959, 59.076198387000034 ], [ -158.539151696999966, 59.174526184000058 ], [ -158.448018910999963, 59.053965595000079 ], [ -158.729112394999959, 58.872850903000028 ], [ -158.790794791999957, 58.960910777000038 ], [ -158.746636613999982, 58.992299518000038 ], [ -158.825525100999982, 58.970348177000062 ], [ -158.764699387999968, 58.917300375000082 ], [ -158.781626719999963, 58.770346613000072 ], [ -158.886637911999969, 58.732845720000057 ], [ -158.804120292999983, 58.790076492000082 ], [ -158.847732922999967, 58.814788210000074 ], [ -158.91441228399998, 58.768124686000078 ], [ -158.706325507999964, 58.49145728700006 ], [ -158.840482013999974, 58.401725697000074 ], [ -159.058839821999982, 58.424230304000048 ], [ -159.431907389999964, 58.782003817000032 ], [ -159.652767384999976, 58.83561441900008 ], [ -159.629389412999984, 58.951728821000074 ], [ -159.770813974999982, 58.933667913000079 ], [ -159.764983222999973, 58.853397295000036 ], [ -159.921353197999963, 58.770333506000043 ], [ -160.018038806999982, 58.884782617000042 ], [ -160.251928915999969, 58.894775098000082 ], [ -160.322214408999969, 58.949775913000053 ], [ -160.25528939199998, 58.98143921500008 ], [ -160.328871279999959, 59.058947175000071 ], [ -160.835706305999963, 58.836056618000043 ], [ -160.89888008899996, 58.884774380000067 ], [ -161.299730006999965, 58.809207879000041 ], [ -161.26568599899997, 58.774635003000071 ], [ -161.333785101999979, 58.733248082000046 ], [ -161.382490689999969, 58.703652797000075 ], [ -161.34946898299998, 58.665032420000045 ], [ -161.765272187999983, 58.551699479000035 ], [ -161.712753304999978, 58.612538298000061 ], [ -161.751084978999984, 58.643094289000032 ], [ -161.766586611999969, 58.598274315000083 ], [ -162.173609809999959, 58.648924420000071 ], [ -161.893609391999973, 58.651981117000048 ], [ -161.657795694999976, 58.799759185000028 ], [ -161.77279190699997, 58.782264184000041 ], [ -161.79057317799996, 58.968372112000054 ], [ -161.857245804999963, 59.02809740400005 ], [ -161.56805540199997, 59.102827218000073 ], [ -161.855021805999968, 59.113376281000058 ], [ -161.867522690999976, 59.06032319500008 ], [ -161.994462582999972, 59.143374601000062 ], [ -162.05183467599997, 59.271549710000045 ], [ -162.001388524999982, 59.306432219000044 ], [ -161.988049812999975, 59.243099191000056 ], [ -161.96058890599997, 59.379211196000028 ], [ -161.707506695999967, 59.495885393000037 ], [ -162.238389000999973, 60.059779875000061 ], [ -162.199786494999984, 60.143674496000074 ], [ -162.253682899999973, 60.197004424000056 ], [ -162.153677014999971, 60.244781321000062 ], [ -162.287284501999977, 60.238119580000046 ], [ -162.271443292999976, 60.166173405000052 ], [ -162.352559094999975, 60.140064584000072 ], [ -162.33504409699998, 60.20866929500005 ], [ -162.474513521999967, 60.297010309000029 ], [ -162.226715011999971, 60.505626108000058 ], [ -162.224215621999974, 60.580906495000079 ], [ -161.881718292999977, 60.701462680000077 ], [ -162.085912098999984, 60.657843316000083 ], [ -162.162027307999978, 60.734794124000075 ], [ -162.126713996999968, 60.649237007000067 ], [ -162.270360017999963, 60.612011713000072 ], [ -162.442290890999971, 60.425621296000031 ], [ -162.423123914999962, 60.376174496000033 ], [ -162.607541684999973, 60.327565678000042 ], [ -162.558680321999958, 60.256451321000043 ], [ -162.702266924999975, 60.260341700000083 ], [ -162.451713320999971, 60.186725984000077 ], [ -162.511461508999986, 59.999505098000043 ], [ -162.753957305999961, 60.002006508000079 ], [ -162.816731006999959, 59.934774914000059 ], [ -163.36644589399998, 59.818941911000081 ], [ -164.110318693999972, 59.834771516000046 ], [ -164.220887214999976, 59.945047914000043 ], [ -164.113954819999975, 60.001721223000061 ], [ -164.427008494999967, 60.090599911000027 ], [ -164.663977784999986, 60.259210921000033 ], [ -164.650650314999979, 60.326991016000079 ], [ -164.777317303999979, 60.290599093000083 ], [ -165.078405075999967, 60.390872701000035 ], [ -165.146457813999973, 60.44475159600006 ], [ -165.027871218999962, 60.465313396000056 ], [ -164.98591289999996, 60.543369702000064 ], [ -165.250887194999962, 60.496424623000053 ], [ -165.427583520999974, 60.554474520000042 ], [ -165.006763197999959, 60.700310921000039 ], [ -165.033714403999966, 60.784759690000044 ], [ -164.872313479999974, 60.842530985000053 ], [ -164.939272582999962, 60.926697682000054 ], [ -164.841492614999964, 60.866144199000075 ], [ -164.645391116999974, 60.909755378000057 ], [ -164.699830997999982, 60.846698309000033 ], [ -164.65817360799997, 60.819202590000032 ], [ -164.271798981999979, 60.78309931900003 ], [ -164.220647880999962, 60.688102211000057 ], [ -164.431486487999962, 60.552543007000054 ], [ -163.947331995999974, 60.780049511000072 ], [ -163.80676401499997, 60.743943288000082 ], [ -163.801752024999985, 60.580614217000061 ], [ -163.453697002999974, 60.67783941700003 ], [ -163.471461695999977, 60.750624610000045 ], [ -163.410944423999979, 60.749785799000051 ], [ -163.931220887999984, 60.85144490600004 ], [ -163.56009187899997, 60.887839005000046 ], [ -163.758186278999972, 60.933106618000068 ], [ -163.679543394999968, 60.991168119000065 ], [ -163.960091123999973, 60.854777978000072 ], [ -164.559818821999983, 60.850041120000071 ], [ -164.639288393999976, 60.928088775000049 ], [ -164.870976623999979, 60.946954408000067 ], [ -164.938343219999979, 60.952439316000039 ], [ -164.990022721999964, 60.934833920000074 ], [ -165.074248577999981, 60.906142720000048 ], [ -165.110565022999964, 60.922556985000028 ], [ -165.192871902999968, 60.95975321800006 ], [ -164.767896998999959, 61.110315494000076 ], [ -164.99564760399997, 61.111976020000043 ], [ -165.048439391999977, 61.056891593000046 ], [ -165.187326901999967, 61.12280720900003 ], [ -165.064832779999961, 61.210583300000053 ], [ -165.140944102999981, 61.255861792000076 ], [ -165.085096291999974, 61.213085383000077 ], [ -165.153453794999962, 61.155300516000068 ], [ -165.372325187999962, 61.200028693000036 ], [ -165.210097107999985, 61.262811511000052 ], [ -165.202894274999977, 61.323082299000077 ], [ -165.259291674999986, 61.327529779000031 ], [ -165.15705541799997, 61.35835991700003 ], [ -165.152906017999982, 61.416136911000081 ], [ -164.847615695999963, 61.493643317000078 ], [ -164.71844361999996, 61.624757424000052 ], [ -165.162901192999982, 61.431098021000082 ], [ -165.289840412999979, 61.333076023000046 ], [ -165.224257275999975, 61.27391182100007 ], [ -165.409830690999968, 61.207527794000043 ], [ -165.343697912999971, 61.156412385000067 ], [ -165.375369710999962, 61.069476297000051 ], [ -165.601745178999977, 61.112251203000028 ], [ -165.649846005999962, 61.236965491000035 ], [ -165.611214283999971, 61.280018222000081 ], [ -165.870920107999979, 61.326401280000027 ], [ -165.92399448499998, 61.412787210000033 ], [ -165.77983358299997, 61.456682793000027 ], [ -165.795401991999967, 61.518899392000037 ], [ -165.893180820999959, 61.553894316000083 ], [ -166.130110377999983, 61.496673284000053 ], [ -166.200126799999964, 61.588064882000083 ], [ -166.16485902499997, 61.713066009000045 ], [ -166.13958352299997, 61.633902599000066 ], [ -165.764863717999958, 61.687787399000058 ], [ -166.002078195999985, 61.726397520000035 ], [ -166.100962989999971, 61.815287086000069 ], [ -165.59180781699996, 61.85029920900007 ], [ -165.758778400999972, 61.991960515000073 ], [ -165.705716507999966, 62.112804109000081 ], [ -165.083249685999959, 62.528920989000028 ], [ -164.869904383999966, 62.534478215000036 ], [ -164.85351187699996, 62.470582387000036 ], [ -164.610744315999966, 62.430875316000083 ], [ -164.754354178999961, 62.371142513000052 ], [ -164.576015199999972, 62.424482387000069 ], [ -164.680204104999973, 62.46420702000006 ], [ -164.636049190999984, 62.510594325000056 ], [ -164.835721074999981, 62.480867095000065 ], [ -164.79352031199997, 62.540315909000071 ], [ -164.857394588999966, 62.564477209000074 ], [ -164.481588401999971, 62.745040914000072 ], [ -164.794929382999982, 62.610872492000055 ], [ -164.88994337799997, 62.780587602000082 ], [ -164.766624121999968, 62.78864618700004 ], [ -164.880213284999968, 62.834756911000056 ], [ -164.711072007999974, 63.014213201000075 ], [ -164.316630974999981, 63.010602925000057 ], [ -164.590232092999969, 63.132824817000028 ], [ -164.383022824999983, 63.219767122000064 ], [ -164.14721332299996, 63.259504809000077 ], [ -163.727736174999961, 63.213946006000072 ], [ -163.634103119999963, 63.142558019000035 ], [ -163.664405373999983, 63.111169693000079 ], [ -163.54273219099997, 63.121998291000068 ], [ -163.80551610599997, 62.982831816000044 ], [ -163.541358191999961, 63.105335418000038 ], [ -163.344118092999963, 63.021168877000036 ], [ -163.063844304999975, 63.05922681800007 ], [ -162.682750114999976, 63.229787319000081 ], [ -162.618589621999973, 63.270583 ], [ -162.275536485999964, 63.488684326000055 ], [ -162.314404278999973, 63.540363777000039 ], [ -162.016926524999974, 63.480918123000038 ], [ -162.157183422999964, 63.425080518000073 ], [ -161.15412480699996, 63.511764010000036 ], [ -160.788870117999977, 63.740110621000042 ], [ -160.774996011999974, 63.854281388000061 ], [ -160.943322618999986, 64.067053322000049 ], [ -160.963908300999975, 64.237057291000042 ], [ -161.253122378999961, 64.392061505000072 ], [ -161.196146223999961, 64.414845077000052 ], [ -161.540884700999982, 64.385675517000038 ], [ -161.402863612999965, 64.534018508000031 ], [ -161.004773502999967, 64.521526689000041 ], [ -161.085041893999971, 64.549573707000036 ], [ -160.820053611999981, 64.614853117000052 ], [ -160.784237178999973, 64.715702475000057 ], [ -161.158167179999964, 64.922627805000047 ], [ -160.992851580999968, 64.937904920000051 ], [ -161.19732227999998, 64.934300084000029 ], [ -161.377588784999972, 64.787352021000061 ], [ -161.550378619999975, 64.744835617000035 ], [ -161.803708712999963, 64.821231603000058 ], [ -161.71786107899996, 64.787617724000029 ], [ -161.890367701999963, 64.710676603000081 ], [ -162.116745189999961, 64.715112893000082 ], [ -162.578957925999958, 64.520104876000062 ], [ -162.634219106999979, 64.386766303000059 ], [ -162.78064752399996, 64.336193905000073 ], [ -162.872303116999973, 64.457304496000063 ], [ -162.82979251499998, 64.495087203000082 ], [ -163.053148117999967, 64.551193775000058 ], [ -163.157027804999984, 64.655914501000041 ], [ -163.390642005999979, 64.592313697000066 ], [ -163.03981380899998, 64.515366308000068 ], [ -163.178409403999979, 64.406753182000045 ], [ -163.566205688999986, 64.565639020000049 ], [ -164.360088191999978, 64.578966594000065 ], [ -164.726218887999977, 64.484233583000048 ], [ -164.667902406999985, 64.522290488000067 ], [ -164.892627811999972, 64.485054004000062 ], [ -164.930956895999969, 64.533119190000036 ], [ -164.922898310999983, 64.45673247600007 ], [ -164.769857314999967, 64.474512814000036 ], [ -165.031230814999958, 64.443104025000082 ], [ -166.239555890999981, 64.595320197000035 ], [ -166.492626705999982, 64.734204599000066 ], [ -166.389879195999981, 64.890596124000069 ], [ -166.700441976999969, 64.992258496000034 ], [ -166.921831719999972, 65.130844610000054 ], [ -166.961299818999976, 65.20975687400005 ], [ -166.858525681999964, 65.283095594000031 ], [ -166.926288887999959, 65.145043216000033 ], [ -166.687118288999983, 65.115872310000043 ], [ -166.545727606999975, 65.13115061700006 ], [ -166.467666586999968, 65.18532298100007 ], [ -166.487111595999977, 65.233938275000071 ], [ -166.37654840999997, 65.26838112300004 ], [ -166.054064689999962, 65.251174826000067 ], [ -166.629617306999961, 65.363380407000079 ], [ -167.459919811999981, 65.41807837500005 ], [ -168.067504524999976, 65.57949297600004 ], [ -168.124431982999965, 65.673643295000034 ], [ -167.84915961599998, 65.760613419000038 ], [ -168.034737899999982, 65.688370613000075 ], [ -168.044468407999972, 65.63393928000005 ], [ -167.820009586999959, 65.717276698000035 ], [ -167.52055830499998, 65.729503902000033 ], [ -167.574432899999977, 65.795882697000081 ], [ -167.356385812999974, 65.886741594000057 ], [ -167.048880090999972, 65.87533310200007 ], [ -166.875539681999982, 65.933672221000052 ], [ -166.967770194999986, 65.972567004000041 ], [ -166.796378706999974, 65.980351908000046 ], [ -166.717496695999984, 66.061456209000028 ], [ -166.269744902999975, 66.178425275000052 ], [ -165.80943068199997, 66.102319701000056 ], [ -165.50361299399998, 66.144272685000033 ], [ -165.879146795999958, 66.221768212000029 ], [ -165.769199923999963, 66.317048895000028 ], [ -165.163914790999968, 66.442612821000068 ], [ -165.036099616999962, 66.393449700000076 ], [ -164.72028012499996, 66.548732412000049 ], [ -164.399507595999978, 66.588654677000079 ], [ -164.35638560199996, 66.594026600000063 ], [ -163.936621199999962, 66.607726593000052 ], [ -163.627760180999985, 66.566536320000068 ], [ -163.940815409999971, 66.580145604000052 ], [ -163.757487079999976, 66.517371283000045 ], [ -163.896916614999981, 66.391800311000054 ], [ -163.857173903999978, 66.27624052200008 ], [ -164.190246212999966, 66.190387190000081 ], [ -163.924675809999968, 66.207343481000066 ], [ -163.833571413999977, 66.111500102000036 ], [ -163.659125505999981, 66.069844215000046 ], [ -162.760224921999963, 66.106526603000077 ], [ -162.667167201999973, 65.99679808500008 ], [ -162.154654815999976, 66.076810304000048 ], [ -161.819106997999967, 65.974320208000051 ], [ -161.841022385999963, 66.012376181000036 ], [ -161.725763111999981, 66.079884718000073 ], [ -161.784662180999959, 66.077930307000031 ], [ -161.533306805999985, 66.267101823000075 ], [ -161.089951413999984, 66.240999477000059 ], [ -161.11047270399996, 66.134063196000056 ], [ -161.178554815999973, 66.116819600000042 ], [ -161.067169499999977, 66.132095420000041 ], [ -161.00497237899998, 66.251010815000029 ], [ -161.129385787999979, 66.339053904000082 ], [ -161.724119110999965, 66.403773675000082 ], [ -161.912469687999959, 66.365714698000033 ], [ -161.859115308999975, 66.281270591000066 ], [ -161.912733215999964, 66.273762321000049 ], [ -161.964680803999983, 66.332097710000028 ], [ -161.875246413999974, 66.436823616000083 ], [ -161.908889199999976, 66.534604207000029 ], [ -162.226660824999982, 66.709877787000039 ], [ -162.503917701999967, 66.737370398000053 ], [ -162.634175488999972, 66.86209572000007 ], [ -162.483368282999976, 66.955438621000042 ], [ -162.326967794999973, 66.956554998000058 ], [ -162.017532993999964, 66.776275180000027 ], [ -162.078064874999967, 66.657373978000066 ], [ -161.575248599999981, 66.446549825000034 ], [ -161.188882520999982, 66.537940698000057 ], [ -160.825243806999964, 66.37766371400005 ], [ -160.23329199799997, 66.399083700000062 ], [ -160.212460505999985, 66.523797781000042 ], [ -160.324133800999959, 66.602410721000069 ], [ -160.243021522999982, 66.64352111200003 ], [ -160.544990479999967, 66.586292205000063 ], [ -160.84135999199998, 66.662124823000056 ], [ -161.143058584999977, 66.646845584000062 ], [ -161.252175815999976, 66.548224421000043 ], [ -161.509423278999975, 66.533223992000046 ], [ -161.900587913999971, 66.72766589500003 ], [ -161.803101413999968, 66.899070076000044 ], [ -161.519779320999959, 66.986552594000045 ], [ -161.870590577999963, 67.051276612000038 ], [ -162.237252419999976, 67.006560609000076 ], [ -162.300338394999983, 67.068221506000043 ], [ -162.299201917999966, 67.002668519000053 ], [ -162.455020800999961, 66.988215710000077 ], [ -162.33171920999996, 67.149063316000081 ], [ -162.37920569299996, 67.162948094000058 ], [ -162.57086639299996, 67.008217975000036 ], [ -163.724744076999968, 67.110126416000071 ], [ -163.82536482499998, 67.354022994000047 ], [ -164.02290367699996, 67.546251414000039 ], [ -164.709865388999958, 67.827630701000032 ], [ -165.287453179999972, 68.013679417000048 ], [ -165.364345293999975, 68.038450296000065 ], [ -165.922125913999963, 68.130099620000067 ], [ -166.290774078999959, 68.291487697000036 ], [ -166.83079539299996, 68.35008868500006 ], [ -166.314958897999986, 68.398713096000051 ], [ -166.369652100999986, 68.438431512000079 ], [ -166.228862708999969, 68.571784279000042 ], [ -166.201384394999963, 68.695933385000046 ], [ -166.235010189999969, 68.874281120000035 ], [ -164.327791222999963, 68.929876283000056 ], [ -163.56393977999997, 69.144345214000055 ], [ -163.187333323999979, 69.418239905000064 ], [ -163.273711378999963, 69.293234685000073 ], [ -163.12342169599998, 69.384090319000052 ], [ -163.068463307999963, 69.567436212000075 ], [ -163.148487286999966, 69.601860618000046 ], [ -162.944311611999979, 69.692142211000032 ], [ -163.02934048299997, 69.727983975000029 ], [ -162.965996212999983, 69.77771709700005 ], [ -161.955819101999964, 70.303022179000038 ], [ -161.713053093999974, 70.27026550100004 ], [ -161.898898013999968, 70.255811915000038 ], [ -161.786011313999978, 70.22148132600006 ], [ -162.008672120999961, 70.192432625000038 ], [ -162.124125710999976, 70.154978097000082 ], [ -161.703611186999979, 70.192475623000064 ], [ -161.616647693999965, 70.254993411000044 ], [ -160.952509288999977, 70.289429006000034 ], [ -160.979187694999979, 70.323883717000058 ], [ -160.153715295999973, 70.604181181000058 ], [ -159.940900985999974, 70.592808795000053 ], [ -159.923124688999962, 70.538074098000038 ], [ -160.202017899999959, 70.471109606000084 ], [ -159.923659721999968, 70.483079396000051 ], [ -160.132216204999963, 70.317800525000052 ], [ -159.944720808999961, 70.363628709000068 ], [ -159.773067087999976, 70.191674110000065 ], [ -159.890038018999974, 70.39114250800003 ], [ -159.817552200999984, 70.495015098000067 ], [ -159.677474492999977, 70.466338610000037 ], [ -159.288948703999978, 70.530048305000037 ], [ -159.73335499199996, 70.492804620000072 ], [ -159.941735289999968, 70.632238818000076 ], [ -160.121176400999985, 70.604459783000038 ], [ -159.671512002999975, 70.797534215000042 ], [ -159.16542238599996, 70.88032929600007 ], [ -159.372601917999958, 70.843381308000062 ], [ -159.151250302999983, 70.819506225000055 ], [ -159.448456293999982, 70.779213820000052 ], [ -159.220651500999963, 70.687267193000082 ], [ -159.281243215999979, 70.756161385000041 ], [ -159.00286301899996, 70.771733420000032 ], [ -159.080935798999974, 70.813114383000084 ], [ -158.684558020999958, 70.78506057900006 ], [ -158.342330019999963, 70.817020719000084 ], [ -158.511804498999965, 70.848405523000054 ], [ -157.883886597999975, 70.855896490000077 ], [ -157.278741491999966, 71.048437497000066 ], [ -156.81988451899997, 71.299844002000043 ], [ -156.485694380999973, 71.406235409000033 ], [ -156.379581317999964, 71.372345983000059 ], [ -156.604859522999959, 71.349576709000075 ], [ -156.450429402999958, 71.26319772100004 ], [ -156.104842012999967, 71.241245915000036 ], [ -156.046516414999985, 71.209309398000073 ] ] ] ] } },
{ "type": "Feature", "properties": { "OBJECTID": 2, "Territory_": "AZ + NV + CO + UT + NM", "Status": "AVAILABLE", "State": "Nevada", "STATE_FIPS": "32", "SUB_REGION": "Mountain", "STATE_ABBR": "NV", "POPULATION": 2994047, "Shape_Leng": 55.087316624099998, "Shape_Area": 140.77468247199999 }, "geometry": { "type": "MultiPolygon", "coordinates": [ [ [ [ -111.494586285999958, 42.000170915000069 ], [ -111.048697417999961, 41.996203295000043 ], [ -111.05106879899995, 41.578592387000072 ], [ -111.051651076999974, 41.258425395000074 ], [ -111.051022486999955, 40.996583587000032 ], [ -110.063185711999949, 40.997891898000034 ], [ -110.00216547499997, 40.997599516000037 ], [ -109.048314687999948, 40.998433406000061 ], [ -107.918671399999937, 41.00337509700006 ], [ -107.304051023999989, 41.000133303000041 ], [ -106.865438811, 40.998457391000045 ], [ -106.329125680999937, 41.001289 ], [ -106.203471511999965, 41.000085022000064 ], [ -105.278797588999964, 40.996349174000045 ], [ -104.934492918999979, 40.99428918600006 ], [ -104.051705514999981, 41.003211293000049 ], [ -103.572316321999949, 40.999648418000049 ], [ -103.38295670499997, 41.000316379000026 ], [ -102.652270985999962, 40.998124188000077 ], [ -102.621257099, 41.000214792000065 ], [ -102.04773929199996, 40.998070882000036 ], [ -102.046992276999958, 40.743130304000033 ], [ -102.046031415999948, 40.697319318000041 ], [ -102.047620504999941, 40.431077793000043 ], [ -102.047544974999937, 40.342644516000064 ], [ -102.051535595999951, 39.998918291000052 ], [ -102.049442504999945, 39.568693306000057 ], [ -102.048801585999968, 39.562803498000051 ], [ -102.047874707999938, 39.12675351200005 ], [ -102.048972590999938, 39.037002910000069 ], [ -102.047568493999961, 38.692550495000035 ], [ -102.047584190999942, 38.615499395000029 ], [ -102.045549690999962, 38.263343616000043 ], [ -102.046060891999957, 38.253822085000024 ], [ -102.043976608999969, 37.734398574000068 ], [ -102.044455899999946, 37.641474198000026 ], [ -102.042010697999956, 37.386279522000052 ], [ -102.037207581999951, 36.988993877000041 ], [ -102.997709489999977, 36.998523799000054 ], [ -102.997400996999943, 36.492370205000043 ], [ -103.027286798999967, 36.491591797000069 ], [ -103.024048011, 36.056061923000073 ], [ -103.022612312999968, 35.742327284000055 ], [ -103.022293976999947, 35.623648011000057 ], [ -103.026151202999984, 35.177265502000068 ], [ -103.025251315, 34.964779890000045 ], [ -103.022657020999986, 34.74533279700006 ], [ -103.029645798999979, 34.307820487000072 ], [ -103.033258509999939, 33.826181600000041 ], [ -103.038736423999978, 33.565843197000049 ], [ -103.043101017999959, 33.377831521000076 ], [ -103.049330919999989, 32.953638910000052 ], [ -103.060018197999966, 32.515545514000053 ], [ -103.055640496999956, 32.085116784000036 ], [ -103.058413773999973, 32.002022794000027 ], [ -103.332549405999941, 32.004281502000026 ], [ -103.729444292999972, 32.006228920000069 ], [ -103.981377075999944, 32.006015176000062 ], [ -104.019297011999981, 32.00740352400004 ], [ -104.851068108999982, 32.003265003000024 ], [ -104.922304775999976, 32.004382105000047 ], [ -106.003240403999939, 32.001657990000069 ], [ -106.378387281999949, 32.000747120000028 ], [ -106.623625583999967, 32.001088819000074 ], [ -106.650061909999977, 31.980329697000059 ], [ -106.632605295999952, 31.97221998200007 ], [ -106.633748921999938, 31.914100978000079 ], [ -106.644079113999965, 31.895205403000034 ], [ -106.616123685, 31.844740498000078 ], [ -106.614986482999939, 31.817834412000025 ], [ -106.539514783999948, 31.786305282000058 ], [ -107.283567188999939, 31.78508312200006 ], [ -108.203254920999939, 31.786903205000044 ], [ -108.210647823999977, 31.343853613000078 ], [ -109.045615022999982, 31.343453011000065 ], [ -110.452578388999939, 31.337660180000057 ], [ -111.071964683999965, 31.335634021000033 ], [ -111.369520922, 31.431531690000043 ], [ -113.329111286999989, 32.043621075000033 ], [ -114.821761175999939, 32.487169281000035 ], [ -114.809393791, 32.616044677000048 ], [ -114.722049019999986, 32.720857511000077 ], [ -114.712695074999942, 32.735013379000065 ], [ -114.69404069999996, 32.741425579000065 ], [ -114.60394228499996, 32.726285175000044 ], [ -114.603522723999959, 32.735886484000048 ], [ -114.571958885999948, 32.737438896000072 ], [ -114.572210705999964, 32.748829206000039 ], [ -114.560750977999987, 32.748936025000035 ], [ -114.561582691999945, 32.760753614000066 ], [ -114.543004519999954, 32.760749781000072 ], [ -114.543187699999976, 32.771232277000024 ], [ -114.530095212999981, 32.771411518000036 ], [ -114.53507751799998, 32.78804698700003 ], [ -114.526219493999974, 32.809912385000075 ], [ -114.461436314999958, 32.845422499000051 ], [ -114.476443995999944, 32.935908874000063 ], [ -114.468387224999958, 32.977789487000052 ], [ -114.520627713999943, 33.027707393000071 ], [ -114.559089104999941, 33.036782477000031 ], [ -114.609925703999977, 33.027001874000064 ], [ -114.633966921999956, 33.033566896000025 ], [ -114.64515980699997, 33.044411813000067 ], [ -114.663951722999968, 33.038922709000076 ], [ -114.711355111999978, 33.095382792000066 ], [ -114.709463020999976, 33.12237497600006 ], [ -114.678120385999989, 33.167249914000024 ], [ -114.680050914999981, 33.224594914000079 ], [ -114.687711074999982, 33.239258306000067 ], [ -114.677693416999944, 33.268016490000036 ], [ -114.735426998999969, 33.305708383000024 ], [ -114.703603776999955, 33.352418014000079 ], [ -114.724936317999948, 33.411059720000026 ], [ -114.645092305999981, 33.419116077000069 ], [ -114.630573084, 33.43942502200008 ], [ -114.621089577999953, 33.468598882000038 ], [ -114.598086408999961, 33.486126985000055 ], [ -114.587061679999977, 33.509445589000052 ], [ -114.529420516999949, 33.56007300400006 ], [ -114.540247198999964, 33.580507781000051 ], [ -114.527170511999941, 33.622136522000062 ], [ -114.525263604999964, 33.665504689000045 ], [ -114.536433489, 33.68273517800003 ], [ -114.495676504999949, 33.708369423000079 ], [ -114.510287523999978, 33.743200490000049 ], [ -114.504557789999978, 33.771714781000071 ], [ -114.521122182999989, 33.826031316000069 ], [ -114.511722598999938, 33.841964996000058 ], [ -114.520962212999962, 33.862926412000036 ], [ -114.498188119999952, 33.925036295000041 ], [ -114.525632087999952, 33.952413798000066 ], [ -114.518208620999985, 33.965063101000055 ], [ -114.428980306999961, 34.029844 ], [ -114.424029187999963, 34.078332012000033 ], [ -114.41016637499996, 34.102654423000047 ], [ -114.322799380999982, 34.141297283000029 ], [ -114.285368474999984, 34.171230900000069 ], [ -114.235775794999938, 34.186222782000073 ], [ -114.149912412999981, 34.266979011000046 ], [ -114.125230481999949, 34.272620990000064 ], [ -114.134127099999944, 34.314547915000048 ], [ -114.153414986999962, 34.336447710000073 ], [ -114.182079819999956, 34.36520630900003 ], [ -114.25784250199996, 34.405488819000027 ], [ -114.283394274999978, 34.412069020000047 ], [ -114.302865288999953, 34.435754085000042 ], [ -114.332636396999987, 34.454873092000071 ], [ -114.376507010999944, 34.459679315000074 ], [ -114.383861992999982, 34.477085575000046 ], [ -114.376827781999964, 34.536563503000025 ], [ -114.409742409999978, 34.583723621000047 ], [ -114.434302187999947, 34.59896291900003 ], [ -114.422270284999968, 34.610895099000061 ], [ -114.465637674, 34.709872985000061 ], [ -114.497804407999979, 34.744757721000042 ], [ -114.525553189999982, 34.748911576000069 ], [ -114.542040705999966, 34.759958580000045 ], [ -114.570216819999985, 34.831860411000036 ], [ -114.627263376999963, 34.875533807000068 ], [ -114.630475588999957, 34.919501294000042 ], [ -114.621007416999987, 34.94360980600004 ], [ -114.632276505, 34.997651676000032 ], [ -114.621068596999976, 34.998914400000046 ], [ -115.62619740599996, 35.795698292000054 ], [ -115.885769316, 36.001226001000077 ], [ -117.160423818999959, 36.959594100000061 ], [ -117.838686387999985, 37.457298197000057 ], [ -118.417419824999968, 37.886676704000024 ], [ -119.152450401999943, 38.411800990000074 ], [ -119.318825083999968, 38.527108597000051 ], [ -119.575687124999945, 38.70291011200004 ], [ -119.88934162399994, 38.922251575000075 ], [ -119.99525472299996, 38.994106109000029 ], [ -119.995150078999984, 39.063491403000057 ], [ -119.994541277999986, 39.106131774000062 ], [ -119.995527316, 39.158713289000048 ], [ -119.99530419599995, 39.311545411000054 ], [ -119.996011476999968, 39.443501023000067 ], [ -119.996165282999982, 39.720610776000058 ], [ -119.996324683999944, 41.177566283000033 ], [ -119.993459401999985, 41.989204984000025 ], [ -119.351692208999964, 41.988852975000043 ], [ -119.310942114999989, 41.989135411000063 ], [ -118.185316902999944, 41.996637102000079 ], [ -117.018864410999981, 41.994794225000078 ], [ -116.992313286999945, 41.994794484000067 ], [ -115.94754470099997, 41.994599494000056 ], [ -115.024862901999938, 41.996506401000033 ], [ -114.269471577, 41.995924279000064 ], [ -114.039072592999958, 41.995390904000033 ], [ -112.989575386999945, 42.001146799000026 ], [ -112.147116493999988, 41.999054019000027 ], [ -112.100514512999951, 42.002300579000064 ], [ -111.494586285999958, 42.000170915000069 ] ] ] ] } },
{ "type": "Feature", "properties": { "OBJECTID": 3, "Territory_": "LA + MS + AR + AL + OK", "Status": "AVAILABLE", "State": "Arkansas", "STATE_FIPS": "05", "SUB_REGION": "West South Central", "STATE_ABBR": "AR", "POPULATION": 3041640, "Shape_Leng": 70.065020819200001, "Shape_Area": 67.541816818000001 }, "geometry": { "type": "MultiPolygon", "coordinates": [ [ [ [ -90.998953394999944, 29.323800111000025 ], [ -90.934574494999936, 29.259094223000034 ], [ -90.970845817999987, 29.242095816000074 ], [ -90.953625688999978, 29.273057226000049 ], [ -90.981382396999948, 29.276348595000059 ], [ -90.980382578999979, 29.219952283000055 ], [ -90.944981097999971, 29.226391991000071 ], [ -90.962025299999937, 29.185799486000064 ], [ -91.003240489999939, 29.184316699000078 ], [ -90.994566214999963, 29.224802125000053 ], [ -91.04444879, 29.211258581000038 ], [ -91.033103913, 29.275629193000043 ], [ -91.067689325999936, 29.253119301000027 ], [ -91.055557285999953, 29.190915704000076 ], [ -91.122561718999975, 29.227085181000064 ], [ -91.12751340799997, 29.29351438100008 ], [ -91.007369012999959, 29.297544115000051 ], [ -90.998953394999944, 29.323800111000025 ] ] ], [ [ [ -91.226553716999945, 29.381399520000059 ], [ -91.189275684999984, 29.297611511000071 ], [ -91.161564513999963, 29.323720488000049 ], [ -91.171223894999969, 29.283676691000039 ], [ -91.188024410999958, 29.284758100000033 ], [ -91.200460695999936, 29.307985425000027 ], [ -91.195059088999983, 29.273673020000047 ], [ -91.152592312999957, 29.266533698000046 ], [ -91.163662991999956, 29.245267415000058 ], [ -91.134693187999972, 29.259924798000043 ], [ -91.128306785999939, 29.226999393000028 ], [ -91.27616250799997, 29.254027893000057 ], [ -91.341318883999975, 29.341910907000056 ], [ -91.30049300099995, 29.316457924000076 ], [ -91.226553716999945, 29.381399520000059 ] ] ], [ [ [ -91.758112893999964, 29.494513485000027 ], [ -91.849088816999938, 29.487083024000071 ], [ -92.016367790999936, 29.596478392000051 ], [ -91.902548875999969, 29.650930912000035 ], [ -91.769847285999958, 29.578615478000074 ], [ -91.701615874999959, 29.577266812000062 ], [ -91.764964288999977, 29.534253814000067 ], [ -91.758112893999964, 29.494513485000027 ] ] ], [ [ [ -95.032745121999938, 37.000779399000066 ], [ -94.620379683999943, 36.997046815000033 ], [ -94.621684420999941, 36.763607711000077 ], [ -94.621073392999961, 36.67054289400005 ], [ -94.617257092999978, 36.489414110000041 ], [ -94.081052077999971, 36.491024283000058 ], [ -93.857519822999961, 36.489786374000062 ], [ -93.59644968799995, 36.489958778000073 ], [ -93.328346221999936, 36.490261521000036 ], [ -93.297324408999941, 36.490680875000066 ], [ -92.852275698999961, 36.489884491000055 ], [ -92.777635506999957, 36.489983489000053 ], [ -92.523050718999968, 36.490921401000037 ], [ -92.146319414999937, 36.491660592000073 ], [ -92.127642296999966, 36.491435401000047 ], [ -91.688560582999969, 36.491018585000063 ], [ -91.452989017999982, 36.490438018000077 ], [ -91.411796725999977, 36.491101783000033 ], [ -91.133956275999935, 36.488015712000049 ], [ -90.804433888999938, 36.489265485000033 ], [ -90.581732208999938, 36.491022315000066 ], [ -90.22447331799998, 36.492811108000069 ], [ -90.150259420999987, 36.491872885000078 ], [ -90.137372802999948, 36.457476505000045 ], [ -90.117321996999976, 36.453955696000037 ], [ -90.123929188999966, 36.422626219000051 ], [ -90.116925074999983, 36.404976013000066 ], [ -90.080272214999979, 36.397450026000058 ], [ -90.05215691899997, 36.382615006000037 ], [ -90.050295288999962, 36.36266848300005 ], [ -90.067729005999979, 36.325395787000048 ], [ -90.049845111999957, 36.300536013000055 ], [ -90.066187784999954, 36.272338297000033 ], [ -90.110012188999974, 36.258059808000041 ], [ -90.131313801999966, 36.212135580000052 ], [ -90.161404903999937, 36.197006676000058 ], [ -90.219321197999989, 36.172630907000041 ], [ -90.232321992999971, 36.161213814000064 ], [ -90.234938821999947, 36.137155190000044 ], [ -90.263801700999977, 36.118829822000066 ], [ -90.284851805999949, 36.115972725000063 ], [ -90.315339674999962, 36.091723409000053 ], [ -90.379062217999945, 35.989656397000033 ], [ -90.283554217999949, 35.991227977000051 ], [ -89.963291595999976, 35.996908808000057 ], [ -89.721836387999986, 35.99995089600003 ], [ -89.713214796999978, 35.966397523000069 ], [ -89.664270909999971, 35.937894475000064 ], [ -89.645479202, 35.913873822000028 ], [ -89.649415998999984, 35.894361883000045 ], [ -89.664728598999943, 35.885721798000077 ], [ -89.714763478999942, 35.911501197000064 ], [ -89.738056698999969, 35.915087021000033 ], [ -89.762990190999972, 35.896887277000076 ], [ -89.766354810999985, 35.884177001000069 ], [ -89.757794400999956, 35.871493404000034 ], [ -89.701518376999957, 35.842113106000056 ], [ -89.700908021999965, 35.827590775000033 ], [ -89.736019296999984, 35.807113985000058 ], [ -89.759877077999988, 35.817497380000077 ], [ -89.790464306999979, 35.805629903000067 ], [ -89.79998599299995, 35.774300375000053 ], [ -89.82712457599996, 35.75834747600004 ], [ -89.859954918999961, 35.74826910400003 ], [ -89.90986811099998, 35.754914007000025 ], [ -89.951121584999953, 35.734345421000057 ], [ -89.952120988, 35.712563894000027 ], [ -89.929827222999961, 35.676344220000033 ], [ -89.893487310999944, 35.656050505000053 ], [ -89.865265298999986, 35.673384292000037 ], [ -89.857330422999951, 35.671141281000075 ], [ -89.849281214999962, 35.645301012000061 ], [ -89.863922486999968, 35.629825125000025 ], [ -89.877526123999985, 35.633414575000074 ], [ -89.957133702999954, 35.603183603000048 ], [ -89.958117823999942, 35.578674697000054 ], [ -89.921747398999969, 35.546139895000067 ], [ -89.931261625, 35.529313581000054 ], [ -89.947634706999963, 35.526982813000075 ], [ -89.962359900999957, 35.532372920000057 ], [ -89.989673994999976, 35.561756896000077 ], [ -90.033140019999962, 35.552495007000061 ], [ -90.040990920999946, 35.542927993000035 ], [ -90.041906402999984, 35.512521716000037 ], [ -89.999653576999947, 35.445537021000064 ], [ -90.046873476999963, 35.417186897000079 ], [ -90.060385575999987, 35.413494409000066 ], [ -90.074027392999938, 35.426590004000047 ], [ -90.074935206999953, 35.472426425000037 ], [ -90.082320597999967, 35.478289399000062 ], [ -90.102050891999966, 35.47365102100008 ], [ -90.137368502999948, 35.442607709000072 ], [ -90.172769984999945, 35.423801807000075 ], [ -90.167909988999952, 35.384339613000066 ], [ -90.140260204999947, 35.383130300000062 ], [ -90.132561916999975, 35.407684896000035 ], [ -90.112335702999985, 35.417774510000072 ], [ -90.085250582999947, 35.418365698000059 ], [ -90.075568615999941, 35.406612915000039 ], [ -90.087226699999974, 35.381592911000041 ], [ -90.105713282999943, 35.366067500000042 ], [ -90.098793298999965, 35.345678311000029 ], [ -90.106438175999983, 35.314772383000047 ], [ -90.157083617999945, 35.306330811000066 ], [ -90.169840311999963, 35.282653724000056 ], [ -90.152216006999936, 35.264145125000027 ], [ -90.106033897999964, 35.26393511100008 ], [ -90.090194915999973, 35.254486209000049 ], [ -90.069053375999943, 35.212826696000036 ], [ -90.073394814999972, 35.191922678000026 ], [ -90.062522700999978, 35.167005505000077 ], [ -90.064628585999969, 35.14747460500007 ], [ -90.083015911999951, 35.12514017400008 ], [ -90.143823596999937, 35.136626425000031 ], [ -90.164568421999945, 35.129703126000038 ], [ -90.178439003999983, 35.108737979000068 ], [ -90.169176701999959, 35.077919704000067 ], [ -90.195803821999959, 35.040990781000062 ], [ -90.291905909999969, 35.048551476000057 ], [ -90.305448314999978, 35.000788825000029 ], [ -89.717270120999956, 34.999261176000061 ], [ -89.646558694999953, 35.000733292000064 ], [ -89.342372989999944, 34.999804911000069 ], [ -89.198134692999986, 35.000883782000074 ], [ -89.006196374999945, 35.000234677000037 ], [ -88.812548315999948, 35.002438576000031 ], [ -88.785043375999976, 35.003182275000029 ], [ -88.383146290999946, 35.005041574000074 ], [ -88.351727710999967, 35.003832312000043 ], [ -88.193993579999983, 35.004453599000044 ], [ -88.194962418999978, 35.013543809000055 ], [ -87.986078222999936, 35.016033614000037 ], [ -87.607813103999945, 35.010546583000064 ], [ -87.22276388399996, 35.007346181000059 ], [ -87.207588512999962, 35.007960421000064 ], [ -86.833422077999955, 34.998246076000044 ], [ -86.782372201999976, 34.997075304000077 ], [ -86.313052625999944, 34.995273093000037 ], [ -86.303500375999988, 34.995463888000074 ], [ -85.86956751699995, 34.99238450100006 ], [ -85.608960198999966, 34.990164180000079 ], [ -85.583058023999968, 34.862322689000052 ], [ -85.534692580999945, 34.622488377000025 ], [ -85.525834089999989, 34.584685622000052 ], [ -85.511855909999952, 34.523014882000041 ], [ -85.460285920999979, 34.290161474000058 ], [ -85.416567196999949, 34.086920396000039 ], [ -85.395737776999965, 33.959829287000048 ], [ -85.384010896999939, 33.905409817000077 ], [ -85.335286814999961, 33.654923091000057 ], [ -85.30498010499997, 33.49059399600003 ], [ -85.293824985999947, 33.425875676000032 ], [ -85.233846319999941, 33.129237302000035 ], [ -85.23350291099996, 33.120139424000058 ], [ -85.180719723999971, 32.871812980000072 ], [ -85.162301314999979, 32.807445787000063 ], [ -85.128089823999971, 32.777070385000059 ], [ -85.133300688999952, 32.756315200000074 ], [ -85.124885122999956, 32.744383176000042 ], [ -85.113867801999959, 32.734389088000057 ], [ -85.107733323, 32.689972409000063 ], [ -85.090474910999944, 32.676152283000079 ], [ -85.103803675999984, 32.645910379000043 ], [ -85.086324008999952, 32.628451279000046 ], [ -85.084149378999939, 32.60300430500007 ], [ -85.070774404999952, 32.581253810000078 ], [ -84.995652174999975, 32.518928525000035 ], [ -84.989815, 32.45483620400006 ], [ -84.965385095999977, 32.429450205000023 ], [ -84.970961903999978, 32.396812779000072 ], [ -84.984488923999947, 32.387093306000054 ], [ -84.971663486999944, 32.371503190000055 ], [ -85.002090018999979, 32.347078519000036 ], [ -85.005332485999986, 32.329592479000041 ], [ -84.921070884999949, 32.293136992000029 ], [ -84.894603475999986, 32.268735425000045 ], [ -84.894015913999965, 32.259176078000053 ], [ -84.905360998999981, 32.249555808000025 ], [ -84.923679580999988, 32.247389 ], [ -84.916004085999987, 32.228556419000029 ], [ -84.928371679999941, 32.217978397000024 ], [ -84.97574377899997, 32.212248715000044 ], [ -84.960385280999958, 32.191928477000033 ], [ -85.007826124999951, 32.178878625000038 ], [ -85.024382384999967, 32.166275117000055 ], [ -85.053313697999954, 32.126637722000055 ], [ -85.046187222999947, 32.090895007000029 ], [ -85.056654902999981, 32.069643902000053 ], [ -85.062010714999985, 32.050010274000044 ], [ -85.056700282999941, 32.017376475000049 ], [ -85.070067124, 31.980703101000074 ], [ -85.115150210999957, 31.907424784000057 ], [ -85.135566908999976, 31.854884403000028 ], [ -85.131561108999961, 31.78381459600007 ], [ -85.130164886999978, 31.778853686000048 ], [ -85.115286921999939, 31.731565975000024 ], [ -85.118674387999988, 31.708571612000071 ], [ -85.111204918999988, 31.684242104000077 ], [ -85.059285304999946, 31.621265176000065 ], [ -85.042721377999953, 31.554389787000048 ], [ -85.042698479999956, 31.519659893000039 ], [ -85.066312004999986, 31.476089588000036 ], [ -85.061406317999968, 31.440663396000048 ], [ -85.087942004999945, 31.367234226000051 ], [ -85.082563190999963, 31.332334518000039 ], [ -85.08122809799994, 31.303080311000031 ], [ -85.103361320999966, 31.271436176000066 ], [ -85.093603304999988, 31.227074512000058 ], [ -85.102957094999965, 31.196922075000032 ], [ -85.093366922999962, 31.172211288000028 ], [ -85.068662508999978, 31.162364118000028 ], [ -85.03806818299995, 31.126713199000051 ], [ -85.016995698999949, 31.08010282500004 ], [ -85.001607204999971, 31.001253399000063 ], [ -85.485010175999946, 31.001001787000064 ], [ -85.486597088999986, 31.000998006000032 ], [ -86.03182180899995, 30.993327589000046 ], [ -86.181476219, 30.995225119000054 ], [ -86.383919722999963, 30.991538277000075 ], [ -86.701852509999981, 30.998092421000024 ], [ -86.779361712999957, 30.99819178100006 ], [ -87.163117593999971, 31.003157198000054 ], [ -87.598580173999949, 31.002630817000068 ], [ -87.589867200999947, 30.954361005000067 ], [ -87.625711606999971, 30.87690199900004 ], [ -87.615915203999975, 30.848296378000043 ], [ -87.541900182999939, 30.785695289000046 ], [ -87.526602915999945, 30.748491700000045 ], [ -87.460140508999984, 30.705802581000057 ], [ -87.418894288, 30.692810180000038 ], [ -87.398644918999935, 30.668015420000074 ], [ -87.393280920999985, 30.620098289000055 ], [ -87.422067389999938, 30.556493601000057 ], [ -87.445352994999951, 30.531389725000054 ], [ -87.418816686999946, 30.481700793000073 ], [ -87.405250813999942, 30.440360082000041 ], [ -87.466440398999964, 30.359721395000065 ], [ -87.587568395999938, 30.319254308000041 ], [ -87.593404794999969, 30.278415422000023 ], [ -87.795330619999959, 30.233931604000077 ], [ -88.002560506999941, 30.233604307000064 ], [ -87.779941712999971, 30.272638287000063 ], [ -87.757503, 30.299422322000055 ], [ -87.90346580299996, 30.421296091000045 ], [ -87.913385188999939, 30.621184413000037 ], [ -88.019788820999963, 30.744189996000046 ], [ -88.135681191999936, 30.337158509000062 ], [ -88.320326691999981, 30.404293591000055 ], [ -88.401415191999945, 30.393551817000059 ], [ -88.399224917999959, 30.352885905000051 ], [ -88.464237277999985, 30.326076485000044 ], [ -88.577760804999969, 30.380749795000042 ], [ -88.683264394, 30.342322802000069 ], [ -88.873786285999984, 30.430276581000044 ], [ -88.930222900999979, 30.416801107000026 ], [ -88.885726494999972, 30.398288881000042 ], [ -89.276121321999938, 30.31484070700003 ], [ -89.273528218999957, 30.372386292000044 ], [ -89.335046603999956, 30.380423275000055 ], [ -89.357531007999967, 30.365284683000027 ], [ -89.318542510999976, 30.318853396000065 ], [ -89.415614213999959, 30.256485321000071 ], [ -89.438121308999939, 30.200967088000027 ], [ -89.573883998999975, 30.194935285000042 ], [ -89.728560499999958, 30.181012897000073 ], [ -89.75921709499994, 30.231092898000043 ], [ -89.943536591999987, 30.269853509000029 ], [ -90.075561103999974, 30.368978778000042 ], [ -90.239751002, 30.380950898000037 ], [ -90.309027196999978, 30.30384607700006 ], [ -90.424530519999962, 30.185877193000067 ], [ -90.395567502999938, 30.092080126000042 ], [ -90.275980415999982, 30.062053417000072 ], [ -90.11154652099998, 30.04161029900007 ], [ -89.990548395999951, 30.053664011000023 ], [ -89.891225908999957, 30.156091424000067 ], [ -89.798264803999984, 30.10537138400008 ], [ -89.740088711999988, 30.158928110000033 ], [ -89.724928207999938, 30.121094998000046 ], [ -89.66920141199995, 30.163382221000063 ], [ -89.649394396, 30.122426777000044 ], [ -89.716840198999989, 30.055226317000063 ], [ -89.848963396999977, 30.010685515000034 ], [ -89.820848204999947, 29.951290578000055 ], [ -89.715016593999962, 29.969403705000047 ], [ -89.712202182999988, 29.897527776000061 ], [ -89.627414304999945, 29.875679578000074 ], [ -89.585862905999988, 29.898156988000039 ], [ -89.574378313999944, 30.008959975000039 ], [ -89.435854104999976, 30.044405594000068 ], [ -89.453623615999959, 29.985733012000026 ], [ -89.37779291399994, 29.951286278000055 ], [ -89.431048398999963, 29.940277609000077 ], [ -89.402202511999974, 29.845945199000028 ], [ -89.421155018999968, 29.828098500000067 ], [ -89.364039718999948, 29.796774203000041 ], [ -89.417425076999962, 29.782936982000024 ], [ -89.482238404999976, 29.830948499000044 ], [ -89.540500024999972, 29.754730926000036 ], [ -89.65058728799994, 29.766900989000078 ], [ -89.592877690999956, 29.710863886000027 ], [ -89.611837399999956, 29.697747725000056 ], [ -89.511943100999986, 29.664614794000045 ], [ -89.479189115999986, 29.636171009000066 ], [ -89.597951793999982, 29.665157597000075 ], [ -89.676704294, 29.702961284000025 ], [ -89.695328208999968, 29.694079326000065 ], [ -89.635261114999935, 29.62653167600007 ], [ -89.728319404, 29.646176079000043 ], [ -89.74854572199996, 29.637378095000031 ], [ -89.723208106999948, 29.606027482000059 ], [ -89.771778174999952, 29.610246921000055 ], [ -89.544629688999976, 29.471685309000065 ], [ -89.537076399999989, 29.401453278000076 ], [ -89.384521895999967, 29.397938478000071 ], [ -89.337058516999946, 29.340893320000077 ], [ -89.264775615999952, 29.350663717000032 ], [ -89.26255591599994, 29.29780929900005 ], [ -89.193400424999936, 29.349047794000057 ], [ -89.129937678999966, 29.290887295000061 ], [ -89.120225509999955, 29.21188432200006 ], [ -89.033263000999966, 29.223413621000077 ], [ -89.098274790999938, 29.163443194000024 ], [ -89.021802910999952, 29.147118394000074 ], [ -89.057753412999944, 29.085278824000056 ], [ -89.126542390999987, 29.135308989000066 ], [ -89.111404990999972, 29.083017111000061 ], [ -89.154023914999982, 29.057217716000025 ], [ -89.144395097999961, 29.016678412000033 ], [ -89.241162194999959, 29.121169077000047 ], [ -89.257496577999973, 29.059463421000032 ], [ -89.394892391999974, 28.939655701000049 ], [ -89.263288010999986, 29.148212599000033 ], [ -89.319090493999965, 29.180188590000057 ], [ -89.339734713999974, 29.104495584000063 ], [ -89.388662282999974, 29.100378821000049 ], [ -89.393134110999938, 29.146265285000027 ], [ -89.467073498, 29.216321182000058 ], [ -89.45911681299998, 29.255736182000078 ], [ -89.493197601999952, 29.234995192000042 ], [ -89.619592101999956, 29.279574899000067 ], [ -89.61071848399996, 29.33175809200003 ], [ -89.794944682999983, 29.322540185000037 ], [ -89.753706594999983, 29.374288276000073 ], [ -89.821746590999965, 29.420912274000045 ], [ -89.81752709999995, 29.477625317000047 ], [ -89.966738688999953, 29.472678289000044 ], [ -89.971926811999936, 29.503541790000043 ], [ -90.006694782999944, 29.493936802000064 ], [ -90.113081319999935, 29.553848796000068 ], [ -90.137290123999946, 29.533810890000041 ], [ -90.151793596999937, 29.595307724000065 ], [ -90.208145875999946, 29.544730300000026 ], [ -90.174133518999952, 29.495941826000035 ], [ -90.036083887999951, 29.447157288000028 ], [ -90.055325720999974, 29.428282901000046 ], [ -90.029942103999986, 29.374207979000062 ], [ -90.055943690999982, 29.35143129800008 ], [ -90.033001494999951, 29.308872622000024 ], [ -90.111639716999946, 29.321725411000045 ], [ -90.077878712999961, 29.214574506000076 ], [ -90.043110690999981, 29.223676424000075 ], [ -90.077802405999989, 29.176442018000046 ], [ -90.227762614999961, 29.098674209000023 ], [ -90.263957216999984, 29.184649695000076 ], [ -90.242914415999962, 29.254741182000032 ], [ -90.278819380999948, 29.275158708000049 ], [ -90.284099092999952, 29.245534775000067 ], [ -90.347646020999946, 29.312951620000035 ], [ -90.396429987999966, 29.272347614000068 ], [ -90.406828923999967, 29.325991784000053 ], [ -90.450515995999979, 29.352441995000049 ], [ -90.476472202999958, 29.303941810000026 ], [ -90.61109520499997, 29.305035911000061 ], [ -90.583133092999958, 29.260928397000043 ], [ -90.621265580999989, 29.222965724000062 ], [ -90.650051323999946, 29.254292507000059 ], [ -90.638120025999967, 29.162571487000037 ], [ -90.683858588999954, 29.18192091700007 ], [ -90.676794278999978, 29.140277412000046 ], [ -90.78289822499994, 29.126943103000031 ], [ -90.772689408999952, 29.160625624000033 ], [ -90.839379494999946, 29.182340375000024 ], [ -90.882639286999961, 29.137411974000031 ], [ -90.920413497999959, 29.181909520000033 ], [ -90.814292974999944, 29.221006806000048 ], [ -90.818550075999951, 29.256802309000079 ], [ -90.897349302999942, 29.26766447600005 ], [ -90.936527609999985, 29.343516987000044 ], [ -91.078385719999972, 29.360018180000054 ], [ -91.102190504999953, 29.314134203000037 ], [ -91.213735688999975, 29.405923604000066 ], [ -91.262725109999963, 29.489587595000046 ], [ -91.433024776999957, 29.552581876000033 ], [ -91.547865318999982, 29.531685888000027 ], [ -91.548490490999939, 29.642129406000038 ], [ -91.643547275999936, 29.643964616000062 ], [ -91.615767774999938, 29.769138095000073 ], [ -91.863256288999935, 29.725839501000053 ], [ -91.881178, 29.765955825000049 ], [ -91.846630973999936, 29.808397009000032 ], [ -91.82393319, 29.786892116000047 ], [ -91.827503523999951, 29.839041585000075 ], [ -91.967086607999988, 29.841888010000048 ], [ -91.973327802999961, 29.806057383000052 ], [ -92.137151290999952, 29.730741615000056 ], [ -92.130101175999982, 29.77352600100005 ], [ -92.199698607999949, 29.763120486000048 ], [ -92.059757195999964, 29.607014919000051 ], [ -92.297374088999959, 29.541571498000053 ], [ -92.607425511999963, 29.588626505000036 ], [ -93.233657296, 29.788993392000066 ], [ -93.721991700999979, 29.758793605000051 ], [ -93.801820793, 29.725865196000029 ], [ -93.899901899999975, 29.809981384000025 ], [ -93.791454286999965, 29.85052011700003 ], [ -93.760367511999959, 30.006176388000029 ], [ -93.712643920999938, 30.060731014000055 ], [ -93.716023719999953, 30.095878812000024 ], [ -93.708546687999956, 30.114949900000056 ], [ -93.69708690899995, 30.118138904000034 ], [ -93.698803487999953, 30.141434715000059 ], [ -93.686122998999963, 30.141461394000032 ], [ -93.683307707999973, 30.148440175000076 ], [ -93.699825891999978, 30.151017011000079 ], [ -93.696331398999973, 30.175884401000076 ], [ -93.704525709999984, 30.181068483000047 ], [ -93.715008723999972, 30.220513426000025 ], [ -93.707524023999952, 30.239578814000026 ], [ -93.699376906999987, 30.29759348400006 ], [ -93.729941393, 30.305122011000037 ], [ -93.759347075999983, 30.341077226000039 ], [ -93.759507719999988, 30.354350198000077 ], [ -93.748002508999946, 30.367615503000025 ], [ -93.755113700999971, 30.381992988000036 ], [ -93.742731603999971, 30.40902718500007 ], [ -93.721705120999957, 30.433183202000066 ], [ -93.696741323999959, 30.442835693000063 ], [ -93.703593288999969, 30.462715804000027 ], [ -93.698145991, 30.470249717000058 ], [ -93.715023176999978, 30.488830998000026 ], [ -93.707447198999944, 30.496442979000051 ], [ -93.714810003999958, 30.505316079000067 ], [ -93.705631985999958, 30.523059895000074 ], [ -93.735479399999974, 30.545719707000046 ], [ -93.718053920999978, 30.568355793000023 ], [ -93.717985589999955, 30.587581878000037 ], [ -93.693594124999947, 30.599036994000073 ], [ -93.671758203999957, 30.598033498000063 ], [ -93.692869592999955, 30.615997223000079 ], [ -93.684759515999986, 30.62362640300006 ], [ -93.693053290999956, 30.640243378000037 ], [ -93.678145020999978, 30.639894219000041 ], [ -93.660162803, 30.673060822000025 ], [ -93.61778077799994, 30.687002999000072 ], [ -93.61258560999994, 30.710530217000041 ], [ -93.61796488899995, 30.732749022000064 ], [ -93.607825077999962, 30.732210985000052 ], [ -93.618628913999942, 30.745989824000048 ], [ -93.585348807999935, 30.772384707000072 ], [ -93.582045108999978, 30.802239582000027 ], [ -93.550855191999972, 30.828542824000067 ], [ -93.555814391999945, 30.84254048300005 ], [ -93.566617916999974, 30.845346190000043 ], [ -93.552976099999967, 30.860480481000025 ], [ -93.56101769299994, 30.872077022000042 ], [ -93.568670082999972, 30.886431300000027 ], [ -93.564649311999972, 30.902128391000076 ], [ -93.546689213999969, 30.905530776000035 ], [ -93.549794295999959, 30.925080585000046 ], [ -93.530155695999952, 30.927166888000045 ], [ -93.525791516999959, 30.936014811000064 ], [ -93.532360475999951, 30.960926079000046 ], [ -93.53751052299998, 30.957079111000041 ], [ -93.548848095999972, 30.970384615000057 ], [ -93.572629620999976, 30.976372023000067 ], [ -93.561124098999983, 30.991883810000047 ], [ -93.571019706999948, 30.997464711000077 ], [ -93.568067083999949, 31.013117820000048 ], [ -93.56511451199998, 31.018255900000042 ], [ -93.547291694999956, 31.01433428200005 ], [ -93.507388907999939, 31.039099825000051 ], [ -93.525913721999984, 31.057171612000047 ], [ -93.517170287999988, 31.074861500000054 ], [ -93.544278512999938, 31.08256351700004 ], [ -93.54329439199995, 31.094941782000035 ], [ -93.560155881999947, 31.100726791000056 ], [ -93.55685238999996, 31.109532701000035 ], [ -93.535260517999973, 31.116261320000035 ], [ -93.528264175999936, 31.126114189000077 ], [ -93.537679196999989, 31.132629583000039 ], [ -93.544363005999969, 31.159354614000051 ], [ -93.528501023999979, 31.163130817000024 ], [ -93.537191305999954, 31.176527705000069 ], [ -93.527104903999941, 31.178263192000031 ], [ -93.52909630399995, 31.185961013000053 ], [ -93.550764586999946, 31.191116603000069 ], [ -93.57711719699995, 31.172328314000026 ], [ -93.594116122999935, 31.180386794000071 ], [ -93.603096301999983, 31.199253722000037 ], [ -93.590721300999974, 31.229873121000026 ], [ -93.611176488999945, 31.242373591000046 ], [ -93.612054203999946, 31.270218004000071 ], [ -93.616632023999955, 31.275989492000065 ], [ -93.631006297999988, 31.274088076000055 ], [ -93.645769775999952, 31.290447118000031 ], [ -93.656306302999951, 31.286855700000046 ], [ -93.681766692999986, 31.312863711000034 ], [ -93.677219593999951, 31.328570177000074 ], [ -93.635035718999973, 31.374008899000046 ], [ -93.661251205999974, 31.372576880000054 ], [ -93.664196420999986, 31.398510293000072 ], [ -93.68767292299998, 31.406311308000056 ], [ -93.69462357499998, 31.416103411000051 ], [ -93.69630989999996, 31.427917219000051 ], [ -93.687184876999936, 31.438311803000033 ], [ -93.702108585999952, 31.446431309000047 ], [ -93.698599119999983, 31.461638125000036 ], [ -93.726966079999954, 31.459654808000039 ], [ -93.751426910999953, 31.48568012100003 ], [ -93.750618197999984, 31.490736299000048 ], [ -93.719176513999969, 31.495582308000053 ], [ -93.70597741499995, 31.520746898000027 ], [ -93.731841875999976, 31.522055675000047 ], [ -93.747726910999972, 31.537895899000034 ], [ -93.763489688999982, 31.530901888000074 ], [ -93.780312998999989, 31.533913723000069 ], [ -93.810701973999983, 31.559240718000069 ], [ -93.816508222999971, 31.577287484000067 ], [ -93.832805203999953, 31.59036007800006 ], [ -93.835765596999977, 31.615364696000029 ], [ -93.819773896999948, 31.618267484000057 ], [ -93.814913900999954, 31.648141423000027 ], [ -93.806612925999957, 31.653941299000053 ], [ -93.812030022999977, 31.674740310000061 ], [ -93.792452602999958, 31.711568009000075 ], [ -93.808955503999982, 31.707738292000045 ], [ -93.815135518999966, 31.712523794000049 ], [ -93.810176317999947, 31.730524713000079 ], [ -93.831348524999953, 31.753452404000029 ], [ -93.822253911999951, 31.774808309000036 ], [ -93.83451458199994, 31.802187676000074 ], [ -93.865010117999987, 31.817442411000059 ], [ -93.877591090999942, 31.850282391000064 ], [ -93.881451476999985, 31.871588822000035 ], [ -93.892712793999976, 31.870234820000064 ], [ -93.899449598, 31.894623385000045 ], [ -93.923650683999938, 31.892762117000075 ], [ -93.91811148499994, 31.909870505000072 ], [ -93.935918916999981, 31.909624591000068 ], [ -93.970175684999958, 31.923332717000051 ], [ -93.977400793999948, 31.94632708000006 ], [ -94.004584704999957, 31.978108599000052 ], [ -94.010077900999988, 31.989300603000061 ], [ -94.035255596999946, 31.994679209000026 ], [ -94.034954978999963, 32.199609202000033 ], [ -94.03541852099994, 32.389381179000054 ], [ -94.040382694999948, 32.694957822000049 ], [ -94.041785392999941, 32.88248528500003 ], [ -94.038931715, 33.023422422000067 ], [ -94.036691604999987, 33.270452885000054 ], [ -94.03611647699995, 33.556034724000028 ], [ -94.061622713999952, 33.577335405000042 ], [ -94.086846410999954, 33.584075680000069 ], [ -94.098893595999982, 33.573119903000077 ], [ -94.155360724, 33.567206783000074 ], [ -94.15970998399996, 33.593893996000077 ], [ -94.205541275999963, 33.585200087000032 ], [ -94.21108011299998, 33.558108491000041 ], [ -94.235563789999958, 33.561655876000032 ], [ -94.223234479999974, 33.585840800000028 ], [ -94.237433397999951, 33.592542999000045 ], [ -94.274741993999953, 33.561857498000052 ], [ -94.272277881999969, 33.584726287000024 ], [ -94.279182790999982, 33.589452577000031 ], [ -94.299019696999949, 33.579972800000064 ], [ -94.30258241699994, 33.557054279000056 ], [ -94.328950621, 33.573254697000039 ], [ -94.370958878999943, 33.547802492000073 ], [ -94.395465505999937, 33.560420919000023 ], [ -94.372507974999962, 33.572780793000049 ], [ -94.370829679999986, 33.590160479000076 ], [ -94.379313886999967, 33.593444700000077 ], [ -94.393619208999951, 33.57507690400007 ], [ -94.406772721999971, 33.57360421900006 ], [ -94.428669977999959, 33.597258513000043 ], [ -94.443532504999951, 33.596621220000031 ], [ -94.451757276999956, 33.604463989000067 ], [ -94.436536420999971, 33.616961091000064 ], [ -94.436117015999969, 33.636560891000045 ], [ -94.476691285999948, 33.632081810000045 ], [ -94.500816012999962, 33.623162708000052 ], [ -94.510765082999967, 33.630925388000037 ], [ -94.525261199999989, 33.621136601000046 ], [ -94.518196423999939, 33.643124514000078 ], [ -94.550400818999947, 33.632808983000075 ], [ -94.562356414999954, 33.635650694000049 ], [ -94.56240220899997, 33.642944288000024 ], [ -94.542138074999968, 33.648361592000072 ], [ -94.545625004999977, 33.661735789000033 ], [ -94.576669611999989, 33.652270881000049 ], [ -94.588594693999937, 33.655562717000066 ], [ -94.585367406999978, 33.662246007000078 ], [ -94.565416116999984, 33.663127712000062 ], [ -94.560929990999966, 33.672027387000071 ], [ -94.578714523999963, 33.670585007000057 ], [ -94.585314203999985, 33.679095479000068 ], [ -94.601152977999959, 33.665720918000034 ], [ -94.631946075999963, 33.684011475000034 ], [ -94.638972775999946, 33.670217509000054 ], [ -94.658748708999951, 33.663850378000063 ], [ -94.669636104999938, 33.666173323000066 ], [ -94.668163574999937, 33.671571097000026 ], [ -94.64453492399997, 33.677762819000066 ], [ -94.65568931699994, 33.692403211000055 ], [ -94.668667213999981, 33.696648604000075 ], [ -94.691197308999961, 33.69039968900006 ], [ -94.74186528599995, 33.701377121000064 ], [ -94.754690618999973, 33.707880807000038 ], [ -94.742322974999979, 33.719157200000041 ], [ -94.762930725, 33.716906314000028 ], [ -94.749982978999981, 33.736815021000041 ], [ -94.783370784999988, 33.733774590000053 ], [ -94.78224161299994, 33.742376599000067 ], [ -94.76438802399997, 33.752950892000058 ], [ -94.783721809999975, 33.753370504000031 ], [ -94.803436977, 33.73969102600006 ], [ -94.819375524999941, 33.74951369300004 ], [ -94.858096505999981, 33.749429616000043 ], [ -94.881855703999975, 33.775071890000049 ], [ -94.914099107999959, 33.789704977000042 ], [ -94.908766088999982, 33.803586698000061 ], [ -94.918455879999954, 33.816304797000043 ], [ -94.94062028999997, 33.815915593000057 ], [ -94.940109190999976, 33.840932386000077 ], [ -94.960129690999963, 33.848184122000077 ], [ -94.96892679399997, 33.866322788000048 ], [ -94.989504083999975, 33.856290107000063 ], [ -95.01299591999998, 33.870053404000032 ], [ -95.037586002999944, 33.866559119000044 ], [ -95.043087125999989, 33.884552889000076 ], [ -95.063366697999982, 33.89680179800007 ], [ -95.063702491999948, 33.917755911000029 ], [ -95.08382918999996, 33.888569723000046 ], [ -95.089940615999978, 33.897023002000026 ], [ -95.082494198999939, 33.918560687000024 ], [ -95.095586686, 33.921845115000053 ], [ -95.119451978999962, 33.912388495000073 ], [ -95.126906216999942, 33.91725222000008 ], [ -95.128195774999938, 33.940975621000064 ], [ -95.148543986999982, 33.943653475000076 ], [ -95.234270606999985, 33.964969388000043 ], [ -95.251520782999989, 33.936550106000027 ], [ -95.251222804999941, 33.90512867700005 ], [ -95.263849624999978, 33.897907400000065 ], [ -95.277583083999957, 33.918044977000079 ], [ -95.286661896999988, 33.887008711000078 ], [ -95.302187877999984, 33.886730109000041 ], [ -95.336459979999972, 33.897220220000065 ], [ -95.330272090999983, 33.871024885000054 ], [ -95.451841304999959, 33.865858625000044 ], [ -95.468359487999976, 33.886537813000075 ], [ -95.499091198999963, 33.881822609000039 ], [ -95.513122373999977, 33.897840315000053 ], [ -95.544274215999963, 33.885846384000047 ], [ -95.547730476999959, 33.893262081000046 ], [ -95.526970215999938, 33.89792019600003 ], [ -95.519813694999982, 33.906747501000041 ], [ -95.546555717, 33.904137821000063 ], [ -95.563013394999984, 33.936177116000067 ], [ -95.606311987999959, 33.944656505000069 ], [ -95.615070807999984, 33.936794206000059 ], [ -95.613224096999943, 33.920341503000031 ], [ -95.633732695, 33.920207693000066 ], [ -95.699950223999963, 33.894926803000033 ], [ -95.747109513999987, 33.903497575000074 ], [ -95.760941916999968, 33.893541097000025 ], [ -95.764497125, 33.879106420000028 ], [ -95.768761477999988, 33.851503311000045 ], [ -95.795725220999941, 33.864774314000044 ], [ -95.826220808999949, 33.843125924000049 ], [ -95.84680571399997, 33.841138203000071 ], [ -95.933327990999942, 33.890628881000055 ], [ -95.943322907999971, 33.890071781000074 ], [ -95.959016578999979, 33.865139118000059 ], [ -95.977648211999963, 33.858051289000059 ], [ -95.994464580999988, 33.875476511000045 ], [ -96.002872375999971, 33.873488996000049 ], [ -96.002048017999982, 33.857078410000042 ], [ -96.014323814999955, 33.844307004000029 ], [ -96.027004614999953, 33.856121019000057 ], [ -96.048229920999972, 33.841377485000066 ], [ -96.091779918999976, 33.844677196000077 ], [ -96.109701577999942, 33.829357705000064 ], [ -96.149223293999967, 33.835690076000049 ], [ -96.169464479999988, 33.829083196000056 ], [ -96.183388420999961, 33.81589228100006 ], [ -96.180984920999947, 33.808533880000027 ], [ -96.154777412999977, 33.82404411300007 ], [ -96.141677207999976, 33.820420110000043 ], [ -96.161574879999989, 33.798329676000037 ], [ -96.169074291999948, 33.769456902000059 ], [ -96.187286001999951, 33.75868451000008 ], [ -96.212807209999937, 33.756792575000077 ], [ -96.278338386999962, 33.773489484000038 ], [ -96.289942803999963, 33.762034315000051 ], [ -96.301050676999978, 33.714153292000049 ], [ -96.316538582999954, 33.701904693000074 ], [ -96.347850601999937, 33.705631786000026 ], [ -96.371083210999984, 33.740497511000058 ], [ -96.419730416999982, 33.788428525000029 ], [ -96.487641315999952, 33.778232506000052 ], [ -96.501016185999958, 33.78819250600003 ], [ -96.510843516999955, 33.815787481000029 ], [ -96.562404697999966, 33.825522600000056 ], [ -96.60146862199997, 33.843058475000078 ], [ -96.614439213999958, 33.86300142500005 ], [ -96.584760524999979, 33.896245475000057 ], [ -96.666511908999951, 33.913644380000051 ], [ -96.677979199, 33.904424504000076 ], [ -96.69365738099998, 33.848006486000031 ], [ -96.71195311799994, 33.833972720000077 ], [ -96.749101793999955, 33.831840518000035 ], [ -96.797870996999961, 33.870051488000058 ], [ -96.814396899999963, 33.871871001000045 ], [ -96.844289903999936, 33.858134694000057 ], [ -96.861296495999966, 33.861781491000045 ], [ -96.879218776999949, 33.884104577000073 ], [ -96.883133091, 33.924692006000043 ], [ -96.898735896999938, 33.950127789000078 ], [ -96.92984981799998, 33.961872905000064 ], [ -96.936487520999947, 33.947949584000071 ], [ -96.968471075999958, 33.937421294000046 ], [ -96.988148114999944, 33.944302891000063 ], [ -96.987995189999936, 33.876525024000046 ], [ -97.006138414999953, 33.850616218000027 ], [ -97.025883679999936, 33.840663885000026 ], [ -97.071188384999971, 33.856830112000068 ], [ -97.082464880999964, 33.85120362400005 ], [ -97.078535699999975, 33.837913505000074 ], [ -97.05031368799996, 33.823551509000026 ], [ -97.087958076999939, 33.80767512400007 ], [ -97.083754023999973, 33.742517921000058 ], [ -97.09078849499997, 33.731775887000026 ], [ -97.115851806999956, 33.726038693000078 ], [ -97.152763998999944, 33.728773791000037 ], [ -97.189454778999959, 33.752874377000069 ], [ -97.208612896999966, 33.819751993000068 ], [ -97.195306822999953, 33.836261682000043 ], [ -97.168885518999957, 33.847896196000079 ], [ -97.164460417999976, 33.863249980000035 ], [ -97.188058815999966, 33.899305695000066 ], [ -97.211626700999943, 33.905790525000043 ], [ -97.246356594999952, 33.894338983000068 ], [ -97.250980105999986, 33.873072596000043 ], [ -97.264202205999936, 33.858832598000049 ], [ -97.272571925999955, 33.872675880000031 ], [ -97.314381981999986, 33.895941074000064 ], [ -97.315251876, 33.870493894000049 ], [ -97.342100509999966, 33.862017925000032 ], [ -97.363616074, 33.831127176000052 ], [ -97.410416206999969, 33.820812526000054 ], [ -97.45303507899996, 33.836314988000026 ], [ -97.457360715999982, 33.890532008000037 ], [ -97.463059989999977, 33.902483200000063 ], [ -97.477830822999977, 33.907808395000075 ], [ -97.518504195, 33.916871823000065 ], [ -97.554889901999957, 33.904004787000076 ], [ -97.575970622999989, 33.902631411000073 ], [ -97.59265649699995, 33.917985092000038 ], [ -97.600484190999964, 33.969535706000045 ], [ -97.671371025999974, 33.988711386000034 ], [ -97.704567624, 33.971644597000079 ], [ -97.729325810999967, 33.939391816000068 ], [ -97.756670416999953, 33.932197323000025 ], [ -97.79051560299996, 33.890556718000028 ], [ -97.852857412, 33.85717098300006 ], [ -97.870062206999989, 33.855214086000046 ], [ -97.909377587999984, 33.874123078000025 ], [ -97.955048494999971, 33.883579388000044 ], [ -97.976693724999961, 33.902602918000071 ], [ -97.976441906, 33.912150921000034 ], [ -97.950996900999939, 33.932616418000066 ], [ -97.96331098099995, 33.948748403000025 ], [ -97.948067019999939, 33.95984902400005 ], [ -97.950538901999948, 33.971258501000079 ], [ -97.982995219999964, 34.001382395000064 ], [ -98.023806183999966, 33.987081320000073 ], [ -98.055873712999983, 33.989896403000046 ], [ -98.086522018999972, 34.005410314000073 ], [ -98.111005488999979, 34.069915202000061 ], [ -98.09444130199995, 34.134649219000039 ], [ -98.115186281999968, 34.149079700000073 ], [ -98.137182690999964, 34.138524679000056 ], [ -98.173164273999987, 34.115461624000034 ], [ -98.277324687999965, 34.122964714000034 ], [ -98.320814075999976, 34.139512478000029 ], [ -98.350730286999976, 34.142213179000066 ], [ -98.384583191, 34.11587331100003 ], [ -98.391281815999946, 34.087324675000048 ], [ -98.407464413999946, 34.082548705000079 ], [ -98.421670789999951, 34.065924582000036 ], [ -98.44851947799998, 34.054469310000059 ], [ -98.499852202999989, 34.066508205000048 ], [ -98.557914274999973, 34.105428477000032 ], [ -98.57666842499998, 34.142022022000049 ], [ -98.60758377999997, 34.15148977900003 ], [ -98.626330003999954, 34.158527617000061 ], [ -98.66205950899996, 34.14712938200006 ], [ -98.682552720999979, 34.150089413000046 ], [ -98.70563230199997, 34.130806395000036 ], [ -98.778876892999961, 34.132053215000042 ], [ -98.811409881999964, 34.146025904000055 ], [ -98.891689410999959, 34.160909878000041 ], [ -98.952856873999963, 34.194653579000033 ], [ -98.996544619999952, 34.209583710000061 ], [ -99.035569897999949, 34.199009107000052 ], [ -99.078784101999986, 34.20844599000003 ], [ -99.128300112999966, 34.201556311000047 ], [ -99.176511801999936, 34.21281649000008 ], [ -99.190840280999964, 34.223821584000063 ], [ -99.204955585999983, 34.255730697000047 ], [ -99.196662795999941, 34.30520578200003 ], [ -99.205849205999982, 34.332075501000077 ], [ -99.25446569099995, 34.368294399000035 ], [ -99.267535590999955, 34.398364624000067 ], [ -99.323659, 34.412787024000068 ], [ -99.364569218999975, 34.450272375000054 ], [ -99.39315712299998, 34.42907069000006 ], [ -99.394522418999941, 34.396822314000076 ], [ -99.410323012999982, 34.369185584000036 ], [ -99.438743174999956, 34.364783380000063 ], [ -99.479805905999967, 34.383600213000079 ], [ -99.502504105999947, 34.404145281000069 ], [ -99.554232303999981, 34.41525641800007 ], [ -99.57821949099997, 34.408988700000066 ], [ -99.585589495999955, 34.38493390800005 ], [ -99.601817421999954, 34.36863397500008 ], [ -99.685276889999955, 34.377520699000058 ], [ -99.778060307999965, 34.444064282000056 ], [ -99.830308410999976, 34.501846197000077 ], [ -99.860949308999977, 34.518694580000044 ], [ -99.880977320999989, 34.548241895000046 ], [ -99.932286891, 34.579173310000044 ], [ -99.945119993999981, 34.57963462400005 ], [ -99.972479883999938, 34.561926709000033 ], [ -99.996475306999969, 34.562383983000075 ], [ -99.999259877999975, 34.747243382000079 ], [ -99.996455103999949, 35.031050984000046 ], [ -99.997570184999972, 35.182235116000072 ], [ -99.994743394999944, 35.424622176000071 ], [ -100.000392520999981, 35.618856189000041 ], [ -99.998123089999979, 35.883837477000043 ], [ -99.997553607999976, 36.05759138600007 ], [ -100.001550703999953, 36.49255478200007 ], [ -100.007272874999956, 36.493912721000072 ], [ -100.549839321999968, 36.48947912400007 ], [ -100.957341396999936, 36.489637696000045 ], [ -101.090102405999971, 36.488050214000054 ], [ -101.620755478999968, 36.492031406000024 ], [ -102.034658408999974, 36.492981026000052 ], [ -102.165673621999986, 36.490234220000048 ], [ -102.997400996999943, 36.492370205000043 ], [ -102.997709489999977, 36.998523799000054 ], [ -102.037207581999951, 36.988993877000041 ], [ -102.024519374999954, 36.988875711000048 ], [ -101.553676085999939, 36.996692993000067 ], [ -101.071604220999973, 36.997466686000053 ], [ -100.95058682399997, 36.996661704000076 ], [ -100.634245611999972, 36.997832423000034 ], [ -100.088573978999989, 36.997652507000055 ], [ -99.999261794999939, 36.99541752600004 ], [ -99.544639697999969, 36.995462906000057 ], [ -99.437473613999941, 36.994558408000046 ], [ -98.999516099999937, 36.998072793000063 ], [ -98.540219619999959, 36.998375899000052 ], [ -98.347143583, 36.999061525000059 ], [ -98.104529102999948, 36.998671390000027 ], [ -97.804249992999985, 36.998567626000067 ], [ -97.465404898999964, 36.996467179000035 ], [ -97.137692803999983, 36.999808281000071 ], [ -96.748696220999989, 37.00016609100004 ], [ -96.51918769599996, 37.000577778000036 ], [ -96.006049724999968, 36.998333782000032 ], [ -95.957960916, 37.000082894000059 ], [ -95.785748591999948, 36.998113978000049 ], [ -95.526018783999973, 37.001018786000031 ], [ -95.406622490999951, 37.000615595000056 ], [ -95.071931096999947, 37.001478080000027 ], [ -95.032745121999938, 37.000779399000066 ] ] ] ] } },
{ "type": "Feature", "properties": { "OBJECTID": 4, "Territory_": "MN + WI + IA + NE", "Status": "AVAILABLE", "State": "Iowa", "STATE_FIPS": "19", "SUB_REGION": "West North Central", "STATE_ABBR": "IA", "POPULATION": 3199548, "Shape_Leng": 65.452811529100003, "Shape_Area": 79.515482728400002 }, "geometry": { "type": "MultiPolygon", "coordinates": [ [ [ [ -86.986253681999983, 45.298656987000072 ], [ -86.967712290999941, 45.240277512000034 ], [ -86.995734287999937, 45.218411701000036 ], [ -87.04511260299995, 45.249019081000029 ], [ -87.025448099999949, 45.149974109000027 ], [ -87.079875806999951, 45.147306979000064 ], [ -87.044900983, 45.09551330000005 ], [ -87.087678583999946, 45.092178777000072 ], [ -87.083900617999973, 45.053285496000058 ], [ -87.112556903999973, 45.064763199000026 ], [ -87.178692788999967, 44.98280641100007 ], [ -87.168787908999946, 44.933323504000043 ], [ -87.205650523999964, 44.873239417000036 ], [ -87.311123599999974, 44.798773701000073 ], [ -87.378736884999967, 44.837742720000051 ], [ -87.405419798999958, 44.911199915000054 ], [ -87.342160901999989, 45.015212998000038 ], [ -87.283484591, 45.052619296000046 ], [ -87.230914990999963, 45.175063479000073 ], [ -87.177913190999959, 45.154972889000078 ], [ -87.066064383999958, 45.296462775000066 ], [ -87.034524375, 45.290405691000046 ], [ -86.986253681999983, 45.298656987000072 ] ] ], [ [ [ -94.832039177999945, 49.330805905000034 ], [ -94.681250000999967, 48.877161298000033 ], [ -94.694432004999953, 48.777615485000069 ], [ -94.570312789999946, 48.713676297000063 ], [ -94.430634490999978, 48.710785322000049 ], [ -94.292336924999972, 48.707711114000062 ], [ -94.230827397999974, 48.651987581000071 ], [ -93.843903804999968, 48.62473699800006 ], [ -93.812685395999949, 48.525407985000072 ], [ -93.781106015999967, 48.511590190000049 ], [ -93.51413907899996, 48.534270983000056 ], [ -93.46533941399997, 48.549519916000065 ], [ -93.457769496999958, 48.592709877000061 ], [ -93.304236725999942, 48.637162974000034 ], [ -93.091442412999982, 48.626584900000069 ], [ -92.946926289999965, 48.628355511000052 ], [ -92.729000578999944, 48.540211507000038 ], [ -92.641819923999947, 48.540349306000053 ], [ -92.626379988999986, 48.502823910000075 ], [ -92.698821202999966, 48.494720982000047 ], [ -92.706642991999956, 48.460369982000032 ], [ -92.497529199999974, 48.440072797000028 ], [ -92.456344884999965, 48.402169076000064 ], [ -92.473322311999937, 48.357498920000069 ], [ -92.370116025999948, 48.220779097000047 ], [ -92.276917915999945, 48.24434092100006 ], [ -92.300272316999951, 48.298311405000049 ], [ -92.27613090899996, 48.352319707000049 ], [ -92.125962084999969, 48.366755990000058 ], [ -92.035183690999986, 48.355508816000054 ], [ -91.979533874999959, 48.25039810800007 ], [ -91.788814816999945, 48.206145181000068 ], [ -91.711937777999935, 48.196775125000045 ], [ -91.703731085999948, 48.114834915000074 ], [ -91.568775293999977, 48.104457789000037 ], [ -91.571561884999937, 48.043571517000032 ], [ -91.239446705999967, 48.081298120000042 ], [ -91.027148416999978, 48.195338910000032 ], [ -90.864494818999958, 48.254198090000045 ], [ -90.743365577999953, 48.088443710000035 ], [ -90.567455221999978, 48.121699883000076 ], [ -90.556835187, 48.092750387000081 ], [ -90.145270017999962, 48.112770887000067 ], [ -90.026700621999964, 48.086079011000038 ], [ -89.987020695999945, 48.023556715000041 ], [ -89.900389110999981, 47.992505115000029 ], [ -89.749309986999947, 48.026484679000077 ], [ -89.530673109999952, 48.001655988000039 ], [ -89.625645092999946, 47.992561789000035 ], [ -89.63637360599995, 47.959390678000034 ], [ -89.999677821999967, 47.824564812000062 ], [ -90.509633418999954, 47.709938013000055 ], [ -91.021475615999975, 47.461058819000073 ], [ -91.468657200999985, 47.124935510000057 ], [ -91.800968821999959, 46.92708661000006 ], [ -92.088492015999975, 46.79189728700004 ], [ -92.214624283999967, 46.668203901000027 ], [ -92.303148113999953, 46.666575803000057 ], [ -92.287271523999948, 46.658785979000072 ], [ -92.209154191999971, 46.64687198200005 ], [ -92.095969825999987, 46.742627501000072 ], [ -92.004157215999953, 46.683800388000066 ], [ -91.921460924999963, 46.680134216000056 ], [ -91.555772790999981, 46.756859987000041 ], [ -90.861730399999942, 46.952479500000038 ], [ -90.774486180999986, 46.920235008000077 ], [ -90.777445590999946, 46.883122594000042 ], [ -90.926243782999961, 46.585502896000037 ], [ -90.730713890999937, 46.645696185000077 ], [ -90.540877211999941, 46.587526725000032 ], [ -90.408199814999989, 46.568610687000046 ], [ -90.385525082999948, 46.539657720000037 ], [ -90.313708209999959, 46.551563221000038 ], [ -90.302393586999983, 46.544296409000026 ], [ -90.300181086999942, 46.525051623000081 ], [ -90.269785015999958, 46.522480485000074 ], [ -90.258401699, 46.508789817000036 ], [ -90.211525778999942, 46.506294986000057 ], [ -90.161391124999966, 46.442380095000033 ], [ -90.141797488999941, 46.393899284000042 ], [ -90.115177102999951, 46.365155710000067 ], [ -90.11165940099994, 46.340429020000045 ], [ -89.925136107999947, 46.304025700000068 ], [ -89.099806118999936, 46.145642775000056 ], [ -88.985301110999956, 46.100391221000052 ], [ -88.925195423, 46.073601487000076 ], [ -88.80439721, 46.026804619000075 ], [ -88.793815405999965, 46.036360185000035 ], [ -88.777480607999962, 46.032614391000038 ], [ -88.773017119999963, 46.02114772200008 ], [ -88.726409595999939, 46.029581782000037 ], [ -88.703605612, 46.018923619000077 ], [ -88.677383910999936, 46.020144122000033 ], [ -88.643669478999982, 45.993388320000065 ], [ -88.615502275999972, 45.994120518000045 ], [ -88.597536012999967, 46.015516519000073 ], [ -88.575357719999943, 46.00895911200007 ], [ -88.548357921, 46.019300182000052 ], [ -88.515613208, 46.018609583000057 ], [ -88.494083294999939, 46.01295999000007 ], [ -88.483813920999978, 45.999151002000076 ], [ -88.454318876999935, 46.000760294000031 ], [ -88.403522113999941, 45.983422104000056 ], [ -88.369938177999984, 45.994587117000037 ], [ -88.321323090999954, 45.966712814000061 ], [ -88.299152101999937, 45.961944097000071 ], [ -88.257168087999958, 45.967055187000028 ], [ -88.214991776999966, 45.94790167900004 ], [ -88.180193915999951, 45.953516616000059 ], [ -88.150438400999974, 45.936293482000053 ], [ -88.111390380999978, 45.92628768700007 ], [ -88.093850102999966, 45.920615300000065 ], [ -88.09576410699998, 45.891803500000037 ], [ -88.065421083, 45.873642091000079 ], [ -88.121786415999964, 45.834877905000042 ], [ -88.129949488999955, 45.819401915000071 ], [ -88.088734091999982, 45.791532481000047 ], [ -88.051639393999949, 45.786112121000031 ], [ -87.990069775999984, 45.795046298000045 ], [ -87.969179588999964, 45.766448603000072 ], [ -87.873628799999949, 45.750699398000052 ], [ -87.842362782999942, 45.722418485000048 ], [ -87.801552906999973, 45.711391011000046 ], [ -87.801155881999989, 45.701324398000054 ], [ -87.777473716999964, 45.684101783000074 ], [ -87.780944794999982, 45.675915708000048 ], [ -87.817054282999948, 45.665390785000056 ], [ -87.819937797999955, 45.654450497000028 ], [ -87.776044805999959, 45.61320018400005 ], [ -87.775075500999947, 45.600386921000052 ], [ -87.786312521999946, 45.568519821000052 ], [ -87.828602023999963, 45.568591777000051 ], [ -87.805140906999952, 45.544525796000073 ], [ -87.78938491599996, 45.499067596000032 ], [ -87.813614701999938, 45.466460476000066 ], [ -87.860267398999952, 45.445098407000046 ], [ -87.849531684999988, 45.406117577000032 ], [ -87.883610609999948, 45.365854493000029 ], [ -87.873974695999948, 45.362085801000035 ], [ -87.868535323999936, 45.372072376000062 ], [ -87.862096080999947, 45.370165211000028 ], [ -87.841282512999953, 45.346148910000068 ], [ -87.828007883999987, 45.358321305000061 ], [ -87.760038082999984, 45.352897681000059 ], [ -87.689598006999972, 45.391269399000066 ], [ -87.643684085999951, 45.361855895000076 ], [ -87.645362018999947, 45.348169216000031 ], [ -87.704471411999975, 45.272205223000071 ], [ -87.705142014999979, 45.247086325000055 ], [ -87.719668023999986, 45.236771623000038 ], [ -87.721628184999986, 45.211671892000027 ], [ -87.736199987999953, 45.199072320000028 ], [ -87.729668793999963, 45.176604805000068 ], [ -87.672814119999941, 45.140672591000055 ], [ -87.664886494999962, 45.109054099000048 ], [ -87.581275914999935, 45.09463988400006 ], [ -87.618521412999939, 45.056806876000053 ], [ -87.620335486999977, 44.991997795000032 ], [ -87.748554889, 44.96161679800008 ], [ -87.839992696999957, 44.927323197000078 ], [ -87.831019874999981, 44.873346393000077 ], [ -87.985791590999952, 44.720474485000068 ], [ -87.983182013999965, 44.677265410000075 ], [ -88.01328788099994, 44.63911831300004 ], [ -87.975757924999982, 44.59581412600005 ], [ -88.013020777999941, 44.622234497000079 ], [ -88.04041760399997, 44.571449183000027 ], [ -87.96622810599996, 44.535496195000064 ], [ -87.926408619999961, 44.539139626000065 ], [ -87.868782792, 44.616906296000025 ], [ -87.764226801999939, 44.644048400000031 ], [ -87.723821723999947, 44.689287314000069 ], [ -87.614463809999961, 44.833047409000073 ], [ -87.552787474999946, 44.851335581000058 ], [ -87.551672703999941, 44.82302369000007 ], [ -87.433746920999965, 44.891096580000067 ], [ -87.367459611999948, 44.81156717500005 ], [ -87.314465115999951, 44.794718791000037 ], [ -87.373069781999959, 44.676917908000064 ], [ -87.473528382999973, 44.533946478000075 ], [ -87.537488809999957, 44.327850997000041 ], [ -87.517321911999943, 44.175754492000067 ], [ -87.6443708, 44.09783049300006 ], [ -87.726121822999971, 43.893903892000026 ], [ -87.702729915999953, 43.673176205000061 ], [ -87.786045108999986, 43.546297388000028 ], [ -87.802959386999987, 43.458714008000072 ], [ -87.875332220999951, 43.358592497000075 ], [ -87.889834087999986, 43.197216801000025 ], [ -87.860069403999944, 43.075875474000043 ], [ -87.891983281999956, 43.025774803000047 ], [ -87.836438576999967, 42.964592523000078 ], [ -87.81984910999995, 42.841563006000058 ], [ -87.756803593999962, 42.777546216000076 ], [ -87.791509295999958, 42.666642212000056 ], [ -87.797382008999989, 42.489152817000047 ], [ -88.194790222999984, 42.489631591000034 ], [ -88.297989308999945, 42.491988674000027 ], [ -88.706623094999941, 42.489671479000037 ], [ -88.765057895999973, 42.490922392000073 ], [ -88.939187020999952, 42.490879809000035 ], [ -89.359558876999984, 42.497917802000075 ], [ -89.400613214999964, 42.497501919000058 ], [ -89.834738991999984, 42.50346860500008 ], [ -89.92369139699997, 42.50411589600003 ], [ -90.420102879999945, 42.508364916000062 ], [ -90.638456078, 42.509363697000026 ], [ -90.651899122999964, 42.494700616000046 ], [ -90.648473786999944, 42.475646986000072 ], [ -90.605955414999983, 42.46056460300008 ], [ -90.563711706999982, 42.421843726000077 ], [ -90.491171183999938, 42.388791505000029 ], [ -90.441725108999947, 42.360083675000055 ], [ -90.42780909399994, 42.340644986000029 ], [ -90.41811241399995, 42.263939107000056 ], [ -90.407301790999952, 42.242661790000056 ], [ -90.367858299999966, 42.210226711000075 ], [ -90.323730012999988, 42.197337400000038 ], [ -90.231063101999951, 42.159741498000074 ], [ -90.191702392999957, 42.122709899000029 ], [ -90.176214486999982, 42.120524183000043 ], [ -90.166776723999988, 42.10376692300008 ], [ -90.168226304999962, 42.061066718000063 ], [ -90.150663025999961, 42.033453197000028 ], [ -90.142796789999977, 41.983989509000025 ], [ -90.154644891999965, 41.930802094000057 ], [ -90.195965709999939, 41.806167014000039 ], [ -90.255438715999958, 41.781769125000039 ], [ -90.305015906999984, 41.756497094000053 ], [ -90.326156979999951, 41.722767898000029 ], [ -90.34126241599995, 41.649122292000072 ], [ -90.339476316999935, 41.602831497000068 ], [ -90.348494311999957, 41.586882381000066 ], [ -90.423135281999976, 41.567305374000057 ], [ -90.435098387999972, 41.543612590000066 ], [ -90.455126192999955, 41.527579499000069 ], [ -90.540975483999944, 41.526003413000069 ], [ -90.600837797999986, 41.50961877900005 ], [ -90.65892970699997, 41.462350702000037 ], [ -90.708354594999946, 41.450093607000042 ], [ -90.780042681999987, 41.449852511000074 ], [ -90.84428378399997, 41.444652577000056 ], [ -90.949800685999946, 41.421263882000062 ], [ -91.000842791999958, 41.431112710000036 ], [ -91.027637809999987, 41.423536525000031 ], [ -91.055935506999958, 41.401407290000066 ], [ -91.073429005999969, 41.334925405000035 ], [ -91.102496511999959, 41.267848187000027 ], [ -91.101671998999961, 41.231551998000043 ], [ -91.056466394999973, 41.176290298000026 ], [ -91.018402288999937, 41.165857689000063 ], [ -90.99048550599997, 41.144404601000076 ], [ -90.957929879999938, 41.104393285000072 ], [ -90.954793921999965, 41.070397298000046 ], [ -90.960850902999937, 40.950541607000048 ], [ -90.983419020999975, 40.923964996000052 ], [ -91.049353700999973, 40.879623380000055 ], [ -91.08905030699998, 40.833767480000063 ], [ -91.092895202999955, 40.761587099000053 ], [ -91.120132419999948, 40.705443124000055 ], [ -91.129302977999942, 40.682189016000052 ], [ -91.162644420999982, 40.65635242500008 ], [ -91.215060005999987, 40.643859415000065 ], [ -91.262211110999942, 40.639586980000047 ], [ -91.37576271599994, 40.60348029000005 ], [ -91.41127112099997, 40.573012625000047 ], [ -91.413025983999944, 40.548034582000071 ], [ -91.382255574999988, 40.52853828700006 ], [ -91.374946491999935, 40.503697576000036 ], [ -91.385551192999969, 40.447294012000043 ], [ -91.372908313999972, 40.403032589000077 ], [ -91.385909210999955, 40.392404887000055 ], [ -91.418968579999955, 40.386919305000049 ], [ -91.448747199999957, 40.371946591000039 ], [ -91.477038213999947, 40.391012186000069 ], [ -91.490313776999983, 40.390806110000028 ], [ -91.50037748799997, 40.405160595000041 ], [ -91.527691789999949, 40.410168906000081 ], [ -91.529606984999987, 40.435086183000067 ], [ -91.538846494999973, 40.441288680000071 ], [ -91.533208298999966, 40.455441078000035 ], [ -91.579383103999987, 40.463760185000069 ], [ -91.586028577999969, 40.484519410000075 ], [ -91.616860217999943, 40.504873787000065 ], [ -91.622536489999959, 40.53290329500004 ], [ -91.692080874999988, 40.551677597000037 ], [ -91.689959810999937, 40.581202481000048 ], [ -91.716976393999971, 40.593435487000079 ], [ -91.741711786999986, 40.609784375000061 ], [ -91.946370223999963, 40.608266620000052 ], [ -92.193174406999958, 40.600088679000066 ], [ -92.361513083999967, 40.599576286000058 ], [ -92.646432399999981, 40.591461908000042 ], [ -92.717815413999972, 40.589667209000027 ], [ -93.100938610999947, 40.584347297000079 ], [ -93.370271386999946, 40.580491108000047 ], [ -93.562910509999938, 40.580813899000077 ], [ -93.786303721999957, 40.578448474000027 ], [ -94.01805878, 40.574022078000041 ], [ -94.238391824999951, 40.570966106000071 ], [ -94.485231078999959, 40.574204895000037 ], [ -94.63987629099995, 40.575744925000038 ], [ -94.920615900999962, 40.577218284000026 ], [ -95.217428387999973, 40.581892614000026 ], [ -95.382555110999988, 40.584333983000079 ], [ -95.767479586999968, 40.589047995000044 ], [ -95.763412399999936, 40.549707179000052 ], [ -95.737036217999957, 40.532373288000031 ], [ -95.692066374999968, 40.524129815000038 ], [ -95.687412920999975, 40.561170377000053 ], [ -95.675693811999963, 40.565835693000054 ], [ -95.662944422999942, 40.558729008000057 ], [ -95.658060803999945, 40.530332623000049 ], [ -95.684970515999964, 40.512205198000061 ], [ -95.695361784999989, 40.485338277000039 ], [ -95.636817676999954, 40.396390482000072 ], [ -95.634184995999988, 40.358800176000045 ], [ -95.616201689999968, 40.346497493000072 ], [ -95.617933498999946, 40.331417908000049 ], [ -95.645552821999956, 40.322346813000024 ], [ -95.646826787999942, 40.309109690000071 ], [ -95.5955325, 40.30977682200006 ], [ -95.547137010999961, 40.266215789000057 ], [ -95.476822092999953, 40.226854925000055 ], [ -95.466636589999951, 40.213255587000049 ], [ -95.460952597999949, 40.173995274000049 ], [ -95.422476702999973, 40.131743589000052 ], [ -95.392812880999941, 40.115416406000065 ], [ -95.384542520999958, 40.095362700000067 ], [ -95.403784301999963, 40.080379210000046 ], [ -95.41376388499998, 40.048111406000032 ], [ -95.39053189699996, 40.043750802000034 ], [ -95.371244320999949, 40.028751201000034 ], [ -95.345067324999945, 40.024974116000067 ], [ -95.308697210999981, 39.999407580000025 ], [ -95.329701313999976, 39.992594986000029 ], [ -95.780700184999944, 39.993489486000044 ], [ -96.001253706999989, 39.995158975000038 ], [ -96.24059852299996, 39.994503188000067 ], [ -96.454038315, 39.994172781000032 ], [ -96.801420298999972, 39.994475991000058 ], [ -96.908287473999962, 39.996154804000071 ], [ -97.361911824999936, 39.997380177000025 ], [ -97.816589300999965, 39.999729180000031 ], [ -97.929588675, 39.998452884000073 ], [ -98.264165788999946, 39.998434803000066 ], [ -98.504479080999943, 39.997129704000031 ], [ -98.720632316999968, 39.998461276000057 ], [ -99.06474702099996, 39.998337982000066 ], [ -99.178200975999971, 39.999577083000077 ], [ -99.627859416999968, 40.002987809000047 ], [ -100.180910690999951, 40.000478680000072 ], [ -100.191111578999937, 40.000585500000057 ], [ -100.735049382999989, 39.999172286000032 ], [ -100.754855880999969, 40.00019831700007 ], [ -101.32214860299996, 40.001821079000081 ], [ -101.40739339299995, 40.001003714000035 ], [ -102.051535595999951, 39.998918291000052 ], [ -102.047544974999937, 40.342644516000064 ], [ -102.047620504999941, 40.431077793000043 ], [ -102.046031415999948, 40.697319318000041 ], [ -102.046992276999958, 40.743130304000033 ], [ -102.04773929199996, 40.998070882000036 ], [ -102.621257099, 41.000214792000065 ], [ -102.652270985999962, 40.998124188000077 ], [ -103.38295670499997, 41.000316379000026 ], [ -103.572316321999949, 40.999648418000049 ], [ -104.051705514999981, 41.003211293000049 ], [ -104.054012399999976, 41.388085778000061 ], [ -104.055500522999978, 41.564222413000039 ], [ -104.053615218999937, 41.698218275000045 ], [ -104.053513423999959, 41.999815383000055 ], [ -104.056219407999947, 42.614669706000029 ], [ -104.056198892999987, 43.003062306000061 ], [ -103.501463780999984, 42.998618815000043 ], [ -103.005875205999985, 42.999353914000039 ], [ -102.788384596999947, 42.995303616000058 ], [ -102.086700902999951, 42.989886985000055 ], [ -101.231737188999944, 42.986842980000063 ], [ -100.19814211299996, 42.991095004000044 ], [ -99.532790300999977, 42.99233498500007 ], [ -99.253971687999979, 42.992389483000068 ], [ -98.497651412999971, 42.991778817000068 ], [ -98.457444018, 42.937160782000035 ], [ -98.391204679999987, 42.920135902000027 ], [ -98.310339609999971, 42.88179480000008 ], [ -98.167826593999962, 42.839570986000069 ], [ -98.144869011999958, 42.83579467800007 ], [ -98.123116909999965, 42.820223575000057 ], [ -98.121819892999952, 42.808360088000029 ], [ -98.033140390999961, 42.769192297000075 ], [ -97.995144821999986, 42.766812316000028 ], [ -97.963558396999986, 42.773689975000025 ], [ -97.929477191999979, 42.792324406000034 ], [ -97.889941022999949, 42.831271616000038 ], [ -97.888659391999965, 42.855807304000052 ], [ -97.818643019999968, 42.866587518000074 ], [ -97.797028301999944, 42.849597087000063 ], [ -97.772186504, 42.846163982000064 ], [ -97.725249816999963, 42.858008406000067 ], [ -97.685751981999942, 42.83683697500004 ], [ -97.634970502999977, 42.861284907000027 ], [ -97.570654078999951, 42.847990696000068 ], [ -97.50613188799997, 42.860136516000068 ], [ -97.483159023999974, 42.85715711000006 ], [ -97.457263790999946, 42.850443099000074 ], [ -97.389306008999938, 42.86743311500004 ], [ -97.311414387999946, 42.861771710000028 ], [ -97.271457516999988, 42.850014680000072 ], [ -97.243189606999977, 42.851826422000045 ], [ -97.224443589999964, 42.841202502000044 ], [ -97.211831688999951, 42.812573518000079 ], [ -97.161422680999976, 42.798619375000044 ], [ -97.130469300999948, 42.773923404000072 ], [ -97.015139676999979, 42.759542085000078 ], [ -96.979593402999967, 42.75831370800006 ], [ -96.970002922, 42.752065415000061 ], [ -96.977869002999967, 42.727308213000072 ], [ -96.970773507, 42.721147521000034 ], [ -96.908233804999952, 42.731698916000028 ], [ -96.810140110999953, 42.704084410000064 ], [ -96.810437517999958, 42.681341194000026 ], [ -96.799343993999969, 42.670019213000046 ], [ -96.722658681999974, 42.668591909000043 ], [ -96.699060179999947, 42.657715806000056 ], [ -96.694596795999985, 42.641163794000079 ], [ -96.715272875999972, 42.62190750700006 ], [ -96.714059676999966, 42.612302002000035 ], [ -96.636672419999968, 42.550731709000047 ], [ -96.62929448899996, 42.522693706000041 ], [ -96.60546732399996, 42.507236312000032 ], [ -96.584753012999954, 42.518287202000067 ], [ -96.54721559799998, 42.520499286000074 ], [ -96.494701480999936, 42.488459214000045 ], [ -96.439394711999967, 42.489240884000026 ], [ -96.480243181, 42.517130314000042 ], [ -96.489337483999975, 42.564027993000025 ], [ -96.500942002999977, 42.573885214000029 ], [ -96.488498205999974, 42.580480697000041 ], [ -96.512843980999946, 42.629755094000075 ], [ -96.54116509399995, 42.662405314000068 ], [ -96.563039297999978, 42.668513011000073 ], [ -96.626540792999947, 42.708354721000035 ], [ -96.640709197999968, 42.74860381700006 ], [ -96.632980604999943, 42.776835620000043 ], [ -96.600875102999964, 42.799558581000042 ], [ -96.587645490999989, 42.835381386000051 ], [ -96.573126114, 42.834347377000029 ], [ -96.556211213999973, 42.846660679000081 ], [ -96.537511095999946, 42.896906401000081 ], [ -96.54426349299996, 42.913866319000078 ], [ -96.514935102999971, 42.952382104000037 ], [ -96.517147808999937, 42.986458076000076 ], [ -96.499020020999978, 43.012050100000067 ], [ -96.520010396999965, 43.051508615000046 ], [ -96.479573302999938, 43.061884084000042 ], [ -96.462093997999943, 43.075582211000039 ], [ -96.460804802999974, 43.087872875000073 ], [ -96.451505097999984, 43.126308779000055 ], [ -96.473114478999946, 43.209082102000025 ], [ -96.487245221999956, 43.217909303000056 ], [ -96.558605804999956, 43.225489218000064 ], [ -96.566991116999986, 43.239633793000053 ], [ -96.559567804999972, 43.253263280000056 ], [ -96.570722509999939, 43.26361227700005 ], [ -96.579130823999947, 43.290073987000028 ], [ -96.540563285999951, 43.30765918000003 ], [ -96.522893912999962, 43.356966316000069 ], [ -96.525053519999972, 43.384225291000064 ], [ -96.557708713999943, 43.400727209000081 ], [ -96.589112995999983, 43.435539109000047 ], [ -96.583795880999958, 43.48192050800003 ], [ -96.598315413999956, 43.499849110000071 ], [ -96.460454710999954, 43.499718512000072 ], [ -96.456602303999944, 43.848741804000042 ], [ -96.457397495999942, 44.199061389000065 ], [ -96.455106203999947, 44.538343190000035 ], [ -96.456717774999959, 44.628808688000049 ], [ -96.455217322999943, 44.801347584000041 ], [ -96.456079808999959, 44.971994805000065 ], [ -96.454496625, 45.275195404000044 ], [ -96.457602225999949, 45.298850216000062 ], [ -96.477592109999989, 45.328509376000056 ], [ -96.532548890999976, 45.375132182000073 ], [ -96.605084491999946, 45.396524401000079 ], [ -96.693169179999984, 45.410638101000075 ], [ -96.738032306999969, 45.458195297000032 ], [ -96.769246209999949, 45.517478907000054 ], [ -96.843087220999962, 45.58409030200005 ], [ -96.854989819999957, 45.609122118000073 ], [ -96.83279577899998, 45.650686882000059 ], [ -96.657391807999943, 45.738970601000062 ], [ -96.604610692999984, 45.808264202000032 ], [ -96.58795527999996, 45.817854425000064 ], [ -96.566921491999949, 45.934110408000038 ], [ -96.561802216999979, 45.947683118000043 ], [ -96.576215291999972, 46.021279615000026 ], [ -96.551931009999976, 46.09552889400004 ], [ -96.571166107999943, 46.177174702000059 ], [ -96.58789031699996, 46.191918391000058 ], [ -96.586456173999977, 46.215413077000051 ], [ -96.598183106999954, 46.238682623000045 ], [ -96.602074212, 46.336324223000076 ], [ -96.614861519999977, 46.350812518000055 ], [ -96.652101578999975, 46.359433694000074 ], [ -96.688228007999953, 46.412218281000037 ], [ -96.709682597999972, 46.427168305000066 ], [ -96.71489382599998, 46.468718512000066 ], [ -96.740315984999938, 46.489432616000045 ], [ -96.751227520999976, 46.588619376000054 ], [ -96.77104178899998, 46.599983679000047 ], [ -96.784317610999949, 46.624112084000046 ], [ -96.790245804999984, 46.629773281000041 ], [ -96.793695021999952, 46.678803991000052 ], [ -96.781556713999976, 46.707044290000056 ], [ -96.780382108999959, 46.762311896000028 ], [ -96.797196974999963, 46.812033102000044 ], [ -96.768249810999976, 46.844861685000069 ], [ -96.778061080999976, 46.867349611000066 ], [ -96.756911096999943, 46.922780400000079 ], [ -96.763068007999948, 46.936261676000072 ], [ -96.78792529499998, 46.932184594000034 ], [ -96.789710410999987, 46.948202507000076 ], [ -96.801887105, 46.955843706000053 ], [ -96.793425692999961, 46.969641297000067 ], [ -96.816772218999972, 46.969779304000042 ], [ -96.824531117999982, 47.003436802000067 ], [ -96.835296410999945, 47.010231316000045 ], [ -96.822608306999939, 47.033932286000038 ], [ -96.826964611999983, 47.078832712000064 ], [ -96.819151785999964, 47.092603987000075 ], [ -96.839163893999967, 47.151886717000082 ], [ -96.82649102, 47.170063822000031 ], [ -96.837065311999936, 47.240458880000062 ], [ -96.849623698999949, 47.256843721000052 ], [ -96.837713898999937, 47.293884179000031 ], [ -96.846747382999979, 47.314602117000049 ], [ -96.838461690999964, 47.342243302000043 ], [ -96.85063097699998, 47.360954818000039 ], [ -96.83982750399997, 47.38411738800005 ], [ -96.850005494999948, 47.408936185000073 ], [ -96.867248520999965, 47.413087087000065 ], [ -96.855827025999986, 47.436753193000072 ], [ -96.866684116999977, 47.46153769600005 ], [ -96.851615615999947, 47.500618922000058 ], [ -96.860687021999979, 47.521355924000034 ], [ -96.849188700999946, 47.544568019000053 ], [ -96.858664488999977, 47.562977983000053 ], [ -96.852216905999967, 47.601151603000062 ], [ -96.873335495999982, 47.615254993000065 ], [ -96.889425623999955, 47.67392519200007 ], [ -96.923659182999984, 47.714094407000061 ], [ -96.932012687999986, 47.763506291000056 ], [ -96.957830422999962, 47.794440400000042 ], [ -96.983892775999948, 47.809661515000073 ], [ -96.977231605999975, 47.828029414000071 ], [ -97.000340506999976, 47.870197902000029 ], [ -97.020566305999978, 47.875569411000072 ], [ -97.015331093999976, 47.917890099000033 ], [ -97.048053218999939, 47.954924289000076 ], [ -97.06707131099995, 48.048164515000053 ], [ -97.092721406999942, 48.070344 ], [ -97.099030413999969, 48.100972517000059 ], [ -97.121872886999938, 48.116369299000041 ], [ -97.120918604999986, 48.142774802000076 ], [ -97.136513174999948, 48.14839797500008 ], [ -97.116065809999952, 48.159223724000071 ], [ -97.137443524, 48.167769111000041 ], [ -97.136291297999946, 48.175226976000033 ], [ -97.137275005, 48.195063520000076 ], [ -97.130827888999988, 48.203741888000081 ], [ -97.110899495999945, 48.207605796000053 ], [ -97.139753879999944, 48.221755189000078 ], [ -97.109235808999983, 48.228048913000066 ], [ -97.127553977, 48.233523409000043 ], [ -97.123784611999952, 48.259173402000044 ], [ -97.136655583999982, 48.264483678000033 ], [ -97.111714580999944, 48.277876681000066 ], [ -97.112683522999987, 48.286146988000041 ], [ -97.130513697999959, 48.293040396000038 ], [ -97.113721106999947, 48.294882600000051 ], [ -97.11475102299994, 48.303618315000051 ], [ -97.132634605999954, 48.310969515000068 ], [ -97.112591778999956, 48.319926019000036 ], [ -97.137135910999973, 48.325991806000047 ], [ -97.131123689999981, 48.361491301000058 ], [ -97.150395880999952, 48.363215806000028 ], [ -97.133786416999953, 48.372454694000055 ], [ -97.135205381999981, 48.384409978000065 ], [ -97.158818905999965, 48.388206022000077 ], [ -97.129124519999948, 48.407885497000052 ], [ -97.14982360099998, 48.409991590000061 ], [ -97.151646998999979, 48.41961232500006 ], [ -97.122601199999963, 48.416109906000031 ], [ -97.119633191, 48.437102094000068 ], [ -97.143612917999974, 48.43810957900007 ], [ -97.134594300999936, 48.517314018000036 ], [ -97.148327706999964, 48.517951312000037 ], [ -97.139385604999973, 48.534648116000028 ], [ -97.155537482999989, 48.538398210000025 ], [ -97.160435709999945, 48.545077875000061 ], [ -97.146618380999939, 48.54953701200003 ], [ -97.167943203999982, 48.562263295000037 ], [ -97.152126808, 48.572856393000052 ], [ -97.158192283999938, 48.583640699000057 ], [ -97.140811925999969, 48.586905804000025 ], [ -97.144718105999971, 48.614024597000025 ], [ -97.122958180999944, 48.620768705000046 ], [ -97.127444307999951, 48.629794316000073 ], [ -97.107630090999976, 48.629946620000055 ], [ -97.097169301999941, 48.674528917000032 ], [ -97.116739313999972, 48.695243125000047 ], [ -97.11010129999994, 48.708583080000039 ], [ -97.134806075999961, 48.726237896000043 ], [ -97.132501780999974, 48.74721879100008 ], [ -97.147898407999946, 48.75565342200008 ], [ -97.139245992999975, 48.763542089000055 ], [ -97.147515990999977, 48.781170123000038 ], [ -97.173944700999982, 48.801514501000042 ], [ -97.164712391999956, 48.810368278000055 ], [ -97.180421915999943, 48.815537492000033 ], [ -97.171204423999939, 48.835980506000055 ], [ -97.175727485999971, 48.873757825000041 ], [ -97.216369101999987, 48.931829894000032 ], [ -97.229436411999984, 48.999987795000038 ], [ -96.406915184999946, 48.999982097000043 ], [ -95.276657085999943, 48.99999121500008 ], [ -95.157749875999968, 48.99999587700006 ], [ -95.151867319999951, 49.37173011200008 ], [ -94.832039177999945, 49.330805905000034 ] ] ] ] } },
{ "type": "Feature", "properties": { "OBJECTID": 5, "Territory_": "MO + KS + TN + KY", "Status": "AVAILABLE", "State": "Kansas", "STATE_FIPS": "20", "SUB_REGION": "West North Central", "STATE_ABBR": "KS", "POPULATION": 2970523, "Shape_Leng": 63.018776515200003, "Shape_Area": 62.152216676999998 }, "geometry": { "type": "MultiPolygon", "coordinates": [ [ [ [ -91.689959810999937, 40.581202481000048 ], [ -91.692080874999988, 40.551677597000037 ], [ -91.622536489999959, 40.53290329500004 ], [ -91.616860217999943, 40.504873787000065 ], [ -91.586028577999969, 40.484519410000075 ], [ -91.579383103999987, 40.463760185000069 ], [ -91.533208298999966, 40.455441078000035 ], [ -91.538846494999973, 40.441288680000071 ], [ -91.529606984999987, 40.435086183000067 ], [ -91.527691789999949, 40.410168906000081 ], [ -91.50037748799997, 40.405160595000041 ], [ -91.490313776999983, 40.390806110000028 ], [ -91.477038213999947, 40.391012186000069 ], [ -91.448747199999957, 40.371946591000039 ], [ -91.486849484999937, 40.309668396000063 ], [ -91.499087205999956, 40.251422524000077 ], [ -91.506701414999952, 40.200503919000028 ], [ -91.516284022999969, 40.134589806000065 ], [ -91.504160218999971, 40.06675707900007 ], [ -91.48744331499995, 40.005798489000028 ], [ -91.447394803999941, 39.946109874000058 ], [ -91.430540825999969, 39.921882679000078 ], [ -91.434203008999987, 39.901874612000029 ], [ -91.451141012999983, 39.885288202000027 ], [ -91.449340407999955, 39.863094212000078 ], [ -91.381863107999948, 39.803817802000026 ], [ -91.373569591999967, 39.761318183000071 ], [ -91.367237014999944, 39.724685475000058 ], [ -91.317811816999949, 39.685962576000065 ], [ -91.20338938499998, 39.600067490000072 ], [ -91.156329507999942, 39.552639390000024 ], [ -91.093750694999983, 39.528973181000026 ], [ -91.064521508999974, 39.474030024000058 ], [ -91.036474905999967, 39.444458517000044 ], [ -90.948024221999958, 39.400631884000063 ], [ -90.850623924999979, 39.350499717000048 ], [ -90.779469107999944, 39.296850211000049 ], [ -90.738207501999966, 39.247858198000074 ], [ -90.732462484999985, 39.224794780000025 ], [ -90.71831728899997, 39.195921488000067 ], [ -90.716859989999989, 39.144259496000075 ], [ -90.690522505, 39.093749314000036 ], [ -90.707711913999958, 39.058227284000054 ], [ -90.706193589999941, 39.037841721000063 ], [ -90.668999790999976, 38.935303395000062 ], [ -90.627334889999986, 38.880845176000037 ], [ -90.570448407999947, 38.87137690000003 ], [ -90.530545103999941, 38.89165911300006 ], [ -90.469957689999944, 38.959227589000079 ], [ -90.413186004999943, 38.962378206000039 ], [ -90.319853722999937, 38.924956212000041 ], [ -90.279043121999962, 38.924765314000069 ], [ -90.244038614999965, 38.91455712100003 ], [ -90.132920504999959, 38.853079402000049 ], [ -90.11322828699997, 38.830515583000079 ], [ -90.121834491999948, 38.80055922400004 ], [ -90.135285617999955, 38.785533307000037 ], [ -90.163507681999988, 38.773147375000065 ], [ -90.196681693999949, 38.724014922000038 ], [ -90.202350713999977, 38.70041367500005 ], [ -90.183688877999941, 38.658822181000062 ], [ -90.183819009999979, 38.610322617000065 ], [ -90.241057084999966, 38.562857321000024 ], [ -90.261344583999971, 38.53282082100003 ], [ -90.265899608999973, 38.518740898000033 ], [ -90.301958120999984, 38.427410221000059 ], [ -90.339725079999937, 38.390900081000041 ], [ -90.358806993999963, 38.365383794000024 ], [ -90.369465985999966, 38.323613109000064 ], [ -90.364888996, 38.23435319500004 ], [ -90.336835397999948, 38.188767297000027 ], [ -90.289753400999984, 38.166870818000064 ], [ -90.254177183999957, 38.122223507000058 ], [ -90.207644204999951, 38.088958889000025 ], [ -90.134827100999985, 38.054004218000046 ], [ -90.119453474999943, 38.032325315000037 ], [ -90.042035704999989, 37.993258594000054 ], [ -90.010922094999955, 37.969371026000033 ], [ -89.958338715999957, 37.963686776000031 ], [ -89.979023187999985, 37.911937286000068 ], [ -89.937983820999989, 37.878097074000038 ], [ -89.900659683999947, 37.875956790000032 ], [ -89.866921421999962, 37.89192849300008 ], [ -89.861153197999954, 37.905539176000048 ], [ -89.851822202999983, 37.905115678000072 ], [ -89.728551123999978, 37.841043717000048 ], [ -89.691158501999951, 37.804846214000065 ], [ -89.675960490999955, 37.784021819000031 ], [ -89.666561011999988, 37.745504894000078 ], [ -89.581535403999965, 37.706155375000037 ], [ -89.521619784999984, 37.694848211000078 ], [ -89.513471319999951, 37.679890623000063 ], [ -89.519277412999941, 37.650425677000044 ], [ -89.513463600999955, 37.615978684000027 ], [ -89.525068016999967, 37.572006380000062 ], [ -89.494877813999949, 37.491774977000034 ], [ -89.453714324999964, 37.453235414000062 ], [ -89.427665388999969, 37.411068013000033 ], [ -89.435827891999963, 37.35576668300007 ], [ -89.468833696, 37.339458979000028 ], [ -89.500672198999951, 37.329491312000073 ], [ -89.513977392999948, 37.305012712000064 ], [ -89.51397671999996, 37.276452212000038 ], [ -89.489683577999983, 37.256051212000045 ], [ -89.465398207999954, 37.253781522000054 ], [ -89.468304, 37.224316575000046 ], [ -89.44060598599998, 37.16536777400006 ], [ -89.423880792999967, 37.137253411000074 ], [ -89.380070218999947, 37.099133098000038 ], [ -89.383028696999986, 37.049263525000072 ], [ -89.311057810999955, 37.00973212100007 ], [ -89.282843414999945, 36.999257086000057 ], [ -89.262076003999937, 37.008736707000025 ], [ -89.264319584999953, 37.027783394000039 ], [ -89.309777473999986, 37.060959582000066 ], [ -89.303369417999988, 37.085434711000062 ], [ -89.284310814999969, 37.091294111000025 ], [ -89.264130395999985, 37.087174291000053 ], [ -89.237753592999979, 37.041783488000078 ], [ -89.210126187999947, 37.029023687000063 ], [ -89.193584224999938, 36.986822303000054 ], [ -89.129929907999951, 36.988165686000059 ], [ -89.150316507999946, 36.998491681000075 ], [ -89.174403986999948, 37.025762622000059 ], [ -89.16962102399998, 37.064287007000075 ], [ -89.146419703999982, 37.09323691700007 ], [ -89.116893110999968, 37.112188597000056 ], [ -89.065104094999981, 37.185911599000065 ], [ -88.993240079999964, 37.220088019000059 ], [ -88.932567810999956, 37.218459507000034 ], [ -88.863349895999988, 37.202247588000034 ], [ -88.746559812999976, 37.152161474000025 ], [ -88.739166598999986, 37.141236313000036 ], [ -88.688421174999974, 37.135465084000032 ], [ -88.614267991999952, 37.109102475000043 ], [ -88.559318981, 37.072871403000079 ], [ -88.517317612999989, 37.064826702000062 ], [ -88.490743279999947, 37.068237221000061 ], [ -88.476841717999946, 37.072200385000031 ], [ -88.450511019999965, 37.098727317000055 ], [ -88.422555021999983, 37.156965418000027 ], [ -88.45073900999995, 37.205724416000066 ], [ -88.501468892999981, 37.257836482000073 ], [ -88.511365224999963, 37.296905794000054 ], [ -88.467685924999955, 37.400808379000068 ], [ -88.419893589999958, 37.420343216000049 ], [ -88.359214222999981, 37.409361123000053 ], [ -88.311742503999938, 37.442903305000073 ], [ -88.087910614999942, 37.476321676000055 ], [ -88.071591512999987, 37.511038620000079 ], [ -88.134202083, 37.583620379000024 ], [ -88.157664183999941, 37.628526504000035 ], [ -88.159404384999959, 37.660733489000052 ], [ -88.133670313999971, 37.700790808000079 ], [ -88.072503989999973, 37.735446207000052 ], [ -88.035607391999974, 37.805727919000049 ], [ -88.011222919999966, 37.801352290000068 ], [ -87.958738018999952, 37.776224275000061 ], [ -87.939610413999958, 37.799551012000052 ], [ -87.920170015999986, 37.809728589000031 ], [ -87.910228612999958, 37.838613486000042 ], [ -87.936848895999958, 37.875223504000076 ], [ -87.934483781999973, 37.904203875000064 ], [ -87.921894882999936, 37.919908891000034 ], [ -87.899036401999979, 37.924596898000061 ], [ -87.857187388999989, 37.890946911000071 ], [ -87.823647174999962, 37.878255024000055 ], [ -87.753782485999977, 37.898128816000053 ], [ -87.728199993999965, 37.894585005000067 ], [ -87.709408181999947, 37.899753908000037 ], [ -87.679720995999958, 37.897049375000051 ], [ -87.684717392999971, 37.836372806000043 ], [ -87.651695890999974, 37.828175179000027 ], [ -87.607588793, 37.843819325000027 ], [ -87.593634493999957, 37.864910718000033 ], [ -87.594718389999969, 37.890766685000074 ], [ -87.62713761699996, 37.923454722000031 ], [ -87.604325707999976, 37.971157281000046 ], [ -87.504803, 37.915626977000045 ], [ -87.452288415999988, 37.936520789000042 ], [ -87.387550616999988, 37.934969207000051 ], [ -87.310558883999988, 37.893718375000049 ], [ -87.272745923999935, 37.870819384000072 ], [ -87.226761809999971, 37.849118309000062 ], [ -87.175780676999977, 37.838640216000044 ], [ -87.158079909999969, 37.826967523000064 ], [ -87.131879395999988, 37.789736374000029 ], [ -87.106427086999986, 37.784251208000057 ], [ -87.071308298999952, 37.807136108000066 ], [ -87.036479976999942, 37.908005411000033 ], [ -87.013156399999957, 37.924763914000039 ], [ -86.989031518, 37.930616113000042 ], [ -86.931572912999968, 37.93804072000006 ], [ -86.900077921, 37.953696988000047 ], [ -86.863272704999986, 37.986920214000065 ], [ -86.826307207999946, 37.99155968000008 ], [ -86.802815474999989, 37.978799879000064 ], [ -86.753825585999948, 37.898359395000057 ], [ -86.728876605999972, 37.894621475000065 ], [ -86.689125914999977, 37.911853622000081 ], [ -86.668655496999975, 37.913196798000058 ], [ -86.660308622999935, 37.902572877000068 ], [ -86.670669792999945, 37.860640874000069 ], [ -86.66592418099998, 37.84738090500008 ], [ -86.645568197999978, 37.846000379000031 ], [ -86.614782507999962, 37.85797550500007 ], [ -86.598309807999954, 37.92107199600008 ], [ -86.581783903999963, 37.925665408000043 ], [ -86.541087221999987, 37.921515801000055 ], [ -86.52273781599996, 37.927871690000075 ], [ -86.516901002999987, 37.942242079000039 ], [ -86.530847892999986, 37.987477314000046 ], [ -86.52783440099995, 38.018693185000075 ], [ -86.519091173999982, 38.047047919000079 ], [ -86.503114704999973, 38.051648792000037 ], [ -86.458367411999973, 38.059160895000048 ], [ -86.442467611999973, 38.075995395000064 ], [ -86.442521177999936, 38.088698212000054 ], [ -86.474336886999936, 38.111707597000077 ], [ -86.464846024999986, 38.129156182000031 ], [ -86.452524174999951, 38.129755296000042 ], [ -86.407181290999972, 38.108218595000039 ], [ -86.393677117999971, 38.123294399000031 ], [ -86.344039108999937, 38.13427022500008 ], [ -86.335417879999966, 38.144028293000076 ], [ -86.343123885999944, 38.155559820000065 ], [ -86.387101008999934, 38.168021489000068 ], [ -86.388306904, 38.194808011000077 ], [ -86.364349917999959, 38.193290205000039 ], [ -86.341605924999953, 38.177288092000026 ], [ -86.297674284999971, 38.150304093000045 ], [ -86.291440083999987, 38.078489501000035 ], [ -86.277699010999982, 38.058172992000038 ], [ -86.252154904999941, 38.040721506000068 ], [ -86.190621703999966, 38.017758381000078 ], [ -86.104986622999945, 38.011336183000026 ], [ -86.052715724999985, 37.966784502000053 ], [ -86.03161982599994, 37.992950722000046 ], [ -86.006663280999987, 38.001767096000037 ], [ -85.958582086999968, 38.011840599000038 ], [ -85.930871898999953, 38.03404888700004 ], [ -85.914751103999947, 38.064874880000048 ], [ -85.912074595999968, 38.180001484000059 ], [ -85.852335784, 38.238561081000057 ], [ -85.839907683999968, 38.276291517000061 ], [ -85.806551321999962, 38.28617919900006 ], [ -85.786210775999962, 38.282391598000061 ], [ -85.74692601199996, 38.270315092000033 ], [ -85.681388980999941, 38.300953711000034 ], [ -85.654228277999948, 38.337752814000055 ], [ -85.643593012999986, 38.383688026000073 ], [ -85.612640306999936, 38.446670393000034 ], [ -85.50720002199995, 38.471419514000047 ], [ -85.466382116999966, 38.518175405000079 ], [ -85.43236981299998, 38.537016120000033 ], [ -85.417461696999965, 38.561475604000066 ], [ -85.42440457899994, 38.584840106000058 ], [ -85.453679299999976, 38.694674513000052 ], [ -85.446690624999974, 38.724840678000078 ], [ -85.418186590999937, 38.738417222000066 ], [ -85.335009196999977, 38.737006391000079 ], [ -85.271393887999977, 38.744376707000072 ], [ -85.205161801999964, 38.695816999000044 ], [ -85.160933221999983, 38.695176494000066 ], [ -85.119657110999981, 38.714139310000064 ], [ -85.068454619999955, 38.750424621000036 ], [ -85.025073088999989, 38.76429111200008 ], [ -84.975611212999979, 38.780640985000048 ], [ -84.818780181999955, 38.793410007000034 ], [ -84.824426200999937, 38.834462896000048 ], [ -84.787446093999961, 38.866643513000042 ], [ -84.788666908999971, 38.884385308000049 ], [ -84.803223998999954, 38.897190905000059 ], [ -84.859743500999969, 38.902042508000079 ], [ -84.875254407999989, 38.909431318000031 ], [ -84.875880199999983, 38.927604175000056 ], [ -84.846315893999986, 38.954631120000045 ], [ -84.834444376999954, 38.982775477000075 ], [ -84.844225704999985, 39.005831021000063 ], [ -84.876293182999973, 39.032895523000036 ], [ -84.889996075999989, 39.050648612000032 ], [ -84.886707917999956, 39.065045006000048 ], [ -84.827861377999966, 39.103687711000077 ], [ -84.811480577999987, 39.102585477000048 ], [ -84.789926989999969, 39.107033579000074 ], [ -84.742875608999952, 39.142063781000047 ], [ -84.667487520999941, 39.089624521000076 ], [ -84.622648482999978, 39.074934605000067 ], [ -84.59306868699997, 39.070265610000035 ], [ -84.515300825999987, 39.09419519100004 ], [ -84.492053607999935, 39.107363519000046 ], [ -84.44491809699997, 39.111826903000065 ], [ -84.425683722999963, 39.084724118000054 ], [ -84.419740089999948, 39.047336883000071 ], [ -84.391312311999968, 39.035744383000065 ], [ -84.345778996999968, 39.037812297000073 ], [ -84.313315113999977, 39.014074183000048 ], [ -84.290136121999979, 38.944537880000041 ], [ -84.261525113999937, 38.917477315000042 ], [ -84.235294397999951, 38.87455559600005 ], [ -84.228702073999955, 38.812690487000054 ], [ -84.176752309999983, 38.788498622000077 ], [ -84.088867119999975, 38.765504777000046 ], [ -84.053801586999953, 38.763734996000039 ], [ -83.962162779999971, 38.77764738500008 ], [ -83.912539482999989, 38.757960400000059 ], [ -83.857552706999968, 38.744918421000079 ], [ -83.837532206999981, 38.711879877000058 ], [ -83.790465025999936, 38.69384450900003 ], [ -83.770223218999945, 38.650819389000048 ], [ -83.71282537899998, 38.635553412000036 ], [ -83.678530120999937, 38.620928095000068 ], [ -83.655755717999966, 38.623880718000066 ], [ -83.643189715999938, 38.635862475000067 ], [ -83.633240905999969, 38.664971993000051 ], [ -83.618378481999969, 38.677972217000047 ], [ -83.526555976999987, 38.696110987000054 ], [ -83.500073493999935, 38.690137308000033 ], [ -83.453616303999979, 38.663774698000054 ], [ -83.371421994999935, 38.654997696000066 ], [ -83.330023211999958, 38.631987999000046 ], [ -83.320325805999971, 38.606563509000068 ], [ -83.306531218999964, 38.596317395000028 ], [ -83.290043598999944, 38.596637906000069 ], [ -83.272754881999958, 38.609256905000052 ], [ -83.245013611, 38.624172375000057 ], [ -83.181939084999954, 38.60984099500007 ], [ -83.143149981999954, 38.619339679000063 ], [ -83.111243096999942, 38.664833313000031 ], [ -83.060879882999984, 38.685726504000058 ], [ -83.026943419999952, 38.714511989000073 ], [ -82.972483075999946, 38.71964302400005 ], [ -82.921303792999936, 38.746414522000066 ], [ -82.890312284999936, 38.742775496000036 ], [ -82.873191205999944, 38.719006508000064 ], [ -82.880011776999936, 38.68330129800006 ], [ -82.860029508999958, 38.652395112000079 ], [ -82.853856695, 38.60045871300008 ], [ -82.826992518999987, 38.571662091000064 ], [ -82.802363893999939, 38.557288698000036 ], [ -82.74194479099998, 38.553066202000025 ], [ -82.695579398999939, 38.539142779000031 ], [ -82.669760316999941, 38.502140811000061 ], [ -82.613743314999965, 38.472668923000072 ], [ -82.586604317999956, 38.412519408000037 ], [ -82.598239193999973, 38.368463906000045 ], [ -82.572298010999987, 38.307811012000059 ], [ -82.580049604999942, 38.292510482000068 ], [ -82.574578993999978, 38.255973714000049 ], [ -82.589113186999953, 38.24538807700003 ], [ -82.616228716999956, 38.23881160600007 ], [ -82.606645383999989, 38.193826325000032 ], [ -82.613763621999965, 38.178094888000032 ], [ -82.647158215, 38.169435688000078 ], [ -82.646127987999989, 38.146330723000062 ], [ -82.593208710999988, 38.109962579000069 ], [ -82.52467859799998, 38.015662390000045 ], [ -82.475779676999935, 37.975907089000032 ], [ -82.48017410999995, 37.95439639500006 ], [ -82.493396313999938, 37.94251368700003 ], [ -82.500209477999988, 37.922261883000033 ], [ -82.437607299999968, 37.894854904000056 ], [ -82.421508314999983, 37.872356513000057 ], [ -82.405805784999984, 37.811719678000031 ], [ -82.339846602999955, 37.784400300000073 ], [ -82.319497923999961, 37.758426894000024 ], [ -82.32940119899996, 37.744171510000058 ], [ -82.295624808999946, 37.669057984000062 ], [ -82.238371191999988, 37.656775816000049 ], [ -82.205440607999947, 37.624016495000035 ], [ -82.185549410999954, 37.640667712000038 ], [ -82.159310198999947, 37.593569086000059 ], [ -82.131781479999972, 37.590536995000036 ], [ -82.137473396999951, 37.569895883000072 ], [ -82.146522474999983, 37.565920907000077 ], [ -82.142509215999951, 37.557452501000057 ], [ -82.084392076999961, 37.54830991700004 ], [ -82.055665390999934, 37.52534249200005 ], [ -82.049134196999944, 37.551453800000047 ], [ -82.026351193999972, 37.530519477000041 ], [ -81.976574298999935, 37.543253480000033 ], [ -81.959575217999941, 37.531172623000032 ], [ -82.28895089599996, 37.30486118500005 ], [ -82.353842292999957, 37.260519621000071 ], [ -82.405884993999962, 37.25070420600008 ], [ -82.550039886999969, 37.199378421000063 ], [ -82.568022674999952, 37.19391900100004 ], [ -82.719095790999972, 37.110017282000058 ], [ -82.721377291999943, 37.093117716000052 ], [ -82.709170084999982, 37.07548227500007 ], [ -82.72005768799994, 37.06592981700004 ], [ -82.723598183999968, 37.033992316000024 ], [ -82.812222720999955, 37.005600801000071 ], [ -82.866559821999942, 36.974585774000047 ], [ -82.860632093999982, 36.932162411000036 ], [ -82.878042912999945, 36.893694182000047 ], [ -82.950805675999959, 36.86407848500005 ], [ -83.046634185999949, 36.85879359300003 ], [ -83.067951910999966, 36.850996101000078 ], [ -83.12822067899998, 36.779152705000058 ], [ -83.124390909999988, 36.751167592000058 ], [ -83.138513519999947, 36.740059304000056 ], [ -83.203656581999951, 36.734260723000034 ], [ -83.321383695999941, 36.709532894000063 ], [ -83.385854806999987, 36.688219675000028 ], [ -83.404150594999976, 36.672327388000042 ], [ -83.46022131999996, 36.661832511000057 ], [ -83.530894979999971, 36.661481020000053 ], [ -83.646802580999974, 36.61697699900003 ], [ -83.675176793999981, 36.598703901000079 ], [ -83.464209815999936, 36.598840094000025 ], [ -83.27503140999994, 36.600467414000036 ], [ -83.248388384999942, 36.589935394000065 ], [ -83.21092650199995, 36.588089616000047 ], [ -82.986697222999965, 36.591289707000044 ], [ -82.849822610999979, 36.591041307000069 ], [ -82.610838920999981, 36.591545515000064 ], [ -82.296858005, 36.591800909000028 ], [ -82.216661310999939, 36.594072309000069 ], [ -82.154181287999961, 36.595150299000068 ], [ -81.929303319999974, 36.595950724000033 ], [ -81.918294184999979, 36.613608803000034 ], [ -81.828897921999953, 36.611596424000027 ], [ -81.652272204999974, 36.607673822000038 ], [ -81.669835016999969, 36.589767808000033 ], [ -81.702632724999944, 36.51946029800007 ], [ -81.698114893999957, 36.471899993000079 ], [ -81.740907983999989, 36.391907926000044 ], [ -81.740213188999974, 36.361982494000074 ], [ -81.70928990699997, 36.333850310000059 ], [ -81.730324573999951, 36.329467222000062 ], [ -81.830410392999966, 36.334779001000072 ], [ -81.910994010999957, 36.290875284000037 ], [ -81.932951722999974, 36.263444321000065 ], [ -82.020294990999957, 36.12983429500008 ], [ -82.077602121999973, 36.100260198000058 ], [ -82.11792560899994, 36.096374791000073 ], [ -82.153900976999978, 36.139737725000032 ], [ -82.207584620999967, 36.147127623000074 ], [ -82.262159918999942, 36.120487603000072 ], [ -82.311783680999952, 36.122260596000046 ], [ -82.373713389999978, 36.098807198000031 ], [ -82.408282898999971, 36.07542658400007 ], [ -82.47505519799995, 35.993284390000042 ], [ -82.506793874999971, 35.972650323000039 ], [ -82.554005278999966, 35.956215905000079 ], [ -82.599164880999979, 35.963405788000046 ], [ -82.605666494, 36.003654212000072 ], [ -82.592094198999973, 36.022556107000071 ], [ -82.604264210999986, 36.043094077000035 ], [ -82.62790881899997, 36.054446103000032 ], [ -82.64375531099995, 36.051829015000067 ], [ -82.763094877999947, 35.999650018000068 ], [ -82.773463300999936, 35.987606874000051 ], [ -82.776308482, 35.956677376000073 ], [ -82.808535205999988, 35.920975223000028 ], [ -82.856137108999974, 35.947528575000035 ], [ -82.895841796999946, 35.948462602000063 ], [ -82.913938708999979, 35.927969702000041 ], [ -82.906689096999969, 35.872317191000036 ], [ -82.962619793999977, 35.791951979000032 ], [ -82.986873823999986, 35.774091086000055 ], [ -83.059828778999986, 35.782676777000063 ], [ -83.118057607999958, 35.763907603000064 ], [ -83.143533020999939, 35.762781902000029 ], [ -83.185220507999986, 35.728983392000032 ], [ -83.243724519999944, 35.718313003000048 ], [ -83.253177409999978, 35.700803704000066 ], [ -83.25899878499996, 35.691106713000067 ], [ -83.298291579999955, 35.656423287000052 ], [ -83.342902783999989, 35.653355504000046 ], [ -83.386972116999971, 35.625313200000051 ], [ -83.458173090999935, 35.597373313000048 ], [ -83.505683715999965, 35.559645415000034 ], [ -83.560922621999964, 35.555268803000047 ], [ -83.613750619999962, 35.571830917000057 ], [ -83.672766298999989, 35.565062409000063 ], [ -83.775774694999939, 35.552692899000078 ], [ -83.830098119999946, 35.519149421000066 ], [ -83.881125409999981, 35.510672001000046 ], [ -83.909912603999942, 35.476564324000037 ], [ -83.954607885999962, 35.455544318000079 ], [ -84.01255671399997, 35.407706809000047 ], [ -84.006217296999978, 35.372943709000026 ], [ -84.029115303999959, 35.325373976000037 ], [ -84.030771686999969, 35.292605798000068 ], [ -84.042689723999956, 35.272658497000066 ], [ -84.101560715999938, 35.245633780000048 ], [ -84.179642716999979, 35.241069481000068 ], [ -84.225863109999977, 35.261682878000045 ], [ -84.290959494999981, 35.210622279000063 ], [ -84.323773520999964, 34.989090593000071 ], [ -84.618684695999946, 34.988759824000056 ], [ -84.771134297999936, 34.99075718000006 ], [ -84.800416892999976, 34.992832295000028 ], [ -84.967857184999957, 34.992682891000072 ], [ -84.972793487999979, 34.992629482000041 ], [ -85.267717303999973, 34.989149805000068 ], [ -85.359943878999957, 34.989978099000041 ], [ -85.467383903999973, 34.990123824000079 ], [ -85.608960198999966, 34.990164180000079 ], [ -85.86956751699995, 34.99238450100006 ], [ -86.303500375999988, 34.995463888000074 ], [ -86.313052625999944, 34.995273093000037 ], [ -86.782372201999976, 34.997075304000077 ], [ -86.833422077999955, 34.998246076000044 ], [ -87.207588512999962, 35.007960421000064 ], [ -87.22276388399996, 35.007346181000059 ], [ -87.607813103999945, 35.010546583000064 ], [ -87.986078222999936, 35.016033614000037 ], [ -88.194962418999978, 35.013543809000055 ], [ -88.193993579999983, 35.004453599000044 ], [ -88.351727710999967, 35.003832312000043 ], [ -88.383146290999946, 35.005041574000074 ], [ -88.785043375999976, 35.003182275000029 ], [ -88.812548315999948, 35.002438576000031 ], [ -89.006196374999945, 35.000234677000037 ], [ -89.198134692999986, 35.000883782000074 ], [ -89.342372989999944, 34.999804911000069 ], [ -89.646558694999953, 35.000733292000064 ], [ -89.717270120999956, 34.999261176000061 ], [ -90.305448314999978, 35.000788825000029 ], [ -90.291905909999969, 35.048551476000057 ], [ -90.195803821999959, 35.040990781000062 ], [ -90.169176701999959, 35.077919704000067 ], [ -90.178439003999983, 35.108737979000068 ], [ -90.164568421999945, 35.129703126000038 ], [ -90.143823596999937, 35.136626425000031 ], [ -90.083015911999951, 35.12514017400008 ], [ -90.064628585999969, 35.14747460500007 ], [ -90.062522700999978, 35.167005505000077 ], [ -90.073394814999972, 35.191922678000026 ], [ -90.069053375999943, 35.212826696000036 ], [ -90.090194915999973, 35.254486209000049 ], [ -90.106033897999964, 35.26393511100008 ], [ -90.152216006999936, 35.264145125000027 ], [ -90.169840311999963, 35.282653724000056 ], [ -90.157083617999945, 35.306330811000066 ], [ -90.106438175999983, 35.314772383000047 ], [ -90.098793298999965, 35.345678311000029 ], [ -90.105713282999943, 35.366067500000042 ], [ -90.087226699999974, 35.381592911000041 ], [ -90.075568615999941, 35.406612915000039 ], [ -90.085250582999947, 35.418365698000059 ], [ -90.112335702999985, 35.417774510000072 ], [ -90.132561916999975, 35.407684896000035 ], [ -90.140260204999947, 35.383130300000062 ], [ -90.167909988999952, 35.384339613000066 ], [ -90.172769984999945, 35.423801807000075 ], [ -90.137368502999948, 35.442607709000072 ], [ -90.102050891999966, 35.47365102100008 ], [ -90.082320597999967, 35.478289399000062 ], [ -90.074935206999953, 35.472426425000037 ], [ -90.074027392999938, 35.426590004000047 ], [ -90.060385575999987, 35.413494409000066 ], [ -90.046873476999963, 35.417186897000079 ], [ -89.999653576999947, 35.445537021000064 ], [ -90.041906402999984, 35.512521716000037 ], [ -90.040990920999946, 35.542927993000035 ], [ -90.033140019999962, 35.552495007000061 ], [ -89.989673994999976, 35.561756896000077 ], [ -89.962359900999957, 35.532372920000057 ], [ -89.947634706999963, 35.526982813000075 ], [ -89.931261625, 35.529313581000054 ], [ -89.921747398999969, 35.546139895000067 ], [ -89.958117823999942, 35.578674697000054 ], [ -89.957133702999954, 35.603183603000048 ], [ -89.877526123999985, 35.633414575000074 ], [ -89.863922486999968, 35.629825125000025 ], [ -89.849281214999962, 35.645301012000061 ], [ -89.857330422999951, 35.671141281000075 ], [ -89.865265298999986, 35.673384292000037 ], [ -89.893487310999944, 35.656050505000053 ], [ -89.929827222999961, 35.676344220000033 ], [ -89.952120988, 35.712563894000027 ], [ -89.951121584999953, 35.734345421000057 ], [ -89.90986811099998, 35.754914007000025 ], [ -89.859954918999961, 35.74826910400003 ], [ -89.82712457599996, 35.75834747600004 ], [ -89.79998599299995, 35.774300375000053 ], [ -89.790464306999979, 35.805629903000067 ], [ -89.759877077999988, 35.817497380000077 ], [ -89.736019296999984, 35.807113985000058 ], [ -89.700908021999965, 35.827590775000033 ], [ -89.701518376999957, 35.842113106000056 ], [ -89.757794400999956, 35.871493404000034 ], [ -89.766354810999985, 35.884177001000069 ], [ -89.762990190999972, 35.896887277000076 ], [ -89.738056698999969, 35.915087021000033 ], [ -89.714763478999942, 35.911501197000064 ], [ -89.664728598999943, 35.885721798000077 ], [ -89.649415998999984, 35.894361883000045 ], [ -89.645479202, 35.913873822000028 ], [ -89.664270909999971, 35.937894475000064 ], [ -89.713214796999978, 35.966397523000069 ], [ -89.721836387999986, 35.99995089600003 ], [ -89.963291595999976, 35.996908808000057 ], [ -90.283554217999949, 35.991227977000051 ], [ -90.379062217999945, 35.989656397000033 ], [ -90.315339674999962, 36.091723409000053 ], [ -90.284851805999949, 36.115972725000063 ], [ -90.263801700999977, 36.118829822000066 ], [ -90.234938821999947, 36.137155190000044 ], [ -90.232321992999971, 36.161213814000064 ], [ -90.219321197999989, 36.172630907000041 ], [ -90.161404903999937, 36.197006676000058 ], [ -90.131313801999966, 36.212135580000052 ], [ -90.110012188999974, 36.258059808000041 ], [ -90.066187784999954, 36.272338297000033 ], [ -90.049845111999957, 36.300536013000055 ], [ -90.067729005999979, 36.325395787000048 ], [ -90.050295288999962, 36.36266848300005 ], [ -90.05215691899997, 36.382615006000037 ], [ -90.080272214999979, 36.397450026000058 ], [ -90.116925074999983, 36.404976013000066 ], [ -90.123929188999966, 36.422626219000051 ], [ -90.117321996999976, 36.453955696000037 ], [ -90.137372802999948, 36.457476505000045 ], [ -90.150259420999987, 36.491872885000078 ], [ -90.22447331799998, 36.492811108000069 ], [ -90.581732208999938, 36.491022315000066 ], [ -90.804433888999938, 36.489265485000033 ], [ -91.133956275999935, 36.488015712000049 ], [ -91.411796725999977, 36.491101783000033 ], [ -91.452989017999982, 36.490438018000077 ], [ -91.688560582999969, 36.491018585000063 ], [ -92.127642296999966, 36.491435401000047 ], [ -92.146319414999937, 36.491660592000073 ], [ -92.523050718999968, 36.490921401000037 ], [ -92.777635506999957, 36.489983489000053 ], [ -92.852275698999961, 36.489884491000055 ], [ -93.297324408999941, 36.490680875000066 ], [ -93.328346221999936, 36.490261521000036 ], [ -93.59644968799995, 36.489958778000073 ], [ -93.857519822999961, 36.489786374000062 ], [ -94.081052077999971, 36.491024283000058 ], [ -94.617257092999978, 36.489414110000041 ], [ -94.621073392999961, 36.67054289400005 ], [ -94.621684420999941, 36.763607711000077 ], [ -94.620379683999943, 36.997046815000033 ], [ -95.032745121999938, 37.000779399000066 ], [ -95.071931096999947, 37.001478080000027 ], [ -95.406622490999951, 37.000615595000056 ], [ -95.526018783999973, 37.001018786000031 ], [ -95.785748591999948, 36.998113978000049 ], [ -95.957960916, 37.000082894000059 ], [ -96.006049724999968, 36.998333782000032 ], [ -96.51918769599996, 37.000577778000036 ], [ -96.748696220999989, 37.00016609100004 ], [ -97.137692803999983, 36.999808281000071 ], [ -97.465404898999964, 36.996467179000035 ], [ -97.804249992999985, 36.998567626000067 ], [ -98.104529102999948, 36.998671390000027 ], [ -98.347143583, 36.999061525000059 ], [ -98.540219619999959, 36.998375899000052 ], [ -98.999516099999937, 36.998072793000063 ], [ -99.437473613999941, 36.994558408000046 ], [ -99.544639697999969, 36.995462906000057 ], [ -99.999261794999939, 36.99541752600004 ], [ -100.088573978999989, 36.997652507000055 ], [ -100.634245611999972, 36.997832423000034 ], [ -100.95058682399997, 36.996661704000076 ], [ -101.071604220999973, 36.997466686000053 ], [ -101.553676085999939, 36.996692993000067 ], [ -102.024519374999954, 36.988875711000048 ], [ -102.037207581999951, 36.988993877000041 ], [ -102.042010697999956, 37.386279522000052 ], [ -102.044455899999946, 37.641474198000026 ], [ -102.043976608999969, 37.734398574000068 ], [ -102.046060891999957, 38.253822085000024 ], [ -102.045549690999962, 38.263343616000043 ], [ -102.047584190999942, 38.615499395000029 ], [ -102.047568493999961, 38.692550495000035 ], [ -102.048972590999938, 39.037002910000069 ], [ -102.047874707999938, 39.12675351200005 ], [ -102.048801585999968, 39.562803498000051 ], [ -102.049442504999945, 39.568693306000057 ], [ -102.051535595999951, 39.998918291000052 ], [ -101.40739339299995, 40.001003714000035 ], [ -101.32214860299996, 40.001821079000081 ], [ -100.754855880999969, 40.00019831700007 ], [ -100.735049382999989, 39.999172286000032 ], [ -100.191111578999937, 40.000585500000057 ], [ -100.180910690999951, 40.000478680000072 ], [ -99.627859416999968, 40.002987809000047 ], [ -99.178200975999971, 39.999577083000077 ], [ -99.06474702099996, 39.998337982000066 ], [ -98.720632316999968, 39.998461276000057 ], [ -98.504479080999943, 39.997129704000031 ], [ -98.264165788999946, 39.998434803000066 ], [ -97.929588675, 39.998452884000073 ], [ -97.816589300999965, 39.999729180000031 ], [ -97.361911824999936, 39.997380177000025 ], [ -96.908287473999962, 39.996154804000071 ], [ -96.801420298999972, 39.994475991000058 ], [ -96.454038315, 39.994172781000032 ], [ -96.24059852299996, 39.994503188000067 ], [ -96.001253706999989, 39.995158975000038 ], [ -95.780700184999944, 39.993489486000044 ], [ -95.329701313999976, 39.992594986000029 ], [ -95.308697210999981, 39.999407580000025 ], [ -95.345067324999945, 40.024974116000067 ], [ -95.371244320999949, 40.028751201000034 ], [ -95.39053189699996, 40.043750802000034 ], [ -95.41376388499998, 40.048111406000032 ], [ -95.403784301999963, 40.080379210000046 ], [ -95.384542520999958, 40.095362700000067 ], [ -95.392812880999941, 40.115416406000065 ], [ -95.422476702999973, 40.131743589000052 ], [ -95.460952597999949, 40.173995274000049 ], [ -95.466636589999951, 40.213255587000049 ], [ -95.476822092999953, 40.226854925000055 ], [ -95.547137010999961, 40.266215789000057 ], [ -95.5955325, 40.30977682200006 ], [ -95.646826787999942, 40.309109690000071 ], [ -95.645552821999956, 40.322346813000024 ], [ -95.617933498999946, 40.331417908000049 ], [ -95.616201689999968, 40.346497493000072 ], [ -95.634184995999988, 40.358800176000045 ], [ -95.636817676999954, 40.396390482000072 ], [ -95.695361784999989, 40.485338277000039 ], [ -95.684970515999964, 40.512205198000061 ], [ -95.658060803999945, 40.530332623000049 ], [ -95.662944422999942, 40.558729008000057 ], [ -95.675693811999963, 40.565835693000054 ], [ -95.687412920999975, 40.561170377000053 ], [ -95.692066374999968, 40.524129815000038 ], [ -95.737036217999957, 40.532373288000031 ], [ -95.763412399999936, 40.549707179000052 ], [ -95.767479586999968, 40.589047995000044 ], [ -95.382555110999988, 40.584333983000079 ], [ -95.217428387999973, 40.581892614000026 ], [ -94.920615900999962, 40.577218284000026 ], [ -94.63987629099995, 40.575744925000038 ], [ -94.485231078999959, 40.574204895000037 ], [ -94.238391824999951, 40.570966106000071 ], [ -94.01805878, 40.574022078000041 ], [ -93.786303721999957, 40.578448474000027 ], [ -93.562910509999938, 40.580813899000077 ], [ -93.370271386999946, 40.580491108000047 ], [ -93.100938610999947, 40.584347297000079 ], [ -92.717815413999972, 40.589667209000027 ], [ -92.646432399999981, 40.591461908000042 ], [ -92.361513083999967, 40.599576286000058 ], [ -92.193174406999958, 40.600088679000066 ], [ -91.946370223999963, 40.608266620000052 ], [ -91.741711786999986, 40.609784375000061 ], [ -91.716976393999971, 40.593435487000079 ], [ -91.689959810999937, 40.581202481000048 ] ] ] ] } },
{ "type": "Feature", "properties": { "OBJECTID": 6, "Territory_": "TX", "Status": "AVAILABLE", "State": "Texas", "STATE_FIPS": "48", "SUB_REGION": "West South Central", "STATE_ABBR": "TX", "POPULATION": 28296099, "Shape_Leng": 64.807458366399999, "Shape_Area": 65.059642312199998 }, "geometry": { "type": "MultiPolygon", "coordinates": [ [ [ [ -105.998886791999951, 31.393940089000068 ], [ -106.213285475999953, 31.478246397000078 ], [ -106.383581205999974, 31.733872705000067 ], [ -106.539514783999948, 31.786305282000058 ], [ -106.614986482999939, 31.817834412000025 ], [ -106.616123685, 31.844740498000078 ], [ -106.644079113999965, 31.895205403000034 ], [ -106.633748921999938, 31.914100978000079 ], [ -106.632605295999952, 31.97221998200007 ], [ -106.650061909999977, 31.980329697000059 ], [ -106.623625583999967, 32.001088819000074 ], [ -106.378387281999949, 32.000747120000028 ], [ -106.003240403999939, 32.001657990000069 ], [ -104.922304775999976, 32.004382105000047 ], [ -104.851068108999982, 32.003265003000024 ], [ -104.019297011999981, 32.00740352400004 ], [ -103.981377075999944, 32.006015176000062 ], [ -103.729444292999972, 32.006228920000069 ], [ -103.332549405999941, 32.004281502000026 ], [ -103.058413773999973, 32.002022794000027 ], [ -103.055640496999956, 32.085116784000036 ], [ -103.060018197999966, 32.515545514000053 ], [ -103.049330919999989, 32.953638910000052 ], [ -103.043101017999959, 33.377831521000076 ], [ -103.038736423999978, 33.565843197000049 ], [ -103.033258509999939, 33.826181600000041 ], [ -103.029645798999979, 34.307820487000072 ], [ -103.022657020999986, 34.74533279700006 ], [ -103.025251315, 34.964779890000045 ], [ -103.026151202999984, 35.177265502000068 ], [ -103.022293976999947, 35.623648011000057 ], [ -103.022612312999968, 35.742327284000055 ], [ -103.024048011, 36.056061923000073 ], [ -103.027286798999967, 36.491591797000069 ], [ -102.997400996999943, 36.492370205000043 ], [ -102.165673621999986, 36.490234220000048 ], [ -102.034658408999974, 36.492981026000052 ], [ -101.620755478999968, 36.492031406000024 ], [ -101.090102405999971, 36.488050214000054 ], [ -100.957341396999936, 36.489637696000045 ], [ -100.549839321999968, 36.48947912400007 ], [ -100.007272874999956, 36.493912721000072 ], [ -100.001550703999953, 36.49255478200007 ], [ -99.997553607999976, 36.05759138600007 ], [ -99.998123089999979, 35.883837477000043 ], [ -100.000392520999981, 35.618856189000041 ], [ -99.994743394999944, 35.424622176000071 ], [ -99.997570184999972, 35.182235116000072 ], [ -99.996455103999949, 35.031050984000046 ], [ -99.999259877999975, 34.747243382000079 ], [ -99.996475306999969, 34.562383983000075 ], [ -99.972479883999938, 34.561926709000033 ], [ -99.945119993999981, 34.57963462400005 ], [ -99.932286891, 34.579173310000044 ], [ -99.880977320999989, 34.548241895000046 ], [ -99.860949308999977, 34.518694580000044 ], [ -99.830308410999976, 34.501846197000077 ], [ -99.778060307999965, 34.444064282000056 ], [ -99.685276889999955, 34.377520699000058 ], [ -99.601817421999954, 34.36863397500008 ], [ -99.585589495999955, 34.38493390800005 ], [ -99.57821949099997, 34.408988700000066 ], [ -99.554232303999981, 34.41525641800007 ], [ -99.502504105999947, 34.404145281000069 ], [ -99.479805905999967, 34.383600213000079 ], [ -99.438743174999956, 34.364783380000063 ], [ -99.410323012999982, 34.369185584000036 ], [ -99.394522418999941, 34.396822314000076 ], [ -99.39315712299998, 34.42907069000006 ], [ -99.364569218999975, 34.450272375000054 ], [ -99.323659, 34.412787024000068 ], [ -99.267535590999955, 34.398364624000067 ], [ -99.25446569099995, 34.368294399000035 ], [ -99.205849205999982, 34.332075501000077 ], [ -99.196662795999941, 34.30520578200003 ], [ -99.204955585999983, 34.255730697000047 ], [ -99.190840280999964, 34.223821584000063 ], [ -99.176511801999936, 34.21281649000008 ], [ -99.128300112999966, 34.201556311000047 ], [ -99.078784101999986, 34.20844599000003 ], [ -99.035569897999949, 34.199009107000052 ], [ -98.996544619999952, 34.209583710000061 ], [ -98.952856873999963, 34.194653579000033 ], [ -98.891689410999959, 34.160909878000041 ], [ -98.811409881999964, 34.146025904000055 ], [ -98.778876892999961, 34.132053215000042 ], [ -98.70563230199997, 34.130806395000036 ], [ -98.682552720999979, 34.150089413000046 ], [ -98.66205950899996, 34.14712938200006 ], [ -98.626330003999954, 34.158527617000061 ], [ -98.60758377999997, 34.15148977900003 ], [ -98.57666842499998, 34.142022022000049 ], [ -98.557914274999973, 34.105428477000032 ], [ -98.499852202999989, 34.066508205000048 ], [ -98.44851947799998, 34.054469310000059 ], [ -98.421670789999951, 34.065924582000036 ], [ -98.407464413999946, 34.082548705000079 ], [ -98.391281815999946, 34.087324675000048 ], [ -98.384583191, 34.11587331100003 ], [ -98.350730286999976, 34.142213179000066 ], [ -98.320814075999976, 34.139512478000029 ], [ -98.277324687999965, 34.122964714000034 ], [ -98.173164273999987, 34.115461624000034 ], [ -98.137182690999964, 34.138524679000056 ], [ -98.115186281999968, 34.149079700000073 ], [ -98.09444130199995, 34.134649219000039 ], [ -98.111005488999979, 34.069915202000061 ], [ -98.086522018999972, 34.005410314000073 ], [ -98.055873712999983, 33.989896403000046 ], [ -98.023806183999966, 33.987081320000073 ], [ -97.982995219999964, 34.001382395000064 ], [ -97.950538901999948, 33.971258501000079 ], [ -97.948067019999939, 33.95984902400005 ], [ -97.96331098099995, 33.948748403000025 ], [ -97.950996900999939, 33.932616418000066 ], [ -97.976441906, 33.912150921000034 ], [ -97.976693724999961, 33.902602918000071 ], [ -97.955048494999971, 33.883579388000044 ], [ -97.909377587999984, 33.874123078000025 ], [ -97.870062206999989, 33.855214086000046 ], [ -97.852857412, 33.85717098300006 ], [ -97.79051560299996, 33.890556718000028 ], [ -97.756670416999953, 33.932197323000025 ], [ -97.729325810999967, 33.939391816000068 ], [ -97.704567624, 33.971644597000079 ], [ -97.671371025999974, 33.988711386000034 ], [ -97.600484190999964, 33.969535706000045 ], [ -97.59265649699995, 33.917985092000038 ], [ -97.575970622999989, 33.902631411000073 ], [ -97.554889901999957, 33.904004787000076 ], [ -97.518504195, 33.916871823000065 ], [ -97.477830822999977, 33.907808395000075 ], [ -97.463059989999977, 33.902483200000063 ], [ -97.457360715999982, 33.890532008000037 ], [ -97.45303507899996, 33.836314988000026 ], [ -97.410416206999969, 33.820812526000054 ], [ -97.363616074, 33.831127176000052 ], [ -97.342100509999966, 33.862017925000032 ], [ -97.315251876, 33.870493894000049 ], [ -97.314381981999986, 33.895941074000064 ], [ -97.272571925999955, 33.872675880000031 ], [ -97.264202205999936, 33.858832598000049 ], [ -97.250980105999986, 33.873072596000043 ], [ -97.246356594999952, 33.894338983000068 ], [ -97.211626700999943, 33.905790525000043 ], [ -97.188058815999966, 33.899305695000066 ], [ -97.164460417999976, 33.863249980000035 ], [ -97.168885518999957, 33.847896196000079 ], [ -97.195306822999953, 33.836261682000043 ], [ -97.208612896999966, 33.819751993000068 ], [ -97.189454778999959, 33.752874377000069 ], [ -97.152763998999944, 33.728773791000037 ], [ -97.115851806999956, 33.726038693000078 ], [ -97.09078849499997, 33.731775887000026 ], [ -97.083754023999973, 33.742517921000058 ], [ -97.087958076999939, 33.80767512400007 ], [ -97.05031368799996, 33.823551509000026 ], [ -97.078535699999975, 33.837913505000074 ], [ -97.082464880999964, 33.85120362400005 ], [ -97.071188384999971, 33.856830112000068 ], [ -97.025883679999936, 33.840663885000026 ], [ -97.006138414999953, 33.850616218000027 ], [ -96.987995189999936, 33.876525024000046 ], [ -96.988148114999944, 33.944302891000063 ], [ -96.968471075999958, 33.937421294000046 ], [ -96.936487520999947, 33.947949584000071 ], [ -96.92984981799998, 33.961872905000064 ], [ -96.898735896999938, 33.950127789000078 ], [ -96.883133091, 33.924692006000043 ], [ -96.879218776999949, 33.884104577000073 ], [ -96.861296495999966, 33.861781491000045 ], [ -96.844289903999936, 33.858134694000057 ], [ -96.814396899999963, 33.871871001000045 ], [ -96.797870996999961, 33.870051488000058 ], [ -96.749101793999955, 33.831840518000035 ], [ -96.71195311799994, 33.833972720000077 ], [ -96.69365738099998, 33.848006486000031 ], [ -96.677979199, 33.904424504000076 ], [ -96.666511908999951, 33.913644380000051 ], [ -96.584760524999979, 33.896245475000057 ], [ -96.614439213999958, 33.86300142500005 ], [ -96.60146862199997, 33.843058475000078 ], [ -96.562404697999966, 33.825522600000056 ], [ -96.510843516999955, 33.815787481000029 ], [ -96.501016185999958, 33.78819250600003 ], [ -96.487641315999952, 33.778232506000052 ], [ -96.419730416999982, 33.788428525000029 ], [ -96.371083210999984, 33.740497511000058 ], [ -96.347850601999937, 33.705631786000026 ], [ -96.316538582999954, 33.701904693000074 ], [ -96.301050676999978, 33.714153292000049 ], [ -96.289942803999963, 33.762034315000051 ], [ -96.278338386999962, 33.773489484000038 ], [ -96.212807209999937, 33.756792575000077 ], [ -96.187286001999951, 33.75868451000008 ], [ -96.169074291999948, 33.769456902000059 ], [ -96.161574879999989, 33.798329676000037 ], [ -96.141677207999976, 33.820420110000043 ], [ -96.154777412999977, 33.82404411300007 ], [ -96.180984920999947, 33.808533880000027 ], [ -96.183388420999961, 33.81589228100006 ], [ -96.169464479999988, 33.829083196000056 ], [ -96.149223293999967, 33.835690076000049 ], [ -96.109701577999942, 33.829357705000064 ], [ -96.091779918999976, 33.844677196000077 ], [ -96.048229920999972, 33.841377485000066 ], [ -96.027004614999953, 33.856121019000057 ], [ -96.014323814999955, 33.844307004000029 ], [ -96.002048017999982, 33.857078410000042 ], [ -96.002872375999971, 33.873488996000049 ], [ -95.994464580999988, 33.875476511000045 ], [ -95.977648211999963, 33.858051289000059 ], [ -95.959016578999979, 33.865139118000059 ], [ -95.943322907999971, 33.890071781000074 ], [ -95.933327990999942, 33.890628881000055 ], [ -95.84680571399997, 33.841138203000071 ], [ -95.826220808999949, 33.843125924000049 ], [ -95.795725220999941, 33.864774314000044 ], [ -95.768761477999988, 33.851503311000045 ], [ -95.764497125, 33.879106420000028 ], [ -95.760941916999968, 33.893541097000025 ], [ -95.747109513999987, 33.903497575000074 ], [ -95.699950223999963, 33.894926803000033 ], [ -95.633732695, 33.920207693000066 ], [ -95.613224096999943, 33.920341503000031 ], [ -95.615070807999984, 33.936794206000059 ], [ -95.606311987999959, 33.944656505000069 ], [ -95.563013394999984, 33.936177116000067 ], [ -95.546555717, 33.904137821000063 ], [ -95.519813694999982, 33.906747501000041 ], [ -95.526970215999938, 33.89792019600003 ], [ -95.547730476999959, 33.893262081000046 ], [ -95.544274215999963, 33.885846384000047 ], [ -95.513122373999977, 33.897840315000053 ], [ -95.499091198999963, 33.881822609000039 ], [ -95.468359487999976, 33.886537813000075 ], [ -95.451841304999959, 33.865858625000044 ], [ -95.330272090999983, 33.871024885000054 ], [ -95.336459979999972, 33.897220220000065 ], [ -95.302187877999984, 33.886730109000041 ], [ -95.286661896999988, 33.887008711000078 ], [ -95.277583083999957, 33.918044977000079 ], [ -95.263849624999978, 33.897907400000065 ], [ -95.251222804999941, 33.90512867700005 ], [ -95.251520782999989, 33.936550106000027 ], [ -95.234270606999985, 33.964969388000043 ], [ -95.148543986999982, 33.943653475000076 ], [ -95.128195774999938, 33.940975621000064 ], [ -95.126906216999942, 33.91725222000008 ], [ -95.119451978999962, 33.912388495000073 ], [ -95.095586686, 33.921845115000053 ], [ -95.082494198999939, 33.918560687000024 ], [ -95.089940615999978, 33.897023002000026 ], [ -95.08382918999996, 33.888569723000046 ], [ -95.063702491999948, 33.917755911000029 ], [ -95.063366697999982, 33.89680179800007 ], [ -95.043087125999989, 33.884552889000076 ], [ -95.037586002999944, 33.866559119000044 ], [ -95.01299591999998, 33.870053404000032 ], [ -94.989504083999975, 33.856290107000063 ], [ -94.96892679399997, 33.866322788000048 ], [ -94.960129690999963, 33.848184122000077 ], [ -94.940109190999976, 33.840932386000077 ], [ -94.94062028999997, 33.815915593000057 ], [ -94.918455879999954, 33.816304797000043 ], [ -94.908766088999982, 33.803586698000061 ], [ -94.914099107999959, 33.789704977000042 ], [ -94.881855703999975, 33.775071890000049 ], [ -94.858096505999981, 33.749429616000043 ], [ -94.819375524999941, 33.74951369300004 ], [ -94.803436977, 33.73969102600006 ], [ -94.783721809999975, 33.753370504000031 ], [ -94.76438802399997, 33.752950892000058 ], [ -94.78224161299994, 33.742376599000067 ], [ -94.783370784999988, 33.733774590000053 ], [ -94.749982978999981, 33.736815021000041 ], [ -94.762930725, 33.716906314000028 ], [ -94.742322974999979, 33.719157200000041 ], [ -94.754690618999973, 33.707880807000038 ], [ -94.74186528599995, 33.701377121000064 ], [ -94.691197308999961, 33.69039968900006 ], [ -94.668667213999981, 33.696648604000075 ], [ -94.65568931699994, 33.692403211000055 ], [ -94.64453492399997, 33.677762819000066 ], [ -94.668163574999937, 33.671571097000026 ], [ -94.669636104999938, 33.666173323000066 ], [ -94.658748708999951, 33.663850378000063 ], [ -94.638972775999946, 33.670217509000054 ], [ -94.631946075999963, 33.684011475000034 ], [ -94.601152977999959, 33.665720918000034 ], [ -94.585314203999985, 33.679095479000068 ], [ -94.578714523999963, 33.670585007000057 ], [ -94.560929990999966, 33.672027387000071 ], [ -94.565416116999984, 33.663127712000062 ], [ -94.585367406999978, 33.662246007000078 ], [ -94.588594693999937, 33.655562717000066 ], [ -94.576669611999989, 33.652270881000049 ], [ -94.545625004999977, 33.661735789000033 ], [ -94.542138074999968, 33.648361592000072 ], [ -94.56240220899997, 33.642944288000024 ], [ -94.562356414999954, 33.635650694000049 ], [ -94.550400818999947, 33.632808983000075 ], [ -94.518196423999939, 33.643124514000078 ], [ -94.525261199999989, 33.621136601000046 ], [ -94.510765082999967, 33.630925388000037 ], [ -94.500816012999962, 33.623162708000052 ], [ -94.476691285999948, 33.632081810000045 ], [ -94.436117015999969, 33.636560891000045 ], [ -94.436536420999971, 33.616961091000064 ], [ -94.451757276999956, 33.604463989000067 ], [ -94.443532504999951, 33.596621220000031 ], [ -94.428669977999959, 33.597258513000043 ], [ -94.406772721999971, 33.57360421900006 ], [ -94.393619208999951, 33.57507690400007 ], [ -94.379313886999967, 33.593444700000077 ], [ -94.370829679999986, 33.590160479000076 ], [ -94.372507974999962, 33.572780793000049 ], [ -94.395465505999937, 33.560420919000023 ], [ -94.370958878999943, 33.547802492000073 ], [ -94.328950621, 33.573254697000039 ], [ -94.30258241699994, 33.557054279000056 ], [ -94.299019696999949, 33.579972800000064 ], [ -94.279182790999982, 33.589452577000031 ], [ -94.272277881999969, 33.584726287000024 ], [ -94.274741993999953, 33.561857498000052 ], [ -94.237433397999951, 33.592542999000045 ], [ -94.223234479999974, 33.585840800000028 ], [ -94.235563789999958, 33.561655876000032 ], [ -94.21108011299998, 33.558108491000041 ], [ -94.205541275999963, 33.585200087000032 ], [ -94.15970998399996, 33.593893996000077 ], [ -94.155360724, 33.567206783000074 ], [ -94.098893595999982, 33.573119903000077 ], [ -94.086846410999954, 33.584075680000069 ], [ -94.061622713999952, 33.577335405000042 ], [ -94.03611647699995, 33.556034724000028 ], [ -94.036691604999987, 33.270452885000054 ], [ -94.038931715, 33.023422422000067 ], [ -94.041785392999941, 32.88248528500003 ], [ -94.040382694999948, 32.694957822000049 ], [ -94.03541852099994, 32.389381179000054 ], [ -94.034954978999963, 32.199609202000033 ], [ -94.035255596999946, 31.994679209000026 ], [ -94.010077900999988, 31.989300603000061 ], [ -94.004584704999957, 31.978108599000052 ], [ -93.977400793999948, 31.94632708000006 ], [ -93.970175684999958, 31.923332717000051 ], [ -93.935918916999981, 31.909624591000068 ], [ -93.91811148499994, 31.909870505000072 ], [ -93.923650683999938, 31.892762117000075 ], [ -93.899449598, 31.894623385000045 ], [ -93.892712793999976, 31.870234820000064 ], [ -93.881451476999985, 31.871588822000035 ], [ -93.877591090999942, 31.850282391000064 ], [ -93.865010117999987, 31.817442411000059 ], [ -93.83451458199994, 31.802187676000074 ], [ -93.822253911999951, 31.774808309000036 ], [ -93.831348524999953, 31.753452404000029 ], [ -93.810176317999947, 31.730524713000079 ], [ -93.815135518999966, 31.712523794000049 ], [ -93.808955503999982, 31.707738292000045 ], [ -93.792452602999958, 31.711568009000075 ], [ -93.812030022999977, 31.674740310000061 ], [ -93.806612925999957, 31.653941299000053 ], [ -93.814913900999954, 31.648141423000027 ], [ -93.819773896999948, 31.618267484000057 ], [ -93.835765596999977, 31.615364696000029 ], [ -93.832805203999953, 31.59036007800006 ], [ -93.816508222999971, 31.577287484000067 ], [ -93.810701973999983, 31.559240718000069 ], [ -93.780312998999989, 31.533913723000069 ], [ -93.763489688999982, 31.530901888000074 ], [ -93.747726910999972, 31.537895899000034 ], [ -93.731841875999976, 31.522055675000047 ], [ -93.70597741499995, 31.520746898000027 ], [ -93.719176513999969, 31.495582308000053 ], [ -93.750618197999984, 31.490736299000048 ], [ -93.751426910999953, 31.48568012100003 ], [ -93.726966079999954, 31.459654808000039 ], [ -93.698599119999983, 31.461638125000036 ], [ -93.702108585999952, 31.446431309000047 ], [ -93.687184876999936, 31.438311803000033 ], [ -93.69630989999996, 31.427917219000051 ], [ -93.69462357499998, 31.416103411000051 ], [ -93.68767292299998, 31.406311308000056 ], [ -93.664196420999986, 31.398510293000072 ], [ -93.661251205999974, 31.372576880000054 ], [ -93.635035718999973, 31.374008899000046 ], [ -93.677219593999951, 31.328570177000074 ], [ -93.681766692999986, 31.312863711000034 ], [ -93.656306302999951, 31.286855700000046 ], [ -93.645769775999952, 31.290447118000031 ], [ -93.631006297999988, 31.274088076000055 ], [ -93.616632023999955, 31.275989492000065 ], [ -93.612054203999946, 31.270218004000071 ], [ -93.611176488999945, 31.242373591000046 ], [ -93.590721300999974, 31.229873121000026 ], [ -93.603096301999983, 31.199253722000037 ], [ -93.594116122999935, 31.180386794000071 ], [ -93.57711719699995, 31.172328314000026 ], [ -93.550764586999946, 31.191116603000069 ], [ -93.52909630399995, 31.185961013000053 ], [ -93.527104903999941, 31.178263192000031 ], [ -93.537191305999954, 31.176527705000069 ], [ -93.528501023999979, 31.163130817000024 ], [ -93.544363005999969, 31.159354614000051 ], [ -93.537679196999989, 31.132629583000039 ], [ -93.528264175999936, 31.126114189000077 ], [ -93.535260517999973, 31.116261320000035 ], [ -93.55685238999996, 31.109532701000035 ], [ -93.560155881999947, 31.100726791000056 ], [ -93.54329439199995, 31.094941782000035 ], [ -93.544278512999938, 31.08256351700004 ], [ -93.517170287999988, 31.074861500000054 ], [ -93.525913721999984, 31.057171612000047 ], [ -93.507388907999939, 31.039099825000051 ], [ -93.547291694999956, 31.01433428200005 ], [ -93.56511451199998, 31.018255900000042 ], [ -93.568067083999949, 31.013117820000048 ], [ -93.571019706999948, 30.997464711000077 ], [ -93.561124098999983, 30.991883810000047 ], [ -93.572629620999976, 30.976372023000067 ], [ -93.548848095999972, 30.970384615000057 ], [ -93.53751052299998, 30.957079111000041 ], [ -93.532360475999951, 30.960926079000046 ], [ -93.525791516999959, 30.936014811000064 ], [ -93.530155695999952, 30.927166888000045 ], [ -93.549794295999959, 30.925080585000046 ], [ -93.546689213999969, 30.905530776000035 ], [ -93.564649311999972, 30.902128391000076 ], [ -93.568670082999972, 30.886431300000027 ], [ -93.56101769299994, 30.872077022000042 ], [ -93.552976099999967, 30.860480481000025 ], [ -93.566617916999974, 30.845346190000043 ], [ -93.555814391999945, 30.84254048300005 ], [ -93.550855191999972, 30.828542824000067 ], [ -93.582045108999978, 30.802239582000027 ], [ -93.585348807999935, 30.772384707000072 ], [ -93.618628913999942, 30.745989824000048 ], [ -93.607825077999962, 30.732210985000052 ], [ -93.61796488899995, 30.732749022000064 ], [ -93.61258560999994, 30.710530217000041 ], [ -93.61778077799994, 30.687002999000072 ], [ -93.660162803, 30.673060822000025 ], [ -93.678145020999978, 30.639894219000041 ], [ -93.693053290999956, 30.640243378000037 ], [ -93.684759515999986, 30.62362640300006 ], [ -93.692869592999955, 30.615997223000079 ], [ -93.671758203999957, 30.598033498000063 ], [ -93.693594124999947, 30.599036994000073 ], [ -93.717985589999955, 30.587581878000037 ], [ -93.718053920999978, 30.568355793000023 ], [ -93.735479399999974, 30.545719707000046 ], [ -93.705631985999958, 30.523059895000074 ], [ -93.714810003999958, 30.505316079000067 ], [ -93.707447198999944, 30.496442979000051 ], [ -93.715023176999978, 30.488830998000026 ], [ -93.698145991, 30.470249717000058 ], [ -93.703593288999969, 30.462715804000027 ], [ -93.696741323999959, 30.442835693000063 ], [ -93.721705120999957, 30.433183202000066 ], [ -93.742731603999971, 30.40902718500007 ], [ -93.755113700999971, 30.381992988000036 ], [ -93.748002508999946, 30.367615503000025 ], [ -93.759507719999988, 30.354350198000077 ], [ -93.759347075999983, 30.341077226000039 ], [ -93.729941393, 30.305122011000037 ], [ -93.699376906999987, 30.29759348400006 ], [ -93.707524023999952, 30.239578814000026 ], [ -93.715008723999972, 30.220513426000025 ], [ -93.704525709999984, 30.181068483000047 ], [ -93.696331398999973, 30.175884401000076 ], [ -93.699825891999978, 30.151017011000079 ], [ -93.683307707999973, 30.148440175000076 ], [ -93.686122998999963, 30.141461394000032 ], [ -93.698803487999953, 30.141434715000059 ], [ -93.69708690899995, 30.118138904000034 ], [ -93.708546687999956, 30.114949900000056 ], [ -93.716023719999953, 30.095878812000024 ], [ -93.712643920999938, 30.060731014000055 ], [ -93.760367511999959, 30.006176388000029 ], [ -93.857446986999946, 29.990866896000057 ], [ -93.856500215999972, 29.964815007000027 ], [ -93.951936621999948, 29.818579093000039 ], [ -93.835125091999942, 29.674791905000063 ], [ -94.065581473999941, 29.674296917000049 ], [ -94.357182112999965, 29.560128895000048 ], [ -94.377194375999977, 29.552198578000059 ], [ -94.682712117999984, 29.43313828600003 ], [ -94.766743709999957, 29.364227725000035 ], [ -94.785444086999973, 29.383494993000056 ], [ -94.682109791999949, 29.475342882000064 ], [ -94.572885274999976, 29.533282903000043 ], [ -94.501472525999986, 29.517754176000039 ], [ -94.469985408999946, 29.557009619000041 ], [ -94.511001879, 29.545377281000071 ], [ -94.533890612999983, 29.554213600000026 ], [ -94.564630197999975, 29.57922749100004 ], [ -94.788283725999975, 29.538786616000039 ], [ -94.706616987999951, 29.658741822000025 ], [ -94.700475722999954, 29.754790915000058 ], [ -94.735923102999948, 29.793207599000027 ], [ -94.829614801, 29.760081091000075 ], [ -94.887363198999935, 29.668765904000054 ], [ -94.932790108999939, 29.682436109000037 ], [ -95.088472488999969, 29.80420538900006 ], [ -95.040604624999958, 29.711806098000068 ], [ -94.989539517999958, 29.679928587000063 ], [ -95.014327801999968, 29.559494503000053 ], [ -94.911357585999951, 29.500563886000066 ], [ -94.983014902999969, 29.460758595000073 ], [ -94.943958696999971, 29.46491281200008 ], [ -94.952709383999945, 29.424466809000023 ], [ -94.91364551199996, 29.42034527900006 ], [ -94.917193673999975, 29.448054379000041 ], [ -94.891336205999949, 29.399557924000078 ], [ -94.815550573999985, 29.37116620200004 ], [ -94.891671792999944, 29.394064883000055 ], [ -94.898987610999939, 29.309011197000075 ], [ -94.951334814999939, 29.326157610000053 ], [ -95.066572278999956, 29.196116778000032 ], [ -95.160730109999975, 29.200271410000028 ], [ -95.164988091999987, 29.117790210000067 ], [ -95.197551592999957, 29.105465304000063 ], [ -95.248618098999941, 28.97863772200003 ], [ -95.526807291999944, 28.803496708000068 ], [ -95.683264297999983, 28.727214121000031 ], [ -95.671552492999979, 28.75294109500004 ], [ -95.786592687999985, 28.739132624000035 ], [ -95.937549398999977, 28.690720610000028 ], [ -95.956387419999942, 28.622942225000031 ], [ -95.702384495999979, 28.719247800000062 ], [ -96.206828194999957, 28.488663513000063 ], [ -95.991887899999938, 28.59669488000003 ], [ -95.983990426, 28.653401705000078 ], [ -96.237833689999945, 28.571595823000052 ], [ -96.239275395999982, 28.597389675000045 ], [ -96.157715479, 28.611502702000053 ], [ -96.240701716999979, 28.635130679000042 ], [ -96.151304780999965, 28.762937979000071 ], [ -96.212418420999938, 28.686989009000058 ], [ -96.28621949099994, 28.661995011000045 ], [ -96.270624195999972, 28.709249309000029 ], [ -96.326404816999968, 28.63436097500005 ], [ -96.364407794999977, 28.618254426000078 ], [ -96.392026495999971, 28.670523510000066 ], [ -96.392979794999974, 28.726298018000023 ], [ -96.427335922999987, 28.712283679000052 ], [ -96.449926783999956, 28.755304499000033 ], [ -96.43250891799994, 28.697519475000036 ], [ -96.403645986999948, 28.719763819000036 ], [ -96.41903541299996, 28.638937292000037 ], [ -96.375646317999951, 28.610362080000073 ], [ -96.491455905999942, 28.557220512000072 ], [ -96.437407819999976, 28.597265397000058 ], [ -96.454634992999956, 28.656206220000058 ], [ -96.483520874999954, 28.598330022000027 ], [ -96.512147112999969, 28.608455899000035 ], [ -96.511986623999974, 28.649815311000054 ], [ -96.570650709999938, 28.636540682000032 ], [ -96.570810525999946, 28.692113206000045 ], [ -96.572465406, 28.808442026000023 ], [ -96.57673882399996, 28.690961188000074 ], [ -96.591753603999962, 28.717630891000056 ], [ -96.646770684999979, 28.714413394000076 ], [ -96.660267708999982, 28.679347914000061 ], [ -96.606960109999989, 28.623908681000046 ], [ -96.61059980899995, 28.559217299000068 ], [ -96.566958377, 28.574374591000037 ], [ -96.486832705999973, 28.506500110000047 ], [ -96.563449586, 28.469906721000029 ], [ -96.518755391999946, 28.461106509000047 ], [ -96.476754074999974, 28.499733 ], [ -96.390975598999944, 28.43433910300007 ], [ -96.66156799099997, 28.306547085000034 ], [ -96.702622380999969, 28.340479716000061 ], [ -96.704071599999963, 28.396166778000065 ], [ -96.74102927399997, 28.403738716000078 ], [ -96.787355502999958, 28.477785390000065 ], [ -96.824138079999955, 28.449919893000072 ], [ -96.788599421999947, 28.446534395000072 ], [ -96.75936308699994, 28.41119238400006 ], [ -96.775621991999969, 28.391911595000067 ], [ -96.853756521999969, 28.405277814000044 ], [ -96.788493378999988, 28.352753025000027 ], [ -96.78653290699998, 28.313142413000037 ], [ -96.793598303999943, 28.271656909000058 ], [ -96.778194320999944, 28.229635804000054 ], [ -96.803951807999965, 28.21173398600007 ], [ -96.951171323999972, 28.114646222000033 ], [ -96.912985996999964, 28.257082620000062 ], [ -96.975571181999953, 28.211037118000036 ], [ -96.941337207999936, 28.187059100000056 ], [ -96.975372306999986, 28.115336511000066 ], [ -97.033883104999973, 28.137687674000063 ], [ -97.023835399999939, 28.200083723000034 ], [ -97.132104702999982, 28.130716974000052 ], [ -97.135683117999974, 28.162099085000079 ], [ -97.168260916999941, 28.159749409000028 ], [ -97.157327623999947, 28.116672019000077 ], [ -97.260554009999964, 28.065017589000036 ], [ -97.241503177999959, 28.048946992000026 ], [ -97.270563793999941, 28.02622750200004 ], [ -97.236483004999968, 28.040814483000077 ], [ -97.123345675999985, 28.054560011000035 ], [ -97.02667301799994, 28.108041310000033 ], [ -97.024070900999959, 28.020532477000074 ], [ -97.114891307999983, 27.915686903000051 ], [ -97.195732599999985, 27.812525375000064 ], [ -97.247292797999989, 27.822624417000043 ], [ -97.213608619999945, 27.83141488900003 ], [ -97.283754292999959, 27.871447807000038 ], [ -97.361315508999951, 27.840257787000041 ], [ -97.345888888, 27.873480391000044 ], [ -97.479625988999942, 27.853264123000031 ], [ -97.496952574999966, 27.875769611000067 ], [ -97.521969677999948, 27.863927208000064 ], [ -97.499805992999939, 27.843544494000071 ], [ -97.480083625999953, 27.820585099000027 ], [ -97.388812108999957, 27.831730220000054 ], [ -97.39683039, 27.771146121000072 ], [ -97.318063280999979, 27.712534824000045 ], [ -97.349779214999955, 27.715637523000055 ], [ -97.320283393999944, 27.690944402000071 ], [ -97.353631777999965, 27.641112698000029 ], [ -97.399485294999977, 27.633498281000072 ], [ -97.347772274999954, 27.631752019000032 ], [ -97.309480075999943, 27.708172923000063 ], [ -97.250061412999969, 27.689142916000037 ], [ -97.331727112999943, 27.562636519000023 ], [ -97.412528412999961, 27.321345011000062 ], [ -97.500703186999942, 27.319987901000047 ], [ -97.507808525999963, 27.439531679000027 ], [ -97.528650585999969, 27.344420395000043 ], [ -97.600382706999937, 27.300455085000067 ], [ -97.750349494999966, 27.419982907000076 ], [ -97.680279196999948, 27.294693077000034 ], [ -97.785017794999987, 27.288040298000055 ], [ -97.548424601999955, 27.230529992000072 ], [ -97.427481181999951, 27.265455084000052 ], [ -97.503767292999953, 27.08186861400003 ], [ -97.479260303999979, 26.996837981000056 ], [ -97.568831818999968, 26.978188578000072 ], [ -97.55831730899996, 26.846386876000054 ], [ -97.495837700999971, 26.79411727400003 ], [ -97.451958020999939, 26.60132688300007 ], [ -97.426115784, 26.51856977500006 ], [ -97.474968287999957, 26.477150788000074 ], [ -97.421446891999949, 26.385407595000061 ], [ -97.368954894999945, 26.359409376000031 ], [ -97.35361970799994, 26.182802722000076 ], [ -97.253373296999939, 26.06867199900006 ], [ -97.276575289999982, 26.002633298000035 ], [ -97.213347889999966, 26.009425325000052 ], [ -97.172474813999941, 25.954927424000061 ], [ -97.307398796999962, 25.965482393000059 ], [ -97.304689808999967, 25.939022186000045 ], [ -97.381246024999939, 25.917379390000065 ], [ -97.385898909, 25.845721608000076 ], [ -97.43460688, 25.845557389000078 ], [ -97.590353082999968, 25.933589081000036 ], [ -97.575201022999977, 25.954529413000046 ], [ -97.613189079999984, 25.962358921000032 ], [ -97.648240314999953, 26.023800999000059 ], [ -97.867707919999987, 26.060496079000075 ], [ -98.040352600999938, 26.059750515000076 ], [ -98.076631591999956, 26.034982486000047 ], [ -98.083498216999942, 26.066113294000047 ], [ -98.200979624999945, 26.055732179000074 ], [ -98.292237723999961, 26.098459219000063 ], [ -98.271645618999969, 26.121249422000062 ], [ -98.292566005999959, 26.133162279000032 ], [ -98.328226509, 26.112000794000039 ], [ -98.347484090999956, 26.159032594000053 ], [ -98.384815686999957, 26.156383284000071 ], [ -98.453688897999939, 26.221261575000028 ], [ -98.488815404999968, 26.201894894000077 ], [ -98.600268324999945, 26.260802925000064 ], [ -98.678219105999972, 26.242404720000025 ], [ -98.820136375999937, 26.375413819000073 ], [ -98.90920321599998, 26.360671477000039 ], [ -98.939576701999954, 26.395650912000065 ], [ -99.107036522999977, 26.419869093000045 ], [ -99.101780795999957, 26.488676721000047 ], [ -99.168989180999972, 26.546061506000058 ], [ -99.166128509999965, 26.580220674000032 ], [ -99.285837025999967, 26.857678706000058 ], [ -99.390835006999964, 26.946943698000041 ], [ -99.393032585999947, 26.995861579000064 ], [ -99.455381389999957, 27.02895819500003 ], [ -99.437475012999982, 27.199502480000035 ], [ -99.465590203999966, 27.270186502000058 ], [ -99.543907913999988, 27.318953893000071 ], [ -99.49081317699995, 27.491051522000078 ], [ -99.527061395999965, 27.504579785000033 ], [ -99.549506998999959, 27.612919593000072 ], [ -99.714817987999936, 27.661849078000046 ], [ -99.816055410999979, 27.780394800000067 ], [ -99.875063008999973, 27.797972118000075 ], [ -99.942189076999966, 27.987161920000062 ], [ -99.993643490999943, 28.003739575000054 ], [ -100.097262500999989, 28.15455548400007 ], [ -100.214416195999945, 28.202206290000049 ], [ -100.223808578999979, 28.24172717700003 ], [ -100.298266421999983, 28.280622117000064 ], [ -100.293238890999987, 28.320627579000075 ], [ -100.35191877799997, 28.394447092000064 ], [ -100.377120198999989, 28.478913319000071 ], [ -100.346151796999948, 28.501072393000072 ], [ -100.419884485999944, 28.544451283000058 ], [ -100.403526582999973, 28.589991800000064 ], [ -100.498264101999951, 28.661243697000032 ], [ -100.590148873999965, 28.894469523000055 ], [ -100.647584996999967, 28.922595594000029 ], [ -100.669132317999981, 29.080312682000056 ], [ -100.768974502, 29.166807399000049 ], [ -100.797357416999944, 29.242736321000052 ], [ -101.009431394999979, 29.373482516000024 ], [ -101.067737722999937, 29.473776276000024 ], [ -101.261811609999938, 29.526691979000077 ], [ -101.254968917999975, 29.628964187000065 ], [ -101.309313789999976, 29.581124814000077 ], [ -101.306247301999974, 29.652644020000025 ], [ -101.368786691999958, 29.657372796000061 ], [ -101.416487177999954, 29.745640923000053 ], [ -101.401663399999961, 29.770111493000059 ], [ -101.448813675999986, 29.760791687000051 ], [ -101.47085577699994, 29.788895223000054 ], [ -101.538735800999973, 29.763222177000046 ], [ -101.544344209999963, 29.810322617000054 ], [ -101.58188131299994, 29.76535401700005 ], [ -101.640064501999973, 29.757163384000023 ], [ -101.759491203999971, 29.787367781000057 ], [ -101.805604724999966, 29.780199604000074 ], [ -101.819498722999981, 29.814324790000057 ], [ -101.924627301999976, 29.788701217000039 ], [ -101.973724321999953, 29.81897140500007 ], [ -102.064402682999969, 29.784768876000044 ], [ -102.324750875999939, 29.880309201000046 ], [ -102.367980414999977, 29.845483314000035 ], [ -102.38521541199998, 29.768141799000034 ], [ -102.503521124999963, 29.785649700000079 ], [ -102.552373681999939, 29.749694795000039 ], [ -102.576925998999968, 29.778441686000065 ], [ -102.638039379999952, 29.732532584000069 ], [ -102.676790510999979, 29.744418814000028 ], [ -102.805160401999956, 29.530343800000026 ], [ -102.822639913999978, 29.412045080000041 ], [ -102.88344858399995, 29.353572411000073 ], [ -102.908763922999981, 29.269406698000068 ], [ -102.866609524999944, 29.22924142100004 ], [ -102.988539708999951, 29.19106759400006 ], [ -103.153911515999937, 28.978891717000067 ], [ -103.26703718899995, 29.007662178000032 ], [ -103.280800485999976, 28.986582596000062 ], [ -103.335970596999971, 29.050544992000027 ], [ -103.375903481999956, 29.032314581000037 ], [ -103.474531481999975, 29.072338175000027 ], [ -103.526696595999965, 29.146848495000029 ], [ -103.720779186999948, 29.190832403000059 ], [ -103.740319515999943, 29.230548126000031 ], [ -103.782625386999939, 29.229994703000045 ], [ -103.76822899299998, 29.281438186000059 ], [ -103.78746310799994, 29.26745767500006 ], [ -104.046105083999976, 29.32831348600007 ], [ -104.164858902999981, 29.400905502000057 ], [ -104.205212124999946, 29.484228726000026 ], [ -104.378073916999938, 29.550794585000062 ], [ -104.535729719999949, 29.679642783000077 ], [ -104.57804118699994, 29.808107010000072 ], [ -104.674852005999981, 29.909448921000035 ], [ -104.696977303999972, 30.057462491000024 ], [ -104.675240794999979, 30.149120517000028 ], [ -104.703097381999953, 30.238641576000077 ], [ -104.81444462099995, 30.35061870100003 ], [ -104.806959921999976, 30.376596096000071 ], [ -104.853485595999985, 30.39241140200005 ], [ -104.891169200999968, 30.570700392000049 ], [ -104.987425716999951, 30.641466989000037 ], [ -104.998039017999986, 30.684474806000026 ], [ -105.061059874999955, 30.688010794000036 ], [ -105.214844103999951, 30.812223619000065 ], [ -105.258691508999959, 30.79779091000006 ], [ -105.288103925999962, 30.832086220000065 ], [ -105.314288587999954, 30.816644680000024 ], [ -105.390821389999985, 30.853217295000036 ], [ -105.409575280999945, 30.902645084000028 ], [ -105.554896904999964, 30.998418578000042 ], [ -105.603733814999941, 31.086558593000063 ], [ -105.770249922999938, 31.170908883000038 ], [ -105.998886791999951, 31.393940089000068 ] ] ], [ [ [ -94.913628312999947, 29.257810001000053 ], [ -94.767575111999975, 29.34268677600005 ], [ -94.748600018, 29.319726811000066 ], [ -95.105621594999946, 29.097200695000026 ], [ -94.913628312999947, 29.257810001000053 ] ] ], [ [ [ -96.398133000999962, 28.346128687000032 ], [ -96.834889386999976, 28.066615693000074 ], [ -96.804104318999975, 28.172449998000047 ], [ -96.739169094999966, 28.18382331600003 ], [ -96.53239119999995, 28.318528479000065 ], [ -96.463305124999977, 28.326115595000033 ], [ -96.422806591999972, 28.39172069600005 ], [ -96.398133000999962, 28.346128687000032 ] ] ], [ [ [ -96.940230310999937, 28.04622702100005 ], [ -96.872686286999965, 28.131695294000053 ], [ -96.837689498999964, 28.102132801000039 ], [ -96.854069988, 28.049696286000028 ], [ -97.049872316999938, 27.841258122000056 ], [ -97.024695605999966, 27.914681697000049 ], [ -96.949652377999939, 27.984822812000061 ], [ -96.97326590199998, 28.001149011000052 ], [ -96.940230310999937, 28.04622702100005 ] ] ], [ [ [ -97.359380212999952, 27.284040509000079 ], [ -97.379643207999948, 27.210777216000054 ], [ -97.376355878999959, 27.28496541800007 ], [ -97.335769485999947, 27.441138279000029 ], [ -97.248938973999941, 27.581449105000047 ], [ -97.25894948399997, 27.65206168900005 ], [ -97.203848789999938, 27.61237912100006 ], [ -97.17044772099996, 27.707771080000043 ], [ -97.075560593999967, 27.811579277000078 ], [ -97.113303721999955, 27.819521200000054 ], [ -97.05383190799995, 27.830777699000066 ], [ -97.223982792999948, 27.574323511000046 ], [ -97.359380212999952, 27.284040509000079 ] ] ], [ [ [ -97.301387404999957, 26.601365322000049 ], [ -97.35828227899998, 26.706985004000046 ], [ -97.381591920999938, 26.820711085000028 ], [ -97.395570411999984, 26.922320201000048 ], [ -97.401172603999953, 27.111554089000037 ], [ -97.389050303999966, 27.20197498400006 ], [ -97.378796211999941, 27.204773024000076 ], [ -97.387187378999954, 27.097571817000073 ], [ -97.381593215999942, 26.949354192000044 ], [ -97.358283210999957, 26.803000009000073 ], [ -97.296092409999972, 26.601012485000069 ], [ -97.232361318999949, 26.418490277000046 ], [ -97.19524268899994, 26.259593093000035 ], [ -97.172048414999949, 26.07807660900005 ], [ -97.179586523999944, 26.072276576000036 ], [ -97.209166785999969, 26.250893900000051 ], [ -97.226562582999975, 26.348900615000048 ], [ -97.251503998999965, 26.419651879000071 ], [ -97.267503418999979, 26.479251079000051 ], [ -97.27880317499995, 26.540307320000068 ], [ -97.301387404999957, 26.601365322000049 ] ] ] ] } },
{ "type": "Feature", "properties": { "OBJECTID": 7, "Territory_": "MA+CT+RI+VT+NH+ME", "Status": "AVAILABLE", "State": "Connecticut", "STATE_FIPS": "09", "SUB_REGION": "New England", "STATE_ABBR": "CT", "POPULATION": 3648725, "Shape_Leng": 35.143006868500002, "Shape_Area": 19.036473324199999 }, "geometry": { "type": "MultiPolygon", "coordinates": [ [ [ [ -70.04926441799995, 41.391961289000051 ], [ -69.965980099999967, 41.294891191000033 ], [ -69.968444314999942, 41.251816806000079 ], [ -70.103105702999983, 41.238279685000066 ], [ -70.213268702999983, 41.270204909000029 ], [ -70.207096406999938, 41.294087814000079 ], [ -70.097871992999956, 41.277630914000042 ], [ -70.031716420999942, 41.311931197000035 ], [ -70.006508523999969, 41.324774714000057 ], [ -70.026619887999971, 41.337210377000076 ], [ -70.087633183999969, 41.296848710000063 ], [ -70.034486020999964, 41.349718514000074 ], [ -70.04926441799995, 41.391961289000051 ] ] ], [ [ [ -70.605842200999973, 41.474663278000037 ], [ -70.604330920999985, 41.429663078000033 ], [ -70.567694689999939, 41.464566723000075 ], [ -70.552831696999988, 41.417388784000025 ], [ -70.575857400999951, 41.410285725000051 ], [ -70.515157105999947, 41.398660122000081 ], [ -70.486141196999938, 41.341560984000068 ], [ -70.738676512999973, 41.334155182000075 ], [ -70.769713088999936, 41.298163911000074 ], [ -70.843919785999958, 41.348598925000033 ], [ -70.782524176999971, 41.352517694000028 ], [ -70.770926598999949, 41.324980376000042 ], [ -70.751769620999937, 41.382168979000028 ], [ -70.667488022999976, 41.454937285000028 ], [ -70.605842200999973, 41.474663278000037 ] ] ], [ [ [ -71.219446801999936, 41.635642311000026 ], [ -71.238673196999969, 41.474849825000035 ], [ -71.288007220999987, 41.483619316000045 ], [ -71.349524982999981, 41.44585769400004 ], [ -71.269169406999936, 41.621268296000039 ], [ -71.219446801999936, 41.635642311000026 ] ] ], [ [ [ -68.304705109999986, 44.290031406000026 ], [ -68.320711676999963, 44.225079501000039 ], [ -68.40289028899997, 44.270801487000028 ], [ -68.387920993999955, 44.377253090000067 ], [ -68.350253706999979, 44.398950901000035 ], [ -68.355449496999938, 44.428857787000027 ], [ -68.238709197999981, 44.437563301000068 ], [ -68.164768773999981, 44.334495694000054 ], [ -68.304705109999986, 44.290031406000026 ] ] ], [ [ [ -69.036714525999969, 47.257361606000075 ], [ -68.894872008999982, 47.182256524000081 ], [ -68.514672993999966, 47.296964292000041 ], [ -68.391256811999938, 47.285097178000058 ], [ -68.334813824999969, 47.357374122000067 ], [ -68.23080680299995, 47.352148183000054 ], [ -67.791010710999956, 47.061003575000029 ], [ -67.78028960599994, 45.947062713000037 ], [ -67.755615082999952, 45.916580180000039 ], [ -67.794570787999987, 45.878475719000051 ], [ -67.75936709399997, 45.827798625000071 ], [ -67.803053388999956, 45.79450810600008 ], [ -67.803432801999975, 45.678113598000039 ], [ -67.752955203999988, 45.659289201000036 ], [ -67.718034619999969, 45.681299495000076 ], [ -67.615140296999982, 45.605198895000058 ], [ -67.439300705999983, 45.592561403000047 ], [ -67.416084207999972, 45.503554499000074 ], [ -67.504106677999971, 45.485816019000026 ], [ -67.418555104999939, 45.375852310000028 ], [ -67.477950093999937, 45.280280385000026 ], [ -67.439434878999975, 45.189583996000067 ], [ -67.345605692999982, 45.122252214000071 ], [ -67.274095189999969, 45.18278331700003 ], [ -67.16590561299995, 45.156264415000066 ], [ -67.150660822999953, 45.121989878000079 ], [ -67.065358582999977, 44.959295614000041 ], [ -67.146706724999945, 44.904581224000026 ], [ -66.969271, 44.828655100000049 ], [ -67.007718818999933, 44.780624984000042 ], [ -67.200364623999974, 44.653781188000039 ], [ -67.308468101999949, 44.653521080000075 ], [ -67.388510523999969, 44.69140019300005 ], [ -67.570993618999978, 44.598333201000059 ], [ -67.618838276999952, 44.540239581000037 ], [ -67.811218896999947, 44.554009820000033 ], [ -67.858560484999941, 44.536077178000028 ], [ -67.900041792999957, 44.452399305000029 ], [ -67.968342206999978, 44.471228415000041 ], [ -67.963436777999959, 44.505327388000069 ], [ -67.986523713999986, 44.484812315000056 ], [ -68.016392990999975, 44.384956610000074 ], [ -68.074379220999958, 44.381374412000071 ], [ -68.136264689999962, 44.475237116000073 ], [ -68.245614210999975, 44.490647988000035 ], [ -68.363765702999956, 44.43138680900006 ], [ -68.428571209999973, 44.465306385000076 ], [ -68.552186215999939, 44.399049277000074 ], [ -68.530075681999961, 44.289836105000063 ], [ -68.559426814999938, 44.259887205000041 ], [ -68.740309891999971, 44.346330119000072 ], [ -68.812851709999961, 44.327432316000056 ], [ -68.813767708999933, 44.413990184000056 ], [ -68.741348717999983, 44.507284907000042 ], [ -68.745278986999949, 44.552320594000037 ], [ -68.823552092999932, 44.608906819000026 ], [ -68.823812874999987, 44.664089518000026 ], [ -68.860608920999937, 44.610970381000072 ], [ -68.807902921999982, 44.569654225000079 ], [ -68.811677777999932, 44.494593488000078 ], [ -68.959179523999978, 44.430331820000049 ], [ -68.985027822999939, 44.271112622000032 ], [ -69.021482324999965, 44.244093294000038 ], [ -69.074458378999964, 44.06906599000007 ], [ -69.219140688999971, 43.946787579000045 ], [ -69.293650490999937, 43.942190800000049 ], [ -69.346453778999944, 44.015969595000058 ], [ -69.394488400999933, 44.025128083000027 ], [ -69.48323312399998, 43.88716009400008 ], [ -69.589326501999949, 43.844862821000049 ], [ -69.664452875999984, 43.852224486000068 ], [ -69.655244810999989, 43.980249881000077 ], [ -69.612932307999984, 44.033612808000044 ], [ -69.720635598999934, 43.937979494000047 ], [ -69.748528396999973, 43.893375387000049 ], [ -69.724671289999947, 43.784477184000025 ], [ -69.750359409999987, 43.761704076000058 ], [ -69.77767298699996, 43.791270713000074 ], [ -69.800012804999938, 44.026866678000033 ], [ -69.766755180999951, 44.047732206000035 ], [ -69.777276322999967, 44.074148277000063 ], [ -69.859928475999936, 44.000001104000035 ], [ -69.791527976999987, 43.756084995000037 ], [ -69.830392195999934, 43.72798627700007 ], [ -69.851785295999946, 43.744328017000043 ], [ -69.846155698999951, 43.842344005000029 ], [ -69.886790890999976, 43.876713395000081 ], [ -69.90313221699995, 43.790732314000081 ], [ -69.972903398999961, 43.768847594000079 ], [ -69.999500110999975, 43.786207801000046 ], [ -69.987370401999954, 43.845738775000029 ], [ -70.026402777999976, 43.845601080000051 ], [ -70.156628496999986, 43.789810513000077 ], [ -70.235797812999976, 43.685796394000079 ], [ -70.22223919399994, 43.57724040800008 ], [ -70.341610619999983, 43.534908685000062 ], [ -70.365925622999953, 43.430303689000027 ], [ -70.456976817999987, 43.349470686000075 ], [ -70.538941116999979, 43.335718216000032 ], [ -70.665672083999937, 43.091050587000041 ], [ -70.818668113999934, 43.12187109000007 ], [ -70.884748310999953, 43.12770660700005 ], [ -70.874630981999985, 43.101527022000028 ], [ -70.905416101999947, 43.084021297000049 ], [ -70.886494209999967, 43.058883283000057 ], [ -70.810427593999975, 43.089740618000064 ], [ -70.734138892999965, 43.058762890000025 ], [ -70.813880694999966, 42.867064995000078 ], [ -70.739695394999956, 42.663523505000057 ], [ -70.593199320999986, 42.646305086000041 ], [ -70.633451991999948, 42.582642117000034 ], [ -70.813128397999947, 42.546436481000057 ], [ -70.89360389999996, 42.448068122000052 ], [ -70.960622009999952, 42.432393515000058 ], [ -71.034161987999937, 42.285628785000029 ], [ -70.923204106999947, 42.234517004000054 ], [ -70.892671013999973, 42.265766910000025 ], [ -70.824660908999988, 42.260506883000062 ], [ -70.774595516999966, 42.24863997600005 ], [ -70.686037287999966, 42.15316658200004 ], [ -70.618703018999952, 41.968189794000068 ], [ -70.540338478999956, 41.930951497000081 ], [ -70.537704813999937, 41.80576201100007 ], [ -70.423511718999976, 41.743622392000077 ], [ -70.273834099999988, 41.72166302200003 ], [ -70.341127184999948, 41.711813106000079 ], [ -70.205259590999958, 41.712573278000036 ], [ -70.019214707999936, 41.781519378000041 ], [ -70.000448020999954, 41.856350416000055 ], [ -70.100497214999962, 42.002193914000031 ], [ -70.255148175999977, 42.060119275000034 ], [ -70.135090501999969, 42.072494120000044 ], [ -70.050470985999937, 42.026298696000026 ], [ -69.964170687999967, 41.904094211000029 ], [ -69.917779808999967, 41.767653819000031 ], [ -69.954423291999944, 41.67149511000008 ], [ -70.397616588999938, 41.612571589000027 ], [ -70.432918917999984, 41.569755913000051 ], [ -70.637139092999973, 41.539804683000057 ], [ -70.664887822999958, 41.556127099000037 ], [ -70.619760909999968, 41.73563617700006 ], [ -70.839430706999963, 41.626691920000042 ], [ -70.89212852199995, 41.63391262600004 ], [ -71.00118477999996, 41.520124121000038 ], [ -71.117132683999955, 41.493062001000055 ], [ -71.199937193999972, 41.463318505000075 ], [ -71.198808693999979, 41.67850031100005 ], [ -71.22897610299998, 41.707694011000058 ], [ -71.28400168099995, 41.67954898000005 ], [ -71.367387482999959, 41.741350215000068 ], [ -71.393580588999953, 41.761155779000035 ], [ -71.369012574999942, 41.703291082000078 ], [ -71.419246796999971, 41.65221219600005 ], [ -71.427318487999969, 41.48668937900004 ], [ -71.489888080999947, 41.392085309000038 ], [ -71.722264320999955, 41.327264313000057 ], [ -71.866678388999958, 41.322769691000076 ], [ -72.281415882999966, 41.281145507000076 ], [ -72.326354902999981, 41.289641214000028 ], [ -72.378412315999981, 41.358348290000038 ], [ -72.378152984999986, 41.278102175000072 ], [ -72.527244906999954, 41.26370262100005 ], [ -72.906734309999933, 41.270063225000058 ], [ -73.104418576999933, 41.161039396000035 ], [ -73.653151413999979, 40.998392481000053 ], [ -73.653723796999941, 41.012617300000045 ], [ -73.725237615999959, 41.100354175000064 ], [ -73.478120794999938, 41.210754904000055 ], [ -73.550259680999943, 41.293620697000051 ], [ -73.544293202999938, 41.365298476000078 ], [ -73.530392106999955, 41.522745508000071 ], [ -73.517147419999958, 41.665686116000074 ], [ -73.484230303999936, 42.047428010000033 ], [ -73.498839975999942, 42.077460677000033 ], [ -73.350824178999972, 42.504755780000039 ], [ -73.258059825999965, 42.746058685000037 ], [ -73.269275296999979, 42.747481379000078 ], [ -73.296169777999978, 42.803549409000027 ], [ -73.279583212999967, 42.837103300000081 ], [ -73.276005314999964, 42.940294098000038 ], [ -73.250071486999957, 43.31085398700003 ], [ -73.238391385999989, 43.512832808000041 ], [ -73.259983774999966, 43.559382312000025 ], [ -73.291402510999944, 43.57503360700008 ], [ -73.281736291999948, 43.593187297000043 ], [ -73.294104298999969, 43.61965289300008 ], [ -73.303534498999966, 43.624714821000055 ], [ -73.363685515999975, 43.614998818000061 ], [ -73.388114176999977, 43.569143695000037 ], [ -73.418319817999986, 43.582479402000047 ], [ -73.42295980199998, 43.632114717000036 ], [ -73.370989419999944, 43.714281104000065 ], [ -73.356669695999983, 43.756558381000048 ], [ -73.358997198999987, 43.778427611000041 ], [ -73.384739920999948, 43.804507992000026 ], [ -73.375120791999962, 43.885976994000032 ], [ -73.405334513999946, 43.914807599000028 ], [ -73.417406097999958, 43.98819698300008 ], [ -73.408251287999974, 44.018221879000066 ], [ -73.436000691999936, 44.045679211000049 ], [ -73.435215290999963, 44.06389781200005 ], [ -73.408756791999963, 44.106610398000043 ], [ -73.407864778999965, 44.136227078000047 ], [ -73.382062377999944, 44.172107592000032 ], [ -73.377332616999979, 44.201247519000049 ], [ -73.305325675999939, 44.260142288000054 ], [ -73.32978811299995, 44.367390481000029 ], [ -73.299995194999951, 44.405533174000027 ], [ -73.293319778999944, 44.432853589000047 ], [ -73.334452496999972, 44.544328215000064 ], [ -73.347811981999939, 44.553971588000081 ], [ -73.371295995999958, 44.57916700100003 ], [ -73.38182511499997, 44.619807685000069 ], [ -73.370136724999952, 44.634349078000071 ], [ -73.373097221999956, 44.661276403000045 ], [ -73.358150979999948, 44.680368575000045 ], [ -73.373158609999962, 44.724236391000034 ], [ -73.32678627599995, 44.799293606000049 ], [ -73.369054123999945, 44.819117924000068 ], [ -73.382306788999983, 44.847933610000041 ], [ -73.336414677999983, 44.932603893000078 ], [ -73.350758387999974, 44.981972988000052 ], [ -73.344723476999945, 45.006138795000027 ], [ -73.18854579899994, 45.008486191000031 ], [ -72.547231215999943, 45.00537007500003 ], [ -71.901868821999983, 45.007339820000027 ], [ -71.505372307999949, 45.013351679000039 ], [ -71.502998801999979, 45.059890407000069 ], [ -71.430409893999979, 45.116992291000031 ], [ -71.402522587999954, 45.202803196000048 ], [ -71.446560113999965, 45.23608190300007 ], [ -71.386378014999934, 45.234930403000078 ], [ -71.297235695999973, 45.293493886000078 ], [ -71.153089401999978, 45.237969280000073 ], [ -71.08750932099997, 45.301469221000048 ], [ -70.959381923999956, 45.338865780000049 ], [ -70.876444122999942, 45.225445394000076 ], [ -70.842875623999987, 45.278137407000031 ], [ -70.812665787999947, 45.35467797900003 ], [ -70.829132011999945, 45.390726182000037 ], [ -70.796966883999971, 45.425172190000069 ], [ -70.634929598999975, 45.39196699300004 ], [ -70.71991060299996, 45.512954394000076 ], [ -70.552270088999933, 45.660664184000041 ], [ -70.396383082999932, 45.722046014000057 ], [ -70.416213875999972, 45.790309025000056 ], [ -70.253964090999943, 45.899004882000042 ], [ -70.247464703999981, 45.944619790000047 ], [ -70.310295284999938, 45.968782282000063 ], [ -70.280022610999936, 46.053154018000043 ], [ -70.304849592999972, 46.066658296000071 ], [ -70.229325415999938, 46.137434425000038 ], [ -70.28349658999997, 46.190249213000072 ], [ -70.191058497999961, 46.334839779000049 ], [ -70.046607492999954, 46.426115491000076 ], [ -70.014144698999985, 46.570598304000043 ], [ -69.984977625999989, 46.691365694000069 ], [ -69.230296119999934, 47.45333447400003 ], [ -69.046976387999962, 47.422030692000078 ], [ -69.036714525999969, 47.257361606000075 ] ] ] ] } },
{ "type": "Feature", "properties": { "OBJECTID": 8, "Territory_": "MD + DC + DE + WV", "Status": "AVAILABLE", "State": "Delaware", "STATE_FIPS": "10", "SUB_REGION": "South Atlantic", "STATE_ABBR": "DE", "POPULATION": 971403, "Shape_Leng": 33.0410224138, "Shape_Area": 9.68955779721 }, "geometry": { "type": "MultiPolygon", "coordinates": [ [ [ [ -75.242219292999948, 38.028647487000057 ], [ -75.270357691999948, 38.027709212000048 ], [ -75.244096204999948, 38.038023811000073 ], [ -75.209388689999969, 38.094296881000048 ], [ -75.164373413999954, 38.204962484000077 ], [ -75.094026998999936, 38.320316610000077 ], [ -75.172811876999958, 38.124306288000071 ], [ -75.242219292999948, 38.028647487000057 ] ] ], [ [ [ -76.247821796999972, 38.97900958300005 ], [ -76.246408789999975, 38.923694110000042 ], [ -76.273189509999952, 38.949343378000037 ], [ -76.292804175999947, 38.907836686000053 ], [ -76.294186722999939, 38.967680091000034 ], [ -76.338743376999957, 38.95677409700005 ], [ -76.314129775999959, 38.942038387000025 ], [ -76.322307974999944, 38.912200607000045 ], [ -76.342221603999974, 38.92417070700003 ], [ -76.329387204999989, 38.87600377800004 ], [ -76.375240617999964, 38.854218625000044 ], [ -76.35647460499996, 38.958299882000063 ], [ -76.299490212999956, 39.040707313000041 ], [ -76.247821796999972, 38.97900958300005 ] ] ], [ [ [ -80.521999497999957, 40.637203217000035 ], [ -80.524357720999944, 40.478784807000068 ], [ -80.523564497999985, 40.403033884000081 ], [ -80.526045185999976, 40.162521094000056 ], [ -80.524962222999989, 40.022825285000067 ], [ -80.524650724999958, 39.958419602000049 ], [ -80.524269498999956, 39.721209009000063 ], [ -80.429082321999942, 39.719842626000059 ], [ -79.918268486999978, 39.721667008000054 ], [ -79.765132275999974, 39.721807086000069 ], [ -79.480971111999963, 39.720274102000076 ], [ -79.396610098999986, 39.719313603000046 ], [ -78.930173002999936, 39.72233688700004 ], [ -78.817758391999973, 39.72311581200006 ], [ -78.384782976999986, 39.723748599000032 ], [ -78.334550100999934, 39.724096204000034 ], [ -78.095948310999972, 39.725461084000074 ], [ -77.47579339899994, 39.719623184000056 ], [ -77.464432980999959, 39.72007351600007 ], [ -77.221050920999971, 39.720679313000062 ], [ -76.996812213999988, 39.720891606000066 ], [ -76.790491592999956, 39.721256099000072 ], [ -76.569834410999988, 39.720265398000038 ], [ -76.233121881999978, 39.721853606000025 ], [ -76.139223175999973, 39.72222929000003 ], [ -75.791094591, 39.723865987000067 ], [ -75.774927222999963, 39.724552804000041 ], [ -75.745591994999984, 39.774929383000028 ], [ -75.694770885999958, 39.820457416000067 ], [ -75.643994274999955, 39.838306497000076 ], [ -75.583443278999937, 39.840119017000063 ], [ -75.469986111999958, 39.826547498000025 ], [ -75.420467977999976, 39.798983087000067 ], [ -75.411754589999987, 39.789770775000079 ], [ -75.42764729299995, 39.778242925000029 ], [ -75.460394076999989, 39.763362008000058 ], [ -75.474768401999938, 39.741832094000074 ], [ -75.475974296999937, 39.720084395000072 ], [ -75.489280681999958, 39.71485819600008 ], [ -75.61037459299996, 39.612905308000052 ], [ -75.562643024999943, 39.566835303000062 ], [ -75.589835793999953, 39.463880006000068 ], [ -75.515217410999981, 39.367051678000053 ], [ -75.40212250999997, 39.257750024000075 ], [ -75.397368297999947, 39.073149023000042 ], [ -75.324488613999961, 39.012498926000035 ], [ -75.307535275999953, 38.946023879000052 ], [ -75.190570923999985, 38.808782286000053 ], [ -75.082762521999939, 38.799924417000057 ], [ -75.045623013999943, 38.449602190000064 ], [ -75.087320396999985, 38.323059323000052 ], [ -75.067924704999939, 38.450075317000028 ], [ -75.092721277999942, 38.450563881000051 ], [ -75.154873485999985, 38.369739581000033 ], [ -75.150616903999946, 38.273881179000057 ], [ -75.262499122999941, 38.201533574000052 ], [ -75.37306868099995, 38.069040910000069 ], [ -75.372420611999985, 38.016833887000075 ], [ -75.626084012999968, 37.996541208000053 ], [ -75.647866575999956, 37.970254906000036 ], [ -75.865384898999935, 37.979780477000077 ], [ -75.769206399999973, 38.097371296000063 ], [ -75.897451288999946, 38.175057306000042 ], [ -75.837726722999946, 38.231716317000064 ], [ -75.861325015999967, 38.240166022000039 ], [ -75.793826113999955, 38.263724790000026 ], [ -75.894612996999967, 38.258995288000051 ], [ -75.872091915999988, 38.357351422000079 ], [ -75.886481523999976, 38.37558157400008 ], [ -75.949584490999939, 38.282177078000075 ], [ -75.994942501999958, 38.282646578000026 ], [ -76.020464020999952, 38.32201759600008 ], [ -76.065119879999941, 38.259057090000056 ], [ -76.293941792999988, 38.43705768600006 ], [ -76.291652986999964, 38.478851217000056 ], [ -76.19188079099996, 38.543462977000047 ], [ -76.25072100999995, 38.595201692000046 ], [ -76.031597692999981, 38.572040519000041 ], [ -76.027722077999954, 38.622122904000037 ], [ -76.046582374999957, 38.591976009000064 ], [ -76.075658997999938, 38.61090080200006 ], [ -76.123703617999979, 38.708094712000047 ], [ -76.173708399999953, 38.709213006000027 ], [ -76.222981500999936, 38.76290851400006 ], [ -76.26679108899998, 38.770003906000056 ], [ -76.337295090999987, 38.679494012000077 ], [ -76.350204606999966, 38.699143181000068 ], [ -76.272087792999969, 38.834115808000035 ], [ -76.194843307999975, 38.765372418000027 ], [ -76.165522894999981, 38.78872510900004 ], [ -76.114039314999957, 38.885570378000068 ], [ -76.075532077999981, 38.889663312000039 ], [ -76.102564409999957, 38.89813192500003 ], [ -76.095164305999958, 38.948244718000069 ], [ -76.113536297999985, 38.920828984000025 ], [ -76.199341918999949, 38.973467017000075 ], [ -76.110952001999976, 39.118705806000037 ], [ -76.221446390999972, 39.093029186000081 ], [ -76.238567678999971, 39.130935290000025 ], [ -76.218112490999943, 39.20496238100003 ], [ -76.112044807999951, 39.32140688000004 ], [ -76.037090993999982, 39.358479922000072 ], [ -75.849399208999955, 39.379251011000065 ], [ -75.978464724999981, 39.394663800000046 ], [ -75.952303115999939, 39.471295185000031 ], [ -75.974429914999973, 39.524136911000028 ], [ -76.031080481999936, 39.570040988000073 ], [ -76.078178590999983, 39.542475385000046 ], [ -76.154199774999938, 39.402046187000053 ], [ -76.226338401999953, 39.374998417000029 ], [ -76.36371048999996, 39.393388022000067 ], [ -76.398721523999939, 39.23125241300005 ], [ -76.530981276999967, 39.242726283000025 ], [ -76.603715392999959, 39.259460904000036 ], [ -76.564818898999988, 39.231553084000041 ], [ -76.576667674999953, 39.198228322000034 ], [ -76.607018417999939, 39.181092789000047 ], [ -76.594826077999983, 39.158796279000057 ], [ -76.563605596999935, 39.196374411000079 ], [ -76.423616680999942, 39.118464710000069 ], [ -76.47171859599996, 38.908351308000078 ], [ -76.548805182999956, 38.75908921000007 ], [ -76.524930979999965, 38.70975130100004 ], [ -76.508571212999982, 38.522220885000024 ], [ -76.385482380999974, 38.391404393000073 ], [ -76.405128802999968, 38.346143514000062 ], [ -76.421135991999961, 38.320623601000079 ], [ -76.471598617999973, 38.335783380000066 ], [ -76.519756895999933, 38.410261011000046 ], [ -76.646937574999981, 38.450547977000042 ], [ -76.343450498999971, 38.213186893000056 ], [ -76.329838624999979, 38.045830213000045 ], [ -76.576950524999972, 38.222764320000067 ], [ -76.759927624999989, 38.234409299000049 ], [ -76.863873309999974, 38.391471375000037 ], [ -76.908269993999966, 38.299978500000066 ], [ -76.972724890999984, 38.331155 ], [ -77.002091822999944, 38.426977190000059 ], [ -77.220625816999984, 38.39078771700008 ], [ -77.25557701799994, 38.41371722100007 ], [ -77.277458784999965, 38.487220782000065 ], [ -77.129690715999971, 38.648241878000078 ], [ -77.124815592999937, 38.677915491000078 ], [ -77.092847681999956, 38.704098911000074 ], [ -77.081578697999987, 38.715393901000027 ], [ -77.056820511999945, 38.712136308000026 ], [ -77.046169600999974, 38.718895802000077 ], [ -77.045147403999977, 38.788233903000048 ], [ -77.034946618999982, 38.814028481000037 ], [ -77.044888123999954, 38.829477689000043 ], [ -77.040104280999969, 38.838525990000051 ], [ -77.038776801999973, 38.862542912000038 ], [ -77.067586219999953, 38.88621269600003 ], [ -77.078649075999977, 38.915711212000076 ], [ -77.122328325999945, 38.932171323000034 ], [ -77.151747683999986, 38.964889304000053 ], [ -77.243431819999955, 38.975989822000031 ], [ -77.255692695999983, 39.027681809000057 ], [ -77.324306576999959, 39.062696004000031 ], [ -77.346226575999935, 39.068620003000035 ], [ -77.432746780999935, 39.066883998000037 ], [ -77.459404517999985, 39.08094449500004 ], [ -77.478958988999977, 39.10406469000003 ], [ -77.512757808999936, 39.116759477000073 ], [ -77.516327884999953, 39.157548889000054 ], [ -77.478347597999971, 39.177037880000057 ], [ -77.46170710399997, 39.218735314000071 ], [ -77.464667290999955, 39.229160618000037 ], [ -77.493773493999981, 39.250014696000051 ], [ -77.541900793999957, 39.269042113000069 ], [ -77.568672914, 39.298495092000053 ], [ -77.616235808999988, 39.299818582000057 ], [ -77.679301889999977, 39.318780984000057 ], [ -77.727467524999952, 39.31779660400008 ], [ -77.759458280999979, 39.28464331400005 ], [ -77.76823227899996, 39.246550198000079 ], [ -77.805449284999952, 39.196605975000068 ], [ -77.82004471099998, 39.141725398000062 ], [ -77.830680183999959, 39.132181384000035 ], [ -78.03332831299997, 39.265639313000065 ], [ -78.229508604999978, 39.391113307000069 ], [ -78.276881118999938, 39.423464722000062 ], [ -78.347546491999935, 39.456998202000079 ], [ -78.350231079999958, 39.38082849500006 ], [ -78.365474781999978, 39.36168680000003 ], [ -78.343928704999939, 39.350956525000072 ], [ -78.340846208999949, 39.341458099000079 ], [ -78.41354737599994, 39.257540787000039 ], [ -78.399127410999938, 39.244952716000057 ], [ -78.423069010999939, 39.212143198000035 ], [ -78.424068516999967, 39.197628691000034 ], [ -78.402362313999959, 39.170594597000047 ], [ -78.430568888999971, 39.148626213000057 ], [ -78.447979707999934, 39.119036212000026 ], [ -78.485250383999983, 39.111944809000079 ], [ -78.501600618999987, 39.093684300000064 ], [ -78.536651387999939, 39.05713292300004 ], [ -78.564179276999937, 39.035145580000062 ], [ -78.549202314999945, 39.023488013000076 ], [ -78.553207906999944, 39.013936280000053 ], [ -78.598696100999973, 38.967306688000065 ], [ -78.630847500999948, 38.979711890000033 ], [ -78.646969177999949, 38.950553106000029 ], [ -78.680227007999974, 38.921684113000026 ], [ -78.718985908999969, 38.904991401000075 ], [ -78.724143415999947, 38.930324198000051 ], [ -78.737731978999989, 38.929282885000077 ], [ -78.749252885999965, 38.911491513000044 ], [ -78.793055376999973, 38.880219280000063 ], [ -78.815860810999936, 38.833745824000061 ], [ -78.866560594999953, 38.763404175000062 ], [ -78.987453090999963, 38.846761382000068 ], [ -79.033742487999973, 38.79995969600003 ], [ -79.054800414999988, 38.790632896000034 ], [ -79.056555276999973, 38.762053696000066 ], [ -79.087234198999965, 38.707268696000028 ], [ -79.088546602999941, 38.659205323000037 ], [ -79.121064100999945, 38.663767394000047 ], [ -79.127427294999961, 38.65824389200003 ], [ -79.231662876999962, 38.48049620300003 ], [ -79.272358886999939, 38.43730670900004 ], [ -79.31699962, 38.412633325000058 ], [ -79.486347593999938, 38.462144881000029 ], [ -79.536513796999941, 38.553805601000079 ], [ -79.64240658999995, 38.592355215000055 ], [ -79.669430011999964, 38.550176987000043 ], [ -79.66561459199994, 38.52077788400004 ], [ -79.692653709999945, 38.500354297000058 ], [ -79.684092419999956, 38.430238099000064 ], [ -79.720035201999963, 38.394685816000049 ], [ -79.732829607999975, 38.351840094000067 ], [ -79.764004501999977, 38.353991308000047 ], [ -79.800328976999936, 38.314326717000029 ], [ -79.802777805999938, 38.298869894000063 ], [ -79.78651118199997, 38.285118408000073 ], [ -79.793621802999951, 38.268666015000065 ], [ -79.831152016999965, 38.250279207000062 ], [ -79.916161512999963, 38.179264882000041 ], [ -79.910339982999972, 38.162606309000068 ], [ -79.935326883999949, 38.121308595000073 ], [ -79.928292205999981, 38.103311199000075 ], [ -79.957513724999956, 38.067365412000072 ], [ -79.966493695999986, 38.03862188800008 ], [ -80.000499007999963, 37.989870091000057 ], [ -80.054807202999939, 37.955647980000037 ], [ -80.106490693999945, 37.914658604000067 ], [ -80.118507314999988, 37.891278301000057 ], [ -80.160005406999971, 37.877228320000029 ], [ -80.172220384999946, 37.860184221000054 ], [ -80.171594591999963, 37.842968599000073 ], [ -80.223735719999979, 37.802364490000059 ], [ -80.220546197999965, 37.778858510000077 ], [ -80.25468889299998, 37.757232810000062 ], [ -80.250033108999958, 37.726052011000036 ], [ -80.303109713999959, 37.682671878000065 ], [ -80.295700700999987, 37.671502616000055 ], [ -80.304862710999942, 37.652246382000044 ], [ -80.300932700999965, 37.640546905000065 ], [ -80.254422308999949, 37.640703613000028 ], [ -80.218927993999955, 37.624266813000077 ], [ -80.246393096999952, 37.596896615000048 ], [ -80.31672158799995, 37.566718586000036 ], [ -80.325905822999971, 37.533401491000063 ], [ -80.308303794999972, 37.528370180000024 ], [ -80.280730420999987, 37.536259106000045 ], [ -80.287916106999944, 37.511151190000078 ], [ -80.347510904999979, 37.491177106000066 ], [ -80.352156897999976, 37.476101613000026 ], [ -80.388306118999935, 37.46572541900008 ], [ -80.42537791899997, 37.434906419000072 ], [ -80.474764677999985, 37.422820900000033 ], [ -80.486797202999981, 37.433860392000042 ], [ -80.487881616999971, 37.460597285000063 ], [ -80.508764808999956, 37.475046986000052 ], [ -80.542755407999948, 37.46921022500004 ], [ -80.597490882999978, 37.446054390000029 ], [ -80.705207125999948, 37.388378777000071 ], [ -80.729737114999978, 37.392719489000058 ], [ -80.746324197999968, 37.38773728700005 ], [ -80.747689804999936, 37.379081713000062 ], [ -80.762994997999954, 37.371413990000065 ], [ -80.770022422999944, 37.386195806000046 ], [ -80.799244615999953, 37.39175349900006 ], [ -80.79961138799996, 37.413062417000049 ], [ -80.850525278999953, 37.423460783000053 ], [ -80.877358475999984, 37.388697113000035 ], [ -80.84841778699996, 37.350943416000064 ], [ -80.855429307999941, 37.33941147400003 ], [ -80.934183517999941, 37.301370577000057 ], [ -80.967891888999986, 37.291791492000073 ], [ -80.978535597999951, 37.296475821000058 ], [ -80.985936685999945, 37.306241296000053 ], [ -81.024932383999953, 37.286061188000076 ], [ -81.140737619999982, 37.274924977000069 ], [ -81.222933483999952, 37.240214509000054 ], [ -81.311872782999956, 37.293706998000062 ], [ -81.358794809999949, 37.338952491000043 ], [ -81.390946002999954, 37.311154806000047 ], [ -81.403344211999979, 37.282624715000054 ], [ -81.475360322999961, 37.254422389000069 ], [ -81.495533074999969, 37.25285060300007 ], [ -81.505535915999985, 37.234372102000066 ], [ -81.556654277999939, 37.206352800000047 ], [ -81.665885788999958, 37.204910005000045 ], [ -81.701728381999942, 37.235434810000072 ], [ -81.738456409999969, 37.250491084000032 ], [ -81.751854125999955, 37.272257484000079 ], [ -81.792659182999955, 37.287153477000061 ], [ -81.815381108999986, 37.279539215000057 ], [ -81.838888900999962, 37.285505175000026 ], [ -81.858680789999937, 37.307031204000054 ], [ -81.863815709999983, 37.325456088000067 ], [ -81.897158084999944, 37.340588618000027 ], [ -81.926822682999955, 37.371727508000049 ], [ -81.920733480999957, 37.41551621900004 ], [ -81.988202491999971, 37.466586506000056 ], [ -81.976421890999973, 37.482905711000058 ], [ -81.947993387999986, 37.493026200000031 ], [ -81.935450024999966, 37.506644705000042 ], [ -81.959575217999941, 37.531172623000032 ], [ -81.976574298999935, 37.543253480000033 ], [ -82.026351193999972, 37.530519477000041 ], [ -82.049134196999944, 37.551453800000047 ], [ -82.055665390999934, 37.52534249200005 ], [ -82.084392076999961, 37.54830991700004 ], [ -82.142509215999951, 37.557452501000057 ], [ -82.146522474999983, 37.565920907000077 ], [ -82.137473396999951, 37.569895883000072 ], [ -82.131781479999972, 37.590536995000036 ], [ -82.159310198999947, 37.593569086000059 ], [ -82.185549410999954, 37.640667712000038 ], [ -82.205440607999947, 37.624016495000035 ], [ -82.238371191999988, 37.656775816000049 ], [ -82.295624808999946, 37.669057984000062 ], [ -82.32940119899996, 37.744171510000058 ], [ -82.319497923999961, 37.758426894000024 ], [ -82.339846602999955, 37.784400300000073 ], [ -82.405805784999984, 37.811719678000031 ], [ -82.421508314999983, 37.872356513000057 ], [ -82.437607299999968, 37.894854904000056 ], [ -82.500209477999988, 37.922261883000033 ], [ -82.493396313999938, 37.94251368700003 ], [ -82.48017410999995, 37.95439639500006 ], [ -82.475779676999935, 37.975907089000032 ], [ -82.52467859799998, 38.015662390000045 ], [ -82.593208710999988, 38.109962579000069 ], [ -82.646127987999989, 38.146330723000062 ], [ -82.647158215, 38.169435688000078 ], [ -82.613763621999965, 38.178094888000032 ], [ -82.606645383999989, 38.193826325000032 ], [ -82.616228716999956, 38.23881160600007 ], [ -82.589113186999953, 38.24538807700003 ], [ -82.574578993999978, 38.255973714000049 ], [ -82.580049604999942, 38.292510482000068 ], [ -82.572298010999987, 38.307811012000059 ], [ -82.598239193999973, 38.368463906000045 ], [ -82.586604317999956, 38.412519408000037 ], [ -82.575419203999957, 38.40390211700003 ], [ -82.547548216999985, 38.400511025000071 ], [ -82.494987681999987, 38.405832595000049 ], [ -82.414891280999939, 38.430392579000056 ], [ -82.394764116999966, 38.428470287000039 ], [ -82.329179425999939, 38.441952288000039 ], [ -82.314240694999967, 38.465229604000058 ], [ -82.289971382999965, 38.580081387000064 ], [ -82.270897186999946, 38.594890090000035 ], [ -82.21365921499995, 38.584835392000059 ], [ -82.184246901999984, 38.595032292000042 ], [ -82.173657016999982, 38.632190811000044 ], [ -82.188977697999974, 38.677893786000027 ], [ -82.183972806999975, 38.710303014000033 ], [ -82.216750206999961, 38.778939378000075 ], [ -82.197721909999984, 38.804619676000073 ], [ -82.146099701999958, 38.838787704000026 ], [ -82.139317102999939, 38.899398378000058 ], [ -82.101206891999936, 38.952093914000045 ], [ -82.085016782999958, 38.977198099000077 ], [ -82.058503577999943, 38.98906557600003 ], [ -82.042885592999937, 39.014139301000057 ], [ -81.999678589999974, 39.015261013000043 ], [ -81.975187296999934, 38.993006516000037 ], [ -81.937733391999984, 38.99117571000005 ], [ -81.927830116999985, 38.984271215000035 ], [ -81.898608493999973, 38.932224785000074 ], [ -81.931850886999939, 38.894742076000057 ], [ -81.915248676999965, 38.884446593000064 ], [ -81.892695476999961, 38.873452998000062 ], [ -81.866800398999942, 38.885709575000078 ], [ -81.840913091999937, 38.937889816000052 ], [ -81.823776885999962, 38.948467786000037 ], [ -81.783225201999983, 38.923562476000029 ], [ -81.762297094999951, 38.930180908000068 ], [ -81.781729877999965, 38.968529004000061 ], [ -81.775679683999954, 39.016829692000044 ], [ -81.813461820999976, 39.044107990000043 ], [ -81.824273116999962, 39.066416 ], [ -81.819565682999951, 39.077016816000025 ], [ -81.786361417999956, 39.07725729100008 ], [ -81.753561586999979, 39.094720795000057 ], [ -81.744703717999982, 39.125874915000054 ], [ -81.758910302999936, 39.175751275000039 ], [ -81.723073821999947, 39.213268174000063 ], [ -81.697903481999958, 39.220020002000069 ], [ -81.68952630299998, 39.260226309000075 ], [ -81.667522277999979, 39.270495320000066 ], [ -81.572685088999947, 39.265917500000057 ], [ -81.557387978999941, 39.33265519400004 ], [ -81.540648486999942, 39.352708900000039 ], [ -81.465008113999943, 39.406858316000068 ], [ -81.447955881999974, 39.411027816000058 ], [ -81.433978322999963, 39.406022976000031 ], [ -81.375916303999986, 39.345690282000078 ], [ -81.338836111999967, 39.353643912000052 ], [ -81.284017077999977, 39.387072126000078 ], [ -81.23762127599997, 39.388472182000044 ], [ -81.224948608999966, 39.40835819800003 ], [ -81.200305219999962, 39.415896204000035 ], [ -81.180567622999945, 39.437800195000079 ], [ -81.117089904999943, 39.467783907000069 ], [ -81.098244890999979, 39.496451175000061 ], [ -81.037383173999956, 39.532664219000026 ], [ -81.032568610999988, 39.544142492000049 ], [ -80.983646377999946, 39.581805323000026 ], [ -80.932610799999964, 39.606941006000056 ], [ -80.912590609999938, 39.607353314000079 ], [ -80.881109916999947, 39.624081201000024 ], [ -80.872746103999987, 39.662411010000028 ], [ -80.863414174999946, 39.680351526000038 ], [ -80.832787419999988, 39.703400179000027 ], [ -80.832298389999949, 39.71883431200007 ], [ -80.856453318999968, 39.736335581000048 ], [ -80.870727713999941, 39.759993813000051 ], [ -80.819103796999968, 39.809001314000056 ], [ -80.825916597999935, 39.839667078000048 ], [ -80.798525316999985, 39.85672267800004 ], [ -80.790849407999985, 39.872347605000073 ], [ -80.812135894999983, 39.904901419000055 ], [ -80.807839993999949, 39.915902887000072 ], [ -80.796021419999988, 39.919839683000077 ], [ -80.768127015999937, 39.91331320300003 ], [ -80.758887195999989, 39.921266781000043 ], [ -80.763060115999963, 39.947015513000053 ], [ -80.738887987999988, 39.983476025000073 ], [ -80.738238882999951, 40.035664087000043 ], [ -80.702065106999953, 40.154089987000077 ], [ -80.700889983999957, 40.168181307000054 ], [ -80.678557417999968, 40.194151501000078 ], [ -80.650113217999944, 40.245679787000029 ], [ -80.614687802999981, 40.276502103000041 ], [ -80.604517115999954, 40.306244874000072 ], [ -80.609247083999946, 40.37327541600007 ], [ -80.629244582999945, 40.38866359900004 ], [ -80.627848308999944, 40.398226883000063 ], [ -80.60183019599998, 40.480539098000065 ], [ -80.625253391999934, 40.504464276000078 ], [ -80.633439880999958, 40.539204014000063 ], [ -80.668620418999978, 40.568278875000033 ], [ -80.667727679999985, 40.582137492000072 ], [ -80.637338186999955, 40.613982316000033 ], [ -80.61154972199995, 40.620063126000048 ], [ -80.574415809999948, 40.61597418100007 ], [ -80.521999497999957, 40.637203217000035 ] ] ] ] } },
{ "type": "Feature", "properties": { "OBJECTID": 9, "Territory_": "FL", "Status": "AVAILABLE", "State": "Florida", "STATE_FIPS": "12", "SUB_REGION": "South Atlantic", "STATE_ABBR": "FL", "POPULATION": 20619313, "Shape_Leng": 41.0850101602, "Shape_Area": 13.3476723766 }, "geometry": { "type": "MultiPolygon", "coordinates": [ [ [ [ -80.785662424999941, 28.785193979000042 ], [ -80.762415206999947, 28.736334584000076 ], [ -80.832103917999973, 28.786186078000071 ], [ -80.850704986999972, 28.785699897000029 ], [ -80.747189895999952, 28.398992378000059 ], [ -80.492244604999939, 27.87017860800006 ], [ -80.509357912999974, 27.825708725000027 ], [ -80.481853179999973, 27.845721610000055 ], [ -80.401377107999963, 27.703585624000027 ], [ -80.357377915999962, 27.555662194000035 ], [ -80.239638213999967, 27.264647718000049 ], [ -80.190090809999958, 27.185684582000079 ], [ -80.223989508999978, 27.215066124000032 ], [ -80.289634809999939, 27.241338594000069 ], [ -80.326790894999988, 27.248261997000043 ], [ -80.290420521999977, 27.212853418000066 ], [ -80.221273317999987, 27.202842287000067 ], [ -80.147967183999981, 27.109069309000063 ], [ -80.090363215999957, 26.974043685000026 ], [ -80.114610096999968, 26.973837505000063 ], [ -80.050910813999963, 26.797197698000048 ], [ -80.084695594999971, 26.326377617000048 ], [ -80.127780807999955, 25.977536520000058 ], [ -80.19309881099997, 25.760032391000038 ], [ -80.301455818999955, 25.61375182200004 ], [ -80.329991192999955, 25.490015076000077 ], [ -80.301975619999951, 25.401200781000057 ], [ -80.416816679999954, 25.249902784000028 ], [ -80.420807092999951, 25.192219400000056 ], [ -80.551876078999953, 25.212318694000032 ], [ -80.693824896999956, 25.152299001000074 ], [ -80.85680118199997, 25.18563111800006 ], [ -80.97587701499998, 25.130501415000026 ], [ -81.119016186999943, 25.134188774000052 ], [ -81.148229986999979, 25.164690319000044 ], [ -81.18378387599995, 25.268879587000072 ], [ -81.140569205999952, 25.320765115000029 ], [ -81.011560621999934, 25.214429709000058 ], [ -80.951027186999966, 25.202537521000067 ], [ -80.91527457799998, 25.246725383000069 ], [ -80.974281606999966, 25.322459988000048 ], [ -81.143322797999986, 25.396827380000047 ], [ -81.258374802999981, 25.681100078000043 ], [ -81.199947202999965, 25.710422304000076 ], [ -81.256207114999938, 25.803102788000047 ], [ -81.530742207999936, 25.914658383000074 ], [ -81.71829272399998, 25.92358157700005 ], [ -81.70569569099996, 26.000171984000076 ], [ -81.794717098999968, 26.111162398000033 ], [ -81.81385858799996, 26.284467114000051 ], [ -81.849350986, 26.332197024000038 ], [ -81.864212320999968, 26.439554006000037 ], [ -81.942018776999987, 26.467562586000042 ], [ -81.968119205999983, 26.517382582000039 ], [ -81.928773209999974, 26.534980777000044 ], [ -81.88427669899994, 26.642987381000069 ], [ -81.773914409999975, 26.710265806000052 ], [ -81.897101979999945, 26.663767225000072 ], [ -81.944452012999989, 26.550719725000079 ], [ -82.021472910999989, 26.524679906000074 ], [ -82.083660086999942, 26.715790707000053 ], [ -82.068270918999985, 26.766970300000025 ], [ -82.051767498999936, 26.866709083000046 ], [ -82.097872679999966, 26.921785481000029 ], [ -81.991439985999989, 26.963056619000042 ], [ -81.979194184999983, 27.031680186000074 ], [ -81.992851075999965, 27.031676405000042 ], [ -82.012688189999949, 26.97655058600003 ], [ -82.153209806999939, 26.937064875000033 ], [ -82.257459685999947, 27.004408986000044 ], [ -82.282179279, 27.024557390000041 ], [ -82.257581787999982, 26.997907009000073 ], [ -82.176495307999971, 26.913693274000025 ], [ -82.153828709999971, 26.790128778000053 ], [ -82.289840577999939, 26.849885877000077 ], [ -82.355431278999959, 26.948895984000046 ], [ -82.398171786999967, 26.998515603000044 ], [ -82.36866860899994, 26.947938595000039 ], [ -82.343628711999941, 26.903632723000044 ], [ -82.380036694999944, 26.947295810000071 ], [ -82.506929912999965, 27.236991510000053 ], [ -82.531130790999953, 27.260277322000036 ], [ -82.514483408, 27.210453700000073 ], [ -82.569957503999944, 27.274280213000054 ], [ -82.532740289999936, 27.331801916000074 ], [ -82.56556229399996, 27.386681406000037 ], [ -82.685925404999978, 27.473844603000032 ], [ -82.638889098999982, 27.503459315000043 ], [ -82.66582901299995, 27.493587019000074 ], [ -82.68170612199998, 27.52442938300004 ], [ -82.488266988999953, 27.478066995000063 ], [ -82.514199675999976, 27.511989576000076 ], [ -82.427177023999946, 27.522859202000063 ], [ -82.575571611999976, 27.512324800000044 ], [ -82.638767099999939, 27.536638093000079 ], [ -82.569605391999971, 27.552713094000069 ], [ -82.554262278999943, 27.582239583000046 ], [ -82.626376713999946, 27.555194093000068 ], [ -82.540040774999966, 27.608106117000034 ], [ -82.552499801999943, 27.644014087000073 ], [ -82.404379515999949, 27.791627884000036 ], [ -82.398817679, 27.906219403000023 ], [ -82.460998482999969, 27.940155193000066 ], [ -82.483131705999938, 27.821947494000028 ], [ -82.510598103999939, 27.831232124000053 ], [ -82.538995316999944, 27.935728124000036 ], [ -82.645565292999947, 28.028847077000023 ], [ -82.650684722999983, 28.007163201000026 ], [ -82.698339, 28.04616889700003 ], [ -82.672718897999971, 28.010514301000057 ], [ -82.700665986, 27.97535350000004 ], [ -82.644741192999959, 27.96658390500005 ], [ -82.725484989999984, 27.940562788000079 ], [ -82.564264498999989, 27.878462022000065 ], [ -82.623653115999957, 27.84852700600004 ], [ -82.644619091999971, 27.715725124000073 ], [ -82.678326581999954, 27.705587798000067 ], [ -82.793838606999941, 27.829654018000042 ], [ -82.728162895999958, 27.717773196000053 ], [ -82.741003304999936, 27.685868279000033 ], [ -82.844285587999934, 27.850641285000052 ], [ -82.77914407999998, 28.173027406000074 ], [ -82.673475909999979, 28.428510579000033 ], [ -82.636075776999974, 28.692748894000033 ], [ -82.681380688, 28.808382192000067 ], [ -82.636519011999951, 28.814277906000029 ], [ -82.636619201999963, 28.884707881000054 ], [ -82.755322200999956, 29.008660287000055 ], [ -82.802156988999968, 29.155132375000051 ], [ -83.036747799999944, 29.179387700000063 ], [ -83.073928697999975, 29.265652304000071 ], [ -83.142206474999966, 29.299651399000027 ], [ -83.108995111999945, 29.328182785000024 ], [ -83.174632798999937, 29.343679186000031 ], [ -83.234327784999948, 29.43393751900004 ], [ -83.380031308999946, 29.519874826000034 ], [ -83.40497381299997, 29.669602591000057 ], [ -83.550448206999988, 29.737323110000034 ], [ -83.654182687999935, 29.910961807000035 ], [ -83.971738289999962, 30.077483094000058 ], [ -84.074625100999981, 30.099948175000065 ], [ -84.147854824999968, 30.081725016000064 ], [ -84.233071278999944, 30.108111714000074 ], [ -84.353924922999965, 30.069624421000071 ], [ -84.36041669399998, 29.977390697000033 ], [ -84.437690085999975, 29.99179149400004 ], [ -84.433104185, 29.959545189000039 ], [ -84.338938686999938, 29.947141489000046 ], [ -84.346911121999938, 29.910168687000066 ], [ -84.464537891999953, 29.929627320000066 ], [ -84.858030703999987, 29.746860597000079 ], [ -84.92851331199995, 29.777971875000048 ], [ -84.988283102999958, 29.719921512000042 ], [ -85.214760002999981, 29.701557601000047 ], [ -85.364879094999935, 29.683019008000031 ], [ -85.409603904999983, 29.776766395000038 ], [ -85.414052007999942, 29.863067625000042 ], [ -85.392994390999945, 29.875413408000043 ], [ -85.402546589999986, 29.794364901000051 ], [ -85.358043085999952, 29.691254711000056 ], [ -85.306589396999982, 29.701710424000055 ], [ -85.300524179999968, 29.809796495000057 ], [ -85.384792619999985, 29.923801489000027 ], [ -85.628497522999965, 30.092591276000064 ], [ -85.568528700999934, 30.098293710000064 ], [ -85.471357997999974, 30.021863584000073 ], [ -85.415013386999988, 30.031552390000058 ], [ -85.43238592299997, 30.045754312000042 ], [ -85.382694399999934, 30.024270192000074 ], [ -85.382656221, 30.036286190000055 ], [ -85.395672296999976, 30.058567419000042 ], [ -85.46431580899997, 30.05116358600003 ], [ -85.529716699999938, 30.13168648900006 ], [ -85.709829502, 30.17877340900003 ], [ -85.666058403999955, 30.251689407000072 ], [ -85.600176408999971, 30.251151008000079 ], [ -85.569475521999948, 30.311004100000048 ], [ -85.717131280999979, 30.265061894000041 ], [ -85.752708275999964, 30.29692940800004 ], [ -85.850420587999963, 30.280359421000071 ], [ -85.829942606999964, 30.232813983000028 ], [ -85.757919191999974, 30.228945517000056 ], [ -85.726393221999956, 30.128842189000068 ], [ -85.987013283999943, 30.274430396000071 ], [ -86.387459595999985, 30.387658900000076 ], [ -86.505313785999988, 30.40997292000003 ], [ -86.388108078999949, 30.406012812000029 ], [ -86.240033018999952, 30.399887813000078 ], [ -86.24156652299996, 30.428527780000024 ], [ -86.114640719999954, 30.385801881000077 ], [ -86.122933976999946, 30.426461680000045 ], [ -86.219608291999975, 30.487854180000056 ], [ -86.387879104999968, 30.462167613000076 ], [ -86.452639075999969, 30.501237081000056 ], [ -86.610235822999982, 30.423651621000033 ], [ -86.790347588999964, 30.417963279000048 ], [ -87.19338208399995, 30.355221801000027 ], [ -86.932510824999952, 30.463564976000043 ], [ -87.014399904999948, 30.514434626000025 ], [ -86.986193122999964, 30.590430582000067 ], [ -87.019580411999982, 30.58746671800003 ], [ -87.069271881999953, 30.450564493000059 ], [ -87.124533686999939, 30.564666775000035 ], [ -87.17155502199995, 30.557735602000037 ], [ -87.16010259899997, 30.465033206000044 ], [ -87.273897579999982, 30.357384619000072 ], [ -87.424080079999953, 30.323671483000055 ], [ -87.409256198999969, 30.402238888000056 ], [ -87.346807413999954, 30.431498690000069 ], [ -87.347395078999966, 30.457169094000051 ], [ -87.418816686999946, 30.481700793000073 ], [ -87.445352994999951, 30.531389725000054 ], [ -87.422067389999938, 30.556493601000057 ], [ -87.393280920999985, 30.620098289000055 ], [ -87.398644918999935, 30.668015420000074 ], [ -87.418894288, 30.692810180000038 ], [ -87.460140508999984, 30.705802581000057 ], [ -87.526602915999945, 30.748491700000045 ], [ -87.541900182999939, 30.785695289000046 ], [ -87.615915203999975, 30.848296378000043 ], [ -87.625711606999971, 30.87690199900004 ], [ -87.589867200999947, 30.954361005000067 ], [ -87.598580173999949, 31.002630817000068 ], [ -87.163117593999971, 31.003157198000054 ], [ -86.779361712999957, 30.99819178100006 ], [ -86.701852509999981, 30.998092421000024 ], [ -86.383919722999963, 30.991538277000075 ], [ -86.181476219, 30.995225119000054 ], [ -86.03182180899995, 30.993327589000046 ], [ -85.486597088999986, 31.000998006000032 ], [ -85.485010175999946, 31.001001787000064 ], [ -85.001607204999971, 31.001253399000063 ], [ -85.000141979999967, 30.979319517000079 ], [ -84.9735677, 30.96366438900003 ], [ -84.969012310999972, 30.92709379300004 ], [ -84.937776184999962, 30.894957675000057 ], [ -84.926926191999939, 30.846922224000025 ], [ -84.932563920999939, 30.802625004000049 ], [ -84.926894797999978, 30.776088696000045 ], [ -84.915343377999989, 30.754089800000031 ], [ -84.888288821999936, 30.743889377000073 ], [ -84.864583086999971, 30.714503225000044 ], [ -84.863003684999967, 30.712664492000044 ], [ -84.374448180999934, 30.694091916000048 ], [ -84.281663312999967, 30.690419113000075 ], [ -84.075562184999967, 30.678577590000032 ], [ -84.000730109999949, 30.675537677000079 ], [ -83.737843984999984, 30.660491194000031 ], [ -83.609056085999953, 30.650784619000035 ], [ -83.310600788999977, 30.634303319000026 ], [ -83.301315484999975, 30.63328490400005 ], [ -83.132440376999966, 30.621341379000057 ], [ -82.696355992999941, 30.595720085000039 ], [ -82.58295762399996, 30.589053786000079 ], [ -82.463134880999974, 30.582689918000028 ], [ -82.412092619999953, 30.577307479000069 ], [ -82.221039580999957, 30.567076025000063 ], [ -82.238396110999986, 30.531444689000068 ], [ -82.219367501999955, 30.502970496000046 ], [ -82.19918718699995, 30.490014513000062 ], [ -82.205564781999954, 30.423853191000035 ], [ -82.180234108999969, 30.36863091400005 ], [ -82.16463917699997, 30.36129178300007 ], [ -82.052766799999972, 30.363794488000053 ], [ -82.038354707999986, 30.378904587000079 ], [ -82.04609951599997, 30.434068222000064 ], [ -82.035120685999971, 30.442878276000044 ], [ -82.022509510999953, 30.477717788000064 ], [ -82.005801619999943, 30.570990494000057 ], [ -82.013652676999982, 30.598690477000048 ], [ -82.044911596999953, 30.650910710000062 ], [ -82.031881222999971, 30.757532800000035 ], [ -82.012967309999965, 30.764256394000029 ], [ -82.015538706999962, 30.791319187000056 ], [ -81.981479882999963, 30.778351704000045 ], [ -81.961551386999986, 30.796007712000062 ], [ -81.953029206999986, 30.82043098500003 ], [ -81.943804980999971, 30.82424940900006 ], [ -81.907518321999987, 30.813475102000041 ], [ -81.899141091, 30.828308308000032 ], [ -81.873001808999959, 30.799084406000077 ], [ -81.803198196999972, 30.788085010000032 ], [ -81.776707890999944, 30.761584601000038 ], [ -81.757710209999971, 30.769631685000036 ], [ -81.736675023999965, 30.763888793000035 ], [ -81.716768803999969, 30.745368900000074 ], [ -81.642477511999971, 30.729080986000042 ], [ -81.627980979999961, 30.731774277000056 ], [ -81.604771009, 30.716321288000074 ], [ -81.60116990299997, 30.724887086000024 ], [ -81.536591297999962, 30.706577310000057 ], [ -81.528595499999938, 30.721452685000031 ], [ -81.49878429599994, 30.598605311000028 ], [ -81.518117407999966, 30.556212874000039 ], [ -81.457528698999965, 30.454764195000052 ], [ -81.480798295999989, 30.380540403000055 ], [ -81.443260000999942, 30.357187401000033 ], [ -81.432767714999954, 30.246781700000042 ], [ -81.302757913999983, 29.913051996000036 ], [ -81.31648992199996, 29.829240313000071 ], [ -81.243784506999987, 29.737943102000031 ], [ -81.233765812999934, 29.669023887000037 ], [ -81.109880285999964, 29.430239280000023 ], [ -81.097054588999981, 29.351799313000072 ], [ -80.785662424999941, 28.785193979000042 ] ] ], [ [ [ -86.833882304999975, 30.39973519800003 ], [ -86.791553120999936, 30.40396940100004 ], [ -86.620825707999984, 30.414551776000053 ], [ -86.534756404999939, 30.406791375000068 ], [ -86.522770296999965, 30.401147688000037 ], [ -86.53264300799998, 30.393388789000028 ], [ -86.738641614999949, 30.402558208000073 ], [ -86.792964521999977, 30.390564899000026 ], [ -86.834584197999959, 30.387038288000042 ], [ -87.242348607999986, 30.321431786000062 ], [ -87.267045821999943, 30.321431890000042 ], [ -87.290324122999948, 30.332719421000036 ], [ -87.286089711999978, 30.339772593000077 ], [ -87.202140695999958, 30.334834580000063 ], [ -87.139349123999978, 30.351765901000078 ], [ -87.047641416999966, 30.36940108400006 ], [ -86.929122892999942, 30.381394392000061 ], [ -86.833882304999975, 30.39973519800003 ] ] ], [ [ [ -80.735833414999945, 28.788844403000041 ], [ -80.763330376999988, 28.822067783000023 ], [ -80.817179795999948, 28.895390599000052 ], [ -80.891079396999942, 29.013393777000033 ], [ -80.916287190999981, 29.071822207000025 ], [ -80.899097781999956, 29.061511286000041 ], [ -80.862437979999982, 28.991625720000059 ], [ -80.735833414999945, 28.788844403000041 ] ] ], [ [ [ -80.725899782999988, 28.78436599500003 ], [ -80.57968920199994, 28.590153998000062 ], [ -80.525948104999941, 28.463462608000043 ], [ -80.587655885999936, 28.409260197000037 ], [ -80.62163021799995, 28.412659216000065 ], [ -80.577446707999968, 28.548653523000041 ], [ -80.599129081999934, 28.603922786000055 ], [ -80.660043119999955, 28.618651089000025 ], [ -80.691881519999981, 28.588350181000067 ], [ -80.780445291999968, 28.618960618000074 ], [ -80.785930303999976, 28.687716286000068 ], [ -80.734994809999989, 28.70661719800006 ], [ -80.754068384999982, 28.736883915000078 ], [ -80.641197691999935, 28.657346013000051 ], [ -80.725899782999988, 28.78436599500003 ] ] ], [ [ [ -80.688623874999962, 28.581764385000042 ], [ -80.653794776999973, 28.600890489000051 ], [ -80.609192792999977, 28.573566500000027 ], [ -80.662730506999935, 28.427410209000072 ], [ -80.667110590999982, 28.301841310000043 ], [ -80.605571691999955, 28.144944591000069 ], [ -80.721043516999941, 28.385401018000039 ], [ -80.688623874999962, 28.581764385000042 ] ] ], [ [ [ -82.101941575999945, 26.586077225000054 ], [ -82.066953024999975, 26.49756437700006 ], [ -82.097456123999962, 26.493942497000035 ], [ -82.135709624999947, 26.642629881000062 ], [ -82.183310180999968, 26.683432401000061 ], [ -82.128651790999982, 26.693691414000057 ], [ -82.101941575999945, 26.586077225000054 ] ] ], [ [ [ -80.249453679999988, 25.354937598000049 ], [ -80.355665273999989, 25.158233620000033 ], [ -80.587819689999947, 24.95637638200003 ], [ -80.353063675999977, 25.211532101000046 ], [ -80.330296991999944, 25.267981616000043 ], [ -80.361601084999961, 25.29649932600006 ], [ -80.249453679999988, 25.354937598000049 ] ] ] ] } },
{ "type": "Feature", "properties": { "OBJECTID": 10, "Territory_": "SC+GA", "Status": "AVAILABLE", "State": "Georgia", "STATE_FIPS": "13", "SUB_REGION": "South Atlantic", "STATE_ABBR": "GA", "POPULATION": 10390390, "Shape_Leng": 26.879590518299999, "Shape_Area": 22.393331731300002 }, "geometry": { "type": "MultiPolygon", "coordinates": [ [ [ [ -81.40305270999994, 30.938803112000073 ], [ -81.455716593999966, 30.716427382000063 ], [ -81.479460300999961, 30.736883399000078 ], [ -81.469887121999989, 30.860258811000051 ], [ -81.50330538999998, 30.881735005000053 ], [ -81.485055603999967, 30.903883097000062 ], [ -81.416405097999984, 30.970600121000075 ], [ -81.40305270999994, 30.938803112000073 ] ] ], [ [ [ -80.666616586999965, 32.220113189000074 ], [ -80.819266824999943, 32.104698193000047 ], [ -80.767805002999978, 32.258648194000045 ], [ -80.719083510999951, 32.272204689000034 ], [ -80.666616586999965, 32.220113189000074 ] ] ], [ [ [ -82.389450680999971, 35.208356577000075 ], [ -82.371216020999952, 35.182839824000041 ], [ -82.359962318999976, 35.183064602000059 ], [ -82.350700015999962, 35.192788220000068 ], [ -82.320608914, 35.184303806000059 ], [ -82.27816560499997, 35.195121578000055 ], [ -82.210010397999952, 35.193241091000061 ], [ -81.971272724999949, 35.188400003000027 ], [ -81.870416580999972, 35.183237782000049 ], [ -81.765181077999955, 35.182596086000046 ], [ -81.361980187999961, 35.162986703000058 ], [ -81.322625695999989, 35.163891823000029 ], [ -81.049099019999971, 35.151672805000032 ], [ -81.048839688999976, 35.132153405000054 ], [ -81.028240589999939, 35.105550995000044 ], [ -81.065349998999977, 35.066625284000054 ], [ -81.039685189999943, 35.037345382000069 ], [ -80.927591919999941, 35.101394705000075 ], [ -80.894510378999939, 35.059880813000063 ], [ -80.839959015999966, 35.002166398000043 ], [ -80.785444588999951, 34.940788092000048 ], [ -80.799855799999989, 34.816260091000061 ], [ -80.561334874999943, 34.815379681000024 ], [ -80.325065405999965, 34.814916708000055 ], [ -79.919736613999987, 34.808074121000061 ], [ -79.685738699999945, 34.805412688000047 ], [ -79.66728231999997, 34.800820208000061 ], [ -79.455740886999934, 34.634251986000038 ], [ -79.446913374999951, 34.61922218400008 ], [ -79.074257597999974, 34.30473850900006 ], [ -78.65545317699997, 33.948845017000053 ], [ -78.579453490999981, 33.882164619000037 ], [ -78.622591905999968, 33.865708082000026 ], [ -78.585931119999941, 33.85353169800004 ], [ -78.854880803999947, 33.71636221600005 ], [ -79.00069549899996, 33.572629319000043 ], [ -79.120866002999946, 33.430778617000044 ], [ -79.150149997999961, 33.317256385000064 ], [ -79.158115282999972, 33.342433407000044 ], [ -79.270846001999985, 33.297037889000023 ], [ -79.201911712999959, 33.183688476000043 ], [ -79.229562481999949, 33.141505793000078 ], [ -79.348755080999979, 33.154994788000067 ], [ -79.297833988999969, 33.138961489000053 ], [ -79.287877408999975, 33.104698194000036 ], [ -79.410618687999943, 33.013868100000025 ], [ -79.582357573999957, 33.01601289000007 ], [ -79.617233711999972, 32.980968079000036 ], [ -79.587645782999971, 32.925106696000057 ], [ -79.606812085999934, 32.899243684000055 ], [ -79.752320514999951, 32.794235601000025 ], [ -79.907485890999965, 32.790707488000066 ], [ -79.799859786999946, 32.929956020000077 ], [ -79.907141186999979, 32.85938969700004 ], [ -79.93025019199996, 32.914221113000053 ], [ -79.962119310999981, 32.904409998000062 ], [ -79.947983905999934, 32.810799321000047 ], [ -79.891655094999976, 32.734029983000028 ], [ -79.896393298999953, 32.677421378000076 ], [ -79.996617589999971, 32.605787322000026 ], [ -80.210802892999936, 32.561600911000028 ], [ -80.290654106999966, 32.504070504000026 ], [ -80.347174074999941, 32.511955494000063 ], [ -80.390868501999989, 32.655401604000076 ], [ -80.415992684999935, 32.669160810000051 ], [ -80.399802989999955, 32.504959877000033 ], [ -80.480707222999968, 32.510434113000031 ], [ -80.550394690999951, 32.557841388000043 ], [ -80.53888201999996, 32.50986597800005 ], [ -80.646411302, 32.518879881000032 ], [ -80.643557986999951, 32.498460697000041 ], [ -80.486071996999954, 32.431031005000079 ], [ -80.442797699999971, 32.373507593000056 ], [ -80.460392423999963, 32.318685398000071 ], [ -80.62602812199998, 32.272821520000036 ], [ -80.678014511999947, 32.285665503000075 ], [ -80.741963385999952, 32.360212708000063 ], [ -80.799381895999943, 32.473307816000045 ], [ -80.784786522, 32.505052087000024 ], [ -80.830517522999969, 32.516281598000035 ], [ -80.867177116999983, 32.532694982000066 ], [ -80.821866403999934, 32.400710205000053 ], [ -80.780561488999979, 32.248123789000033 ], [ -80.892914399999938, 32.068173807000051 ], [ -81.104875807999974, 32.105445984000028 ], [ -80.894753598999955, 32.005993885000066 ], [ -80.973556089999988, 31.947928705000038 ], [ -80.970875593999949, 31.890313910000032 ], [ -81.139850786999943, 31.86434050500003 ], [ -81.179998502999979, 31.905891074000067 ], [ -81.2072581, 31.90012077800003 ], [ -81.197302502999946, 31.919895675000078 ], [ -81.203909900999975, 31.928432411000074 ], [ -81.239683180999975, 31.903415722000034 ], [ -81.284294384999953, 31.949428017000059 ], [ -81.244947195999941, 31.894691611000042 ], [ -81.206488395999941, 31.920650718000047 ], [ -81.220105811999986, 31.893139924000025 ], [ -81.18024990899994, 31.897672674000034 ], [ -81.14146779899994, 31.853516724000031 ], [ -81.039011011999946, 31.82335998700006 ], [ -81.061042700999963, 31.777542992000065 ], [ -81.136824084999944, 31.727073787000052 ], [ -81.17401270199997, 31.799810907000051 ], [ -81.196366403999946, 31.784843890000047 ], [ -81.175177619999943, 31.735802509000052 ], [ -81.289729093999938, 31.799665182000069 ], [ -81.134937018999949, 31.646070090000023 ], [ -81.187189784999987, 31.599898289000066 ], [ -81.240719312999943, 31.640173599000036 ], [ -81.239145091999944, 31.556883116000051 ], [ -81.194770476999963, 31.505152224000028 ], [ -81.208571694999989, 31.466897324000058 ], [ -81.31306598499998, 31.337597498000036 ], [ -81.365581293999981, 31.344554884000047 ], [ -81.410344387999942, 31.311480180000046 ], [ -81.394771574999936, 31.26409 ], [ -81.388813178999953, 31.29714900700003 ], [ -81.300834895999969, 31.275818901000036 ], [ -81.310249606999946, 31.242694881000034 ], [ -81.381006102999947, 31.148945783000045 ], [ -81.528388076999988, 31.131128095000065 ], [ -81.525259216999984, 31.086548492000077 ], [ -81.475337683999953, 31.043823317000033 ], [ -81.535429384999986, 31.076756284000055 ], [ -81.490855480999983, 30.98581222100006 ], [ -81.528560998999978, 30.962119022000024 ], [ -81.484827406999955, 30.944900084000039 ], [ -81.529269003999957, 30.864778714000067 ], [ -81.498382192999941, 30.757514876000073 ], [ -81.528595499999938, 30.721452685000031 ], [ -81.536591297999962, 30.706577310000057 ], [ -81.60116990299997, 30.724887086000024 ], [ -81.604771009, 30.716321288000074 ], [ -81.627980979999961, 30.731774277000056 ], [ -81.642477511999971, 30.729080986000042 ], [ -81.716768803999969, 30.745368900000074 ], [ -81.736675023999965, 30.763888793000035 ], [ -81.757710209999971, 30.769631685000036 ], [ -81.776707890999944, 30.761584601000038 ], [ -81.803198196999972, 30.788085010000032 ], [ -81.873001808999959, 30.799084406000077 ], [ -81.899141091, 30.828308308000032 ], [ -81.907518321999987, 30.813475102000041 ], [ -81.943804980999971, 30.82424940900006 ], [ -81.953029206999986, 30.82043098500003 ], [ -81.961551386999986, 30.796007712000062 ], [ -81.981479882999963, 30.778351704000045 ], [ -82.015538706999962, 30.791319187000056 ], [ -82.012967309999965, 30.764256394000029 ], [ -82.031881222999971, 30.757532800000035 ], [ -82.044911596999953, 30.650910710000062 ], [ -82.013652676999982, 30.598690477000048 ], [ -82.005801619999943, 30.570990494000057 ], [ -82.022509510999953, 30.477717788000064 ], [ -82.035120685999971, 30.442878276000044 ], [ -82.04609951599997, 30.434068222000064 ], [ -82.038354707999986, 30.378904587000079 ], [ -82.052766799999972, 30.363794488000053 ], [ -82.16463917699997, 30.36129178300007 ], [ -82.180234108999969, 30.36863091400005 ], [ -82.205564781999954, 30.423853191000035 ], [ -82.19918718699995, 30.490014513000062 ], [ -82.219367501999955, 30.502970496000046 ], [ -82.238396110999986, 30.531444689000068 ], [ -82.221039580999957, 30.567076025000063 ], [ -82.412092619999953, 30.577307479000069 ], [ -82.463134880999974, 30.582689918000028 ], [ -82.58295762399996, 30.589053786000079 ], [ -82.696355992999941, 30.595720085000039 ], [ -83.132440376999966, 30.621341379000057 ], [ -83.301315484999975, 30.63328490400005 ], [ -83.310600788999977, 30.634303319000026 ], [ -83.609056085999953, 30.650784619000035 ], [ -83.737843984999984, 30.660491194000031 ], [ -84.000730109999949, 30.675537677000079 ], [ -84.075562184999967, 30.678577590000032 ], [ -84.281663312999967, 30.690419113000075 ], [ -84.374448180999934, 30.694091916000048 ], [ -84.863003684999967, 30.712664492000044 ], [ -84.864583086999971, 30.714503225000044 ], [ -84.888288821999936, 30.743889377000073 ], [ -84.915343377999989, 30.754089800000031 ], [ -84.926894797999978, 30.776088696000045 ], [ -84.932563920999939, 30.802625004000049 ], [ -84.926926191999939, 30.846922224000025 ], [ -84.937776184999962, 30.894957675000057 ], [ -84.969012310999972, 30.92709379300004 ], [ -84.9735677, 30.96366438900003 ], [ -85.000141979999967, 30.979319517000079 ], [ -85.001607204999971, 31.001253399000063 ], [ -85.016995698999949, 31.08010282500004 ], [ -85.03806818299995, 31.126713199000051 ], [ -85.068662508999978, 31.162364118000028 ], [ -85.093366922999962, 31.172211288000028 ], [ -85.102957094999965, 31.196922075000032 ], [ -85.093603304999988, 31.227074512000058 ], [ -85.103361320999966, 31.271436176000066 ], [ -85.08122809799994, 31.303080311000031 ], [ -85.082563190999963, 31.332334518000039 ], [ -85.087942004999945, 31.367234226000051 ], [ -85.061406317999968, 31.440663396000048 ], [ -85.066312004999986, 31.476089588000036 ], [ -85.042698479999956, 31.519659893000039 ], [ -85.042721377999953, 31.554389787000048 ], [ -85.059285304999946, 31.621265176000065 ], [ -85.111204918999988, 31.684242104000077 ], [ -85.118674387999988, 31.708571612000071 ], [ -85.115286921999939, 31.731565975000024 ], [ -85.130164886999978, 31.778853686000048 ], [ -85.131561108999961, 31.78381459600007 ], [ -85.135566908999976, 31.854884403000028 ], [ -85.115150210999957, 31.907424784000057 ], [ -85.070067124, 31.980703101000074 ], [ -85.056700282999941, 32.017376475000049 ], [ -85.062010714999985, 32.050010274000044 ], [ -85.056654902999981, 32.069643902000053 ], [ -85.046187222999947, 32.090895007000029 ], [ -85.053313697999954, 32.126637722000055 ], [ -85.024382384999967, 32.166275117000055 ], [ -85.007826124999951, 32.178878625000038 ], [ -84.960385280999958, 32.191928477000033 ], [ -84.97574377899997, 32.212248715000044 ], [ -84.928371679999941, 32.217978397000024 ], [ -84.916004085999987, 32.228556419000029 ], [ -84.923679580999988, 32.247389 ], [ -84.905360998999981, 32.249555808000025 ], [ -84.894015913999965, 32.259176078000053 ], [ -84.894603475999986, 32.268735425000045 ], [ -84.921070884999949, 32.293136992000029 ], [ -85.005332485999986, 32.329592479000041 ], [ -85.002090018999979, 32.347078519000036 ], [ -84.971663486999944, 32.371503190000055 ], [ -84.984488923999947, 32.387093306000054 ], [ -84.970961903999978, 32.396812779000072 ], [ -84.965385095999977, 32.429450205000023 ], [ -84.989815, 32.45483620400006 ], [ -84.995652174999975, 32.518928525000035 ], [ -85.070774404999952, 32.581253810000078 ], [ -85.084149378999939, 32.60300430500007 ], [ -85.086324008999952, 32.628451279000046 ], [ -85.103803675999984, 32.645910379000043 ], [ -85.090474910999944, 32.676152283000079 ], [ -85.107733323, 32.689972409000063 ], [ -85.113867801999959, 32.734389088000057 ], [ -85.124885122999956, 32.744383176000042 ], [ -85.133300688999952, 32.756315200000074 ], [ -85.128089823999971, 32.777070385000059 ], [ -85.162301314999979, 32.807445787000063 ], [ -85.180719723999971, 32.871812980000072 ], [ -85.23350291099996, 33.120139424000058 ], [ -85.233846319999941, 33.129237302000035 ], [ -85.293824985999947, 33.425875676000032 ], [ -85.30498010499997, 33.49059399600003 ], [ -85.335286814999961, 33.654923091000057 ], [ -85.384010896999939, 33.905409817000077 ], [ -85.395737776999965, 33.959829287000048 ], [ -85.416567196999949, 34.086920396000039 ], [ -85.460285920999979, 34.290161474000058 ], [ -85.511855909999952, 34.523014882000041 ], [ -85.525834089999989, 34.584685622000052 ], [ -85.534692580999945, 34.622488377000025 ], [ -85.583058023999968, 34.862322689000052 ], [ -85.608960198999966, 34.990164180000079 ], [ -85.467383903999973, 34.990123824000079 ], [ -85.359943878999957, 34.989978099000041 ], [ -85.267717303999973, 34.989149805000068 ], [ -84.972793487999979, 34.992629482000041 ], [ -84.967857184999957, 34.992682891000072 ], [ -84.800416892999976, 34.992832295000028 ], [ -84.771134297999936, 34.99075718000006 ], [ -84.618684695999946, 34.988759824000056 ], [ -84.323773520999964, 34.989090593000071 ], [ -84.118152409999936, 34.988307005000024 ], [ -83.988454209999986, 34.989151825000079 ], [ -83.937899114999937, 34.989477517000068 ], [ -83.549297276999937, 34.989628525000057 ], [ -83.512887688999967, 34.992115793000039 ], [ -83.106156923999947, 35.000366674000077 ], [ -83.00714660899996, 35.024293199000056 ], [ -82.887556206999989, 35.055473221000057 ], [ -82.771201121999979, 35.085537696000074 ], [ -82.697208220999983, 35.091349487000059 ], [ -82.68788458299997, 35.097918291000042 ], [ -82.685900176999951, 35.121580407000067 ], [ -82.654344107999975, 35.119574089000025 ], [ -82.569875912999976, 35.149607377000052 ], [ -82.524479617999987, 35.154677491000029 ], [ -82.466586014999962, 35.173617203000049 ], [ -82.43776141799998, 35.169676211000024 ], [ -82.389450680999971, 35.208356577000075 ] ] ] ] } },
{ "type": "Feature", "properties": { "OBJECTID": 11, "Territory_": "IL+MN", "Status": "AVAILABLE", "State": "Illinois", "STATE_FIPS": "17", "SUB_REGION": "East North Central", "STATE_ABBR": "IL", "POPULATION": 13027812, "Shape_Leng": 25.900838196, "Shape_Area": 25.3289952531 }, "geometry": { "type": "MultiPolygon", "coordinates": [ [ [ [ -89.834738991999984, 42.50346860500008 ], [ -89.400613214999964, 42.497501919000058 ], [ -89.359558876999984, 42.497917802000075 ], [ -88.939187020999952, 42.490879809000035 ], [ -88.765057895999973, 42.490922392000073 ], [ -88.706623094999941, 42.489671479000037 ], [ -88.297989308999945, 42.491988674000027 ], [ -88.194790222999984, 42.489631591000034 ], [ -87.797382008999989, 42.489152817000047 ], [ -87.83701489699996, 42.314235287000031 ], [ -87.760302386999967, 42.156481989000042 ], [ -87.670605919999957, 42.059851914000035 ], [ -87.612676000999954, 41.847365420000074 ], [ -87.52990630499994, 41.723626084000045 ], [ -87.463710895999952, 41.671624516000065 ], [ -87.419307010999944, 41.676366398000027 ], [ -87.441974024999979, 41.658112986000049 ], [ -87.394746716999975, 41.634191176000058 ], [ -87.233854507, 41.626188695000053 ], [ -86.942459893999967, 41.71650349500004 ], [ -86.834829593999984, 41.765504780000072 ], [ -86.525180997999939, 41.765540318000035 ], [ -86.234565309999937, 41.764864275000036 ], [ -86.068302213999971, 41.764628412000036 ], [ -85.799227007999946, 41.763534984000046 ], [ -85.659458879999988, 41.762627481000038 ], [ -85.297209601999953, 41.763580986000079 ], [ -85.193140622999977, 41.762867592000077 ], [ -84.82600808899997, 41.761875079000049 ], [ -84.788477823999983, 41.760959494000076 ], [ -84.790377477999982, 41.697494780000056 ], [ -84.791369887999963, 41.530492026000047 ], [ -84.791897200999983, 41.427899409000077 ], [ -84.79097560799994, 41.283817974000044 ], [ -84.791586220999989, 41.253132576000041 ], [ -84.790527087999976, 40.988341202000072 ], [ -84.791023318999976, 40.937708504000057 ], [ -84.793061289999969, 40.728860415000042 ], [ -84.79325218699995, 40.588738207000063 ], [ -84.794556302, 40.353050705000044 ], [ -84.795387808999976, 40.319500492000031 ], [ -84.803564091999988, 40.013990676000049 ], [ -84.806149787999971, 39.917166491000046 ], [ -84.808696577999967, 39.733299295000052 ], [ -84.811036824999974, 39.564050680000037 ], [ -84.811104791999981, 39.513163209000027 ], [ -84.812024883999982, 39.312333195000065 ], [ -84.812070522999988, 39.303029189000029 ], [ -84.811480577999987, 39.102585477000048 ], [ -84.827861377999966, 39.103687711000077 ], [ -84.886707917999956, 39.065045006000048 ], [ -84.889996075999989, 39.050648612000032 ], [ -84.876293182999973, 39.032895523000036 ], [ -84.844225704999985, 39.005831021000063 ], [ -84.834444376999954, 38.982775477000075 ], [ -84.846315893999986, 38.954631120000045 ], [ -84.875880199999983, 38.927604175000056 ], [ -84.875254407999989, 38.909431318000031 ], [ -84.859743500999969, 38.902042508000079 ], [ -84.803223998999954, 38.897190905000059 ], [ -84.788666908999971, 38.884385308000049 ], [ -84.787446093999961, 38.866643513000042 ], [ -84.824426200999937, 38.834462896000048 ], [ -84.818780181999955, 38.793410007000034 ], [ -84.975611212999979, 38.780640985000048 ], [ -85.025073088999989, 38.76429111200008 ], [ -85.068454619999955, 38.750424621000036 ], [ -85.119657110999981, 38.714139310000064 ], [ -85.160933221999983, 38.695176494000066 ], [ -85.205161801999964, 38.695816999000044 ], [ -85.271393887999977, 38.744376707000072 ], [ -85.335009196999977, 38.737006391000079 ], [ -85.418186590999937, 38.738417222000066 ], [ -85.446690624999974, 38.724840678000078 ], [ -85.453679299999976, 38.694674513000052 ], [ -85.42440457899994, 38.584840106000058 ], [ -85.417461696999965, 38.561475604000066 ], [ -85.43236981299998, 38.537016120000033 ], [ -85.466382116999966, 38.518175405000079 ], [ -85.50720002199995, 38.471419514000047 ], [ -85.612640306999936, 38.446670393000034 ], [ -85.643593012999986, 38.383688026000073 ], [ -85.654228277999948, 38.337752814000055 ], [ -85.681388980999941, 38.300953711000034 ], [ -85.74692601199996, 38.270315092000033 ], [ -85.786210775999962, 38.282391598000061 ], [ -85.806551321999962, 38.28617919900006 ], [ -85.839907683999968, 38.276291517000061 ], [ -85.852335784, 38.238561081000057 ], [ -85.912074595999968, 38.180001484000059 ], [ -85.914751103999947, 38.064874880000048 ], [ -85.930871898999953, 38.03404888700004 ], [ -85.958582086999968, 38.011840599000038 ], [ -86.006663280999987, 38.001767096000037 ], [ -86.03161982599994, 37.992950722000046 ], [ -86.052715724999985, 37.966784502000053 ], [ -86.104986622999945, 38.011336183000026 ], [ -86.190621703999966, 38.017758381000078 ], [ -86.252154904999941, 38.040721506000068 ], [ -86.277699010999982, 38.058172992000038 ], [ -86.291440083999987, 38.078489501000035 ], [ -86.297674284999971, 38.150304093000045 ], [ -86.341605924999953, 38.177288092000026 ], [ -86.364349917999959, 38.193290205000039 ], [ -86.388306904, 38.194808011000077 ], [ -86.387101008999934, 38.168021489000068 ], [ -86.343123885999944, 38.155559820000065 ], [ -86.335417879999966, 38.144028293000076 ], [ -86.344039108999937, 38.13427022500008 ], [ -86.393677117999971, 38.123294399000031 ], [ -86.407181290999972, 38.108218595000039 ], [ -86.452524174999951, 38.129755296000042 ], [ -86.464846024999986, 38.129156182000031 ], [ -86.474336886999936, 38.111707597000077 ], [ -86.442521177999936, 38.088698212000054 ], [ -86.442467611999973, 38.075995395000064 ], [ -86.458367411999973, 38.059160895000048 ], [ -86.503114704999973, 38.051648792000037 ], [ -86.519091173999982, 38.047047919000079 ], [ -86.52783440099995, 38.018693185000075 ], [ -86.530847892999986, 37.987477314000046 ], [ -86.516901002999987, 37.942242079000039 ], [ -86.52273781599996, 37.927871690000075 ], [ -86.541087221999987, 37.921515801000055 ], [ -86.581783903999963, 37.925665408000043 ], [ -86.598309807999954, 37.92107199600008 ], [ -86.614782507999962, 37.85797550500007 ], [ -86.645568197999978, 37.846000379000031 ], [ -86.66592418099998, 37.84738090500008 ], [ -86.670669792999945, 37.860640874000069 ], [ -86.660308622999935, 37.902572877000068 ], [ -86.668655496999975, 37.913196798000058 ], [ -86.689125914999977, 37.911853622000081 ], [ -86.728876605999972, 37.894621475000065 ], [ -86.753825585999948, 37.898359395000057 ], [ -86.802815474999989, 37.978799879000064 ], [ -86.826307207999946, 37.99155968000008 ], [ -86.863272704999986, 37.986920214000065 ], [ -86.900077921, 37.953696988000047 ], [ -86.931572912999968, 37.93804072000006 ], [ -86.989031518, 37.930616113000042 ], [ -87.013156399999957, 37.924763914000039 ], [ -87.036479976999942, 37.908005411000033 ], [ -87.071308298999952, 37.807136108000066 ], [ -87.106427086999986, 37.784251208000057 ], [ -87.131879395999988, 37.789736374000029 ], [ -87.158079909999969, 37.826967523000064 ], [ -87.175780676999977, 37.838640216000044 ], [ -87.226761809999971, 37.849118309000062 ], [ -87.272745923999935, 37.870819384000072 ], [ -87.310558883999988, 37.893718375000049 ], [ -87.387550616999988, 37.934969207000051 ], [ -87.452288415999988, 37.936520789000042 ], [ -87.504803, 37.915626977000045 ], [ -87.604325707999976, 37.971157281000046 ], [ -87.62713761699996, 37.923454722000031 ], [ -87.594718389999969, 37.890766685000074 ], [ -87.593634493999957, 37.864910718000033 ], [ -87.607588793, 37.843819325000027 ], [ -87.651695890999974, 37.828175179000027 ], [ -87.684717392999971, 37.836372806000043 ], [ -87.679720995999958, 37.897049375000051 ], [ -87.709408181999947, 37.899753908000037 ], [ -87.728199993999965, 37.894585005000067 ], [ -87.753782485999977, 37.898128816000053 ], [ -87.823647174999962, 37.878255024000055 ], [ -87.857187388999989, 37.890946911000071 ], [ -87.899036401999979, 37.924596898000061 ], [ -87.921894882999936, 37.919908891000034 ], [ -87.934483781999973, 37.904203875000064 ], [ -87.936848895999958, 37.875223504000076 ], [ -87.910228612999958, 37.838613486000042 ], [ -87.920170015999986, 37.809728589000031 ], [ -87.939610413999958, 37.799551012000052 ], [ -87.958738018999952, 37.776224275000061 ], [ -88.011222919999966, 37.801352290000068 ], [ -88.035607391999974, 37.805727919000049 ], [ -88.072503989999973, 37.735446207000052 ], [ -88.133670313999971, 37.700790808000079 ], [ -88.159404384999959, 37.660733489000052 ], [ -88.157664183999941, 37.628526504000035 ], [ -88.134202083, 37.583620379000024 ], [ -88.071591512999987, 37.511038620000079 ], [ -88.087910614999942, 37.476321676000055 ], [ -88.311742503999938, 37.442903305000073 ], [ -88.359214222999981, 37.409361123000053 ], [ -88.419893589999958, 37.420343216000049 ], [ -88.467685924999955, 37.400808379000068 ], [ -88.511365224999963, 37.296905794000054 ], [ -88.501468892999981, 37.257836482000073 ], [ -88.45073900999995, 37.205724416000066 ], [ -88.422555021999983, 37.156965418000027 ], [ -88.450511019999965, 37.098727317000055 ], [ -88.476841717999946, 37.072200385000031 ], [ -88.490743279999947, 37.068237221000061 ], [ -88.517317612999989, 37.064826702000062 ], [ -88.559318981, 37.072871403000079 ], [ -88.614267991999952, 37.109102475000043 ], [ -88.688421174999974, 37.135465084000032 ], [ -88.739166598999986, 37.141236313000036 ], [ -88.746559812999976, 37.152161474000025 ], [ -88.863349895999988, 37.202247588000034 ], [ -88.932567810999956, 37.218459507000034 ], [ -88.993240079999964, 37.220088019000059 ], [ -89.065104094999981, 37.185911599000065 ], [ -89.116893110999968, 37.112188597000056 ], [ -89.146419703999982, 37.09323691700007 ], [ -89.16962102399998, 37.064287007000075 ], [ -89.174403986999948, 37.025762622000059 ], [ -89.150316507999946, 36.998491681000075 ], [ -89.129929907999951, 36.988165686000059 ], [ -89.193584224999938, 36.986822303000054 ], [ -89.210126187999947, 37.029023687000063 ], [ -89.237753592999979, 37.041783488000078 ], [ -89.264130395999985, 37.087174291000053 ], [ -89.284310814999969, 37.091294111000025 ], [ -89.303369417999988, 37.085434711000062 ], [ -89.309777473999986, 37.060959582000066 ], [ -89.264319584999953, 37.027783394000039 ], [ -89.262076003999937, 37.008736707000025 ], [ -89.282843414999945, 36.999257086000057 ], [ -89.311057810999955, 37.00973212100007 ], [ -89.383028696999986, 37.049263525000072 ], [ -89.380070218999947, 37.099133098000038 ], [ -89.423880792999967, 37.137253411000074 ], [ -89.44060598599998, 37.16536777400006 ], [ -89.468304, 37.224316575000046 ], [ -89.465398207999954, 37.253781522000054 ], [ -89.489683577999983, 37.256051212000045 ], [ -89.51397671999996, 37.276452212000038 ], [ -89.513977392999948, 37.305012712000064 ], [ -89.500672198999951, 37.329491312000073 ], [ -89.468833696, 37.339458979000028 ], [ -89.435827891999963, 37.35576668300007 ], [ -89.427665388999969, 37.411068013000033 ], [ -89.453714324999964, 37.453235414000062 ], [ -89.494877813999949, 37.491774977000034 ], [ -89.525068016999967, 37.572006380000062 ], [ -89.513463600999955, 37.615978684000027 ], [ -89.519277412999941, 37.650425677000044 ], [ -89.513471319999951, 37.679890623000063 ], [ -89.521619784999984, 37.694848211000078 ], [ -89.581535403999965, 37.706155375000037 ], [ -89.666561011999988, 37.745504894000078 ], [ -89.675960490999955, 37.784021819000031 ], [ -89.691158501999951, 37.804846214000065 ], [ -89.728551123999978, 37.841043717000048 ], [ -89.851822202999983, 37.905115678000072 ], [ -89.861153197999954, 37.905539176000048 ], [ -89.866921421999962, 37.89192849300008 ], [ -89.900659683999947, 37.875956790000032 ], [ -89.937983820999989, 37.878097074000038 ], [ -89.979023187999985, 37.911937286000068 ], [ -89.958338715999957, 37.963686776000031 ], [ -90.010922094999955, 37.969371026000033 ], [ -90.042035704999989, 37.993258594000054 ], [ -90.119453474999943, 38.032325315000037 ], [ -90.134827100999985, 38.054004218000046 ], [ -90.207644204999951, 38.088958889000025 ], [ -90.254177183999957, 38.122223507000058 ], [ -90.289753400999984, 38.166870818000064 ], [ -90.336835397999948, 38.188767297000027 ], [ -90.364888996, 38.23435319500004 ], [ -90.369465985999966, 38.323613109000064 ], [ -90.358806993999963, 38.365383794000024 ], [ -90.339725079999937, 38.390900081000041 ], [ -90.301958120999984, 38.427410221000059 ], [ -90.265899608999973, 38.518740898000033 ], [ -90.261344583999971, 38.53282082100003 ], [ -90.241057084999966, 38.562857321000024 ], [ -90.183819009999979, 38.610322617000065 ], [ -90.183688877999941, 38.658822181000062 ], [ -90.202350713999977, 38.70041367500005 ], [ -90.196681693999949, 38.724014922000038 ], [ -90.163507681999988, 38.773147375000065 ], [ -90.135285617999955, 38.785533307000037 ], [ -90.121834491999948, 38.80055922400004 ], [ -90.11322828699997, 38.830515583000079 ], [ -90.132920504999959, 38.853079402000049 ], [ -90.244038614999965, 38.91455712100003 ], [ -90.279043121999962, 38.924765314000069 ], [ -90.319853722999937, 38.924956212000041 ], [ -90.413186004999943, 38.962378206000039 ], [ -90.469957689999944, 38.959227589000079 ], [ -90.530545103999941, 38.89165911300006 ], [ -90.570448407999947, 38.87137690000003 ], [ -90.627334889999986, 38.880845176000037 ], [ -90.668999790999976, 38.935303395000062 ], [ -90.706193589999941, 39.037841721000063 ], [ -90.707711913999958, 39.058227284000054 ], [ -90.690522505, 39.093749314000036 ], [ -90.716859989999989, 39.144259496000075 ], [ -90.71831728899997, 39.195921488000067 ], [ -90.732462484999985, 39.224794780000025 ], [ -90.738207501999966, 39.247858198000074 ], [ -90.779469107999944, 39.296850211000049 ], [ -90.850623924999979, 39.350499717000048 ], [ -90.948024221999958, 39.400631884000063 ], [ -91.036474905999967, 39.444458517000044 ], [ -91.064521508999974, 39.474030024000058 ], [ -91.093750694999983, 39.528973181000026 ], [ -91.156329507999942, 39.552639390000024 ], [ -91.20338938499998, 39.600067490000072 ], [ -91.317811816999949, 39.685962576000065 ], [ -91.367237014999944, 39.724685475000058 ], [ -91.373569591999967, 39.761318183000071 ], [ -91.381863107999948, 39.803817802000026 ], [ -91.449340407999955, 39.863094212000078 ], [ -91.451141012999983, 39.885288202000027 ], [ -91.434203008999987, 39.901874612000029 ], [ -91.430540825999969, 39.921882679000078 ], [ -91.447394803999941, 39.946109874000058 ], [ -91.48744331499995, 40.005798489000028 ], [ -91.504160218999971, 40.06675707900007 ], [ -91.516284022999969, 40.134589806000065 ], [ -91.506701414999952, 40.200503919000028 ], [ -91.499087205999956, 40.251422524000077 ], [ -91.486849484999937, 40.309668396000063 ], [ -91.448747199999957, 40.371946591000039 ], [ -91.418968579999955, 40.386919305000049 ], [ -91.385909210999955, 40.392404887000055 ], [ -91.372908313999972, 40.403032589000077 ], [ -91.385551192999969, 40.447294012000043 ], [ -91.374946491999935, 40.503697576000036 ], [ -91.382255574999988, 40.52853828700006 ], [ -91.413025983999944, 40.548034582000071 ], [ -91.41127112099997, 40.573012625000047 ], [ -91.37576271599994, 40.60348029000005 ], [ -91.262211110999942, 40.639586980000047 ], [ -91.215060005999987, 40.643859415000065 ], [ -91.162644420999982, 40.65635242500008 ], [ -91.129302977999942, 40.682189016000052 ], [ -91.120132419999948, 40.705443124000055 ], [ -91.092895202999955, 40.761587099000053 ], [ -91.08905030699998, 40.833767480000063 ], [ -91.049353700999973, 40.879623380000055 ], [ -90.983419020999975, 40.923964996000052 ], [ -90.960850902999937, 40.950541607000048 ], [ -90.954793921999965, 41.070397298000046 ], [ -90.957929879999938, 41.104393285000072 ], [ -90.99048550599997, 41.144404601000076 ], [ -91.018402288999937, 41.165857689000063 ], [ -91.056466394999973, 41.176290298000026 ], [ -91.101671998999961, 41.231551998000043 ], [ -91.102496511999959, 41.267848187000027 ], [ -91.073429005999969, 41.334925405000035 ], [ -91.055935506999958, 41.401407290000066 ], [ -91.027637809999987, 41.423536525000031 ], [ -91.000842791999958, 41.431112710000036 ], [ -90.949800685999946, 41.421263882000062 ], [ -90.84428378399997, 41.444652577000056 ], [ -90.780042681999987, 41.449852511000074 ], [ -90.708354594999946, 41.450093607000042 ], [ -90.65892970699997, 41.462350702000037 ], [ -90.600837797999986, 41.50961877900005 ], [ -90.540975483999944, 41.526003413000069 ], [ -90.455126192999955, 41.527579499000069 ], [ -90.435098387999972, 41.543612590000066 ], [ -90.423135281999976, 41.567305374000057 ], [ -90.348494311999957, 41.586882381000066 ], [ -90.339476316999935, 41.602831497000068 ], [ -90.34126241599995, 41.649122292000072 ], [ -90.326156979999951, 41.722767898000029 ], [ -90.305015906999984, 41.756497094000053 ], [ -90.255438715999958, 41.781769125000039 ], [ -90.195965709999939, 41.806167014000039 ], [ -90.154644891999965, 41.930802094000057 ], [ -90.142796789999977, 41.983989509000025 ], [ -90.150663025999961, 42.033453197000028 ], [ -90.168226304999962, 42.061066718000063 ], [ -90.166776723999988, 42.10376692300008 ], [ -90.176214486999982, 42.120524183000043 ], [ -90.191702392999957, 42.122709899000029 ], [ -90.231063101999951, 42.159741498000074 ], [ -90.323730012999988, 42.197337400000038 ], [ -90.367858299999966, 42.210226711000075 ], [ -90.407301790999952, 42.242661790000056 ], [ -90.41811241399995, 42.263939107000056 ], [ -90.42780909399994, 42.340644986000029 ], [ -90.441725108999947, 42.360083675000055 ], [ -90.491171183999938, 42.388791505000029 ], [ -90.563711706999982, 42.421843726000077 ], [ -90.605955414999983, 42.46056460300008 ], [ -90.648473786999944, 42.475646986000072 ], [ -90.651899122999964, 42.494700616000046 ], [ -90.638456078, 42.509363697000026 ], [ -90.420102879999945, 42.508364916000062 ], [ -89.92369139699997, 42.50411589600003 ], [ -89.834738991999984, 42.50346860500008 ] ] ] ] } },
{ "type": "Feature", "properties": { "OBJECTID": 12, "Territory_": "OH+MI", "Status": "AVAILABLE", "State": "Michigan", "STATE_FIPS": "26", "SUB_REGION": "East North Central", "STATE_ABBR": "MI", "POPULATION": 10024786, "Shape_Leng": 54.337709916100003, "Shape_Area": 28.2284609178 }, "geometry": { "type": "MultiPolygon", "coordinates": [ [ [ [ -84.72418579899994, 45.780304578000028 ], [ -84.46527501199995, 45.653637484000058 ], [ -84.321458398999937, 45.665607585000032 ], [ -84.20556027799995, 45.630905406000068 ], [ -84.135228781999956, 45.571343297000055 ], [ -84.105907591999937, 45.498749520000047 ], [ -83.922892209999986, 45.491773587000068 ], [ -83.782809475999954, 45.409448888000043 ], [ -83.712318683999968, 45.412394413000072 ], [ -83.592363114999955, 45.349501874000055 ], [ -83.495832089999965, 45.360801889000072 ], [ -83.489597990999982, 45.328937484000051 ], [ -83.394019693999951, 45.272907323000027 ], [ -83.420761404999951, 45.257182725000064 ], [ -83.398695681999982, 45.213641481000025 ], [ -83.312707503999945, 45.09862019500008 ], [ -83.444440979999968, 45.052773621000028 ], [ -83.433972419999975, 45.011128198000051 ], [ -83.464903005999986, 44.997883200000047 ], [ -83.42935569499997, 44.926296907000051 ], [ -83.31972441299996, 44.860646581000026 ], [ -83.280812222999941, 44.703183799000044 ], [ -83.320036220999953, 44.515460206000057 ], [ -83.356962917999965, 44.335133712000072 ], [ -83.529150478999952, 44.261274103000062 ], [ -83.568236989999946, 44.170118006000052 ], [ -83.598404501999937, 44.070493398000053 ], [ -83.704801916999941, 43.997165195000036 ], [ -83.873614808999946, 43.962842221000074 ], [ -83.918376192999972, 43.916997615000071 ], [ -83.938121715999955, 43.698283706000041 ], [ -83.699164705999976, 43.599642287000052 ], [ -83.654614785999968, 43.607419887000049 ], [ -83.530909692999955, 43.725943385000051 ], [ -83.49424802599998, 43.70284158100003 ], [ -83.466408378999972, 43.745740713000032 ], [ -83.367163184999981, 43.844452119000039 ], [ -83.326025804999972, 43.94045940500007 ], [ -82.940154091999943, 44.069959506000032 ], [ -82.80597789899997, 44.033564578000039 ], [ -82.727902218999986, 43.972506316000079 ], [ -82.618487786999935, 43.787866100000031 ], [ -82.605738087999953, 43.694568424000067 ], [ -82.503820581999946, 43.172253522000062 ], [ -82.419835820999936, 42.972465079000074 ], [ -82.471952704999978, 42.898681984000063 ], [ -82.473238221999964, 42.762896086000069 ], [ -82.518179521999969, 42.634052083000029 ], [ -82.645877307999967, 42.631728517000056 ], [ -82.634014804999936, 42.669382905000077 ], [ -82.729805809999959, 42.681226810000055 ], [ -82.820406774999981, 42.635794512000075 ], [ -82.802361510999958, 42.612925878000055 ], [ -82.888138121999987, 42.495756020000044 ], [ -82.87490711099997, 42.458067182000036 ], [ -82.929389108999942, 42.363040494000074 ], [ -83.107588476999979, 42.292705787000045 ], [ -83.193873077999967, 42.115749405000031 ], [ -83.190066205999983, 42.033979681000062 ], [ -83.482691010999986, 41.725129904000028 ], [ -83.153746394999985, 41.626089801000035 ], [ -83.00343350299994, 41.538193784000043 ], [ -82.795830679999938, 41.537648287000025 ], [ -82.784706797999945, 41.507417315000055 ], [ -83.070398408999949, 41.456110024000054 ], [ -82.908932211999968, 41.429468606000057 ], [ -82.716946596999946, 41.45052482400007 ], [ -82.548837721999973, 41.391337621000048 ], [ -82.341382591999945, 41.431501085000036 ], [ -82.015605689999973, 41.515310179000039 ], [ -81.96190779799997, 41.501918575000047 ], [ -81.738502618999973, 41.49115478300007 ], [ -81.478263212999934, 41.631715979000035 ], [ -81.362264591999974, 41.724283478000075 ], [ -80.999772716999985, 41.850257225000064 ], [ -80.520592603999944, 41.986872093000045 ], [ -80.522643991999985, 41.850774799000078 ], [ -80.523925519999977, 41.495102096000039 ], [ -80.519996183999979, 41.489288595000062 ], [ -80.522932695999941, 41.129627809000056 ], [ -80.520924408999974, 40.897270477000063 ], [ -80.52030607599994, 40.854168791000063 ], [ -80.521999497999957, 40.637203217000035 ], [ -80.574415809999948, 40.61597418100007 ], [ -80.61154972199995, 40.620063126000048 ], [ -80.637338186999955, 40.613982316000033 ], [ -80.667727679999985, 40.582137492000072 ], [ -80.668620418999978, 40.568278875000033 ], [ -80.633439880999958, 40.539204014000063 ], [ -80.625253391999934, 40.504464276000078 ], [ -80.60183019599998, 40.480539098000065 ], [ -80.627848308999944, 40.398226883000063 ], [ -80.629244582999945, 40.38866359900004 ], [ -80.609247083999946, 40.37327541600007 ], [ -80.604517115999954, 40.306244874000072 ], [ -80.614687802999981, 40.276502103000041 ], [ -80.650113217999944, 40.245679787000029 ], [ -80.678557417999968, 40.194151501000078 ], [ -80.700889983999957, 40.168181307000054 ], [ -80.702065106999953, 40.154089987000077 ], [ -80.738238882999951, 40.035664087000043 ], [ -80.738887987999988, 39.983476025000073 ], [ -80.763060115999963, 39.947015513000053 ], [ -80.758887195999989, 39.921266781000043 ], [ -80.768127015999937, 39.91331320300003 ], [ -80.796021419999988, 39.919839683000077 ], [ -80.807839993999949, 39.915902887000072 ], [ -80.812135894999983, 39.904901419000055 ], [ -80.790849407999985, 39.872347605000073 ], [ -80.798525316999985, 39.85672267800004 ], [ -80.825916597999935, 39.839667078000048 ], [ -80.819103796999968, 39.809001314000056 ], [ -80.870727713999941, 39.759993813000051 ], [ -80.856453318999968, 39.736335581000048 ], [ -80.832298389999949, 39.71883431200007 ], [ -80.832787419999988, 39.703400179000027 ], [ -80.863414174999946, 39.680351526000038 ], [ -80.872746103999987, 39.662411010000028 ], [ -80.881109916999947, 39.624081201000024 ], [ -80.912590609999938, 39.607353314000079 ], [ -80.932610799999964, 39.606941006000056 ], [ -80.983646377999946, 39.581805323000026 ], [ -81.032568610999988, 39.544142492000049 ], [ -81.037383173999956, 39.532664219000026 ], [ -81.098244890999979, 39.496451175000061 ], [ -81.117089904999943, 39.467783907000069 ], [ -81.180567622999945, 39.437800195000079 ], [ -81.200305219999962, 39.415896204000035 ], [ -81.224948608999966, 39.40835819800003 ], [ -81.23762127599997, 39.388472182000044 ], [ -81.284017077999977, 39.387072126000078 ], [ -81.338836111999967, 39.353643912000052 ], [ -81.375916303999986, 39.345690282000078 ], [ -81.433978322999963, 39.406022976000031 ], [ -81.447955881999974, 39.411027816000058 ], [ -81.465008113999943, 39.406858316000068 ], [ -81.540648486999942, 39.352708900000039 ], [ -81.557387978999941, 39.33265519400004 ], [ -81.572685088999947, 39.265917500000057 ], [ -81.667522277999979, 39.270495320000066 ], [ -81.68952630299998, 39.260226309000075 ], [ -81.697903481999958, 39.220020002000069 ], [ -81.723073821999947, 39.213268174000063 ], [ -81.758910302999936, 39.175751275000039 ], [ -81.744703717999982, 39.125874915000054 ], [ -81.753561586999979, 39.094720795000057 ], [ -81.786361417999956, 39.07725729100008 ], [ -81.819565682999951, 39.077016816000025 ], [ -81.824273116999962, 39.066416 ], [ -81.813461820999976, 39.044107990000043 ], [ -81.775679683999954, 39.016829692000044 ], [ -81.781729877999965, 38.968529004000061 ], [ -81.762297094999951, 38.930180908000068 ], [ -81.783225201999983, 38.923562476000029 ], [ -81.823776885999962, 38.948467786000037 ], [ -81.840913091999937, 38.937889816000052 ], [ -81.866800398999942, 38.885709575000078 ], [ -81.892695476999961, 38.873452998000062 ], [ -81.915248676999965, 38.884446593000064 ], [ -81.931850886999939, 38.894742076000057 ], [ -81.898608493999973, 38.932224785000074 ], [ -81.927830116999985, 38.984271215000035 ], [ -81.937733391999984, 38.99117571000005 ], [ -81.975187296999934, 38.993006516000037 ], [ -81.999678589999974, 39.015261013000043 ], [ -82.042885592999937, 39.014139301000057 ], [ -82.058503577999943, 38.98906557600003 ], [ -82.085016782999958, 38.977198099000077 ], [ -82.101206891999936, 38.952093914000045 ], [ -82.139317102999939, 38.899398378000058 ], [ -82.146099701999958, 38.838787704000026 ], [ -82.197721909999984, 38.804619676000073 ], [ -82.216750206999961, 38.778939378000075 ], [ -82.183972806999975, 38.710303014000033 ], [ -82.188977697999974, 38.677893786000027 ], [ -82.173657016999982, 38.632190811000044 ], [ -82.184246901999984, 38.595032292000042 ], [ -82.21365921499995, 38.584835392000059 ], [ -82.270897186999946, 38.594890090000035 ], [ -82.289971382999965, 38.580081387000064 ], [ -82.314240694999967, 38.465229604000058 ], [ -82.329179425999939, 38.441952288000039 ], [ -82.394764116999966, 38.428470287000039 ], [ -82.414891280999939, 38.430392579000056 ], [ -82.494987681999987, 38.405832595000049 ], [ -82.547548216999985, 38.400511025000071 ], [ -82.575419203999957, 38.40390211700003 ], [ -82.586604317999956, 38.412519408000037 ], [ -82.613743314999965, 38.472668923000072 ], [ -82.669760316999941, 38.502140811000061 ], [ -82.695579398999939, 38.539142779000031 ], [ -82.74194479099998, 38.553066202000025 ], [ -82.802363893999939, 38.557288698000036 ], [ -82.826992518999987, 38.571662091000064 ], [ -82.853856695, 38.60045871300008 ], [ -82.860029508999958, 38.652395112000079 ], [ -82.880011776999936, 38.68330129800006 ], [ -82.873191205999944, 38.719006508000064 ], [ -82.890312284999936, 38.742775496000036 ], [ -82.921303792999936, 38.746414522000066 ], [ -82.972483075999946, 38.71964302400005 ], [ -83.026943419999952, 38.714511989000073 ], [ -83.060879882999984, 38.685726504000058 ], [ -83.111243096999942, 38.664833313000031 ], [ -83.143149981999954, 38.619339679000063 ], [ -83.181939084999954, 38.60984099500007 ], [ -83.245013611, 38.624172375000057 ], [ -83.272754881999958, 38.609256905000052 ], [ -83.290043598999944, 38.596637906000069 ], [ -83.306531218999964, 38.596317395000028 ], [ -83.320325805999971, 38.606563509000068 ], [ -83.330023211999958, 38.631987999000046 ], [ -83.371421994999935, 38.654997696000066 ], [ -83.453616303999979, 38.663774698000054 ], [ -83.500073493999935, 38.690137308000033 ], [ -83.526555976999987, 38.696110987000054 ], [ -83.618378481999969, 38.677972217000047 ], [ -83.633240905999969, 38.664971993000051 ], [ -83.643189715999938, 38.635862475000067 ], [ -83.655755717999966, 38.623880718000066 ], [ -83.678530120999937, 38.620928095000068 ], [ -83.71282537899998, 38.635553412000036 ], [ -83.770223218999945, 38.650819389000048 ], [ -83.790465025999936, 38.69384450900003 ], [ -83.837532206999981, 38.711879877000058 ], [ -83.857552706999968, 38.744918421000079 ], [ -83.912539482999989, 38.757960400000059 ], [ -83.962162779999971, 38.77764738500008 ], [ -84.053801586999953, 38.763734996000039 ], [ -84.088867119999975, 38.765504777000046 ], [ -84.176752309999983, 38.788498622000077 ], [ -84.228702073999955, 38.812690487000054 ], [ -84.235294397999951, 38.87455559600005 ], [ -84.261525113999937, 38.917477315000042 ], [ -84.290136121999979, 38.944537880000041 ], [ -84.313315113999977, 39.014074183000048 ], [ -84.345778996999968, 39.037812297000073 ], [ -84.391312311999968, 39.035744383000065 ], [ -84.419740089999948, 39.047336883000071 ], [ -84.425683722999963, 39.084724118000054 ], [ -84.44491809699997, 39.111826903000065 ], [ -84.492053607999935, 39.107363519000046 ], [ -84.515300825999987, 39.09419519100004 ], [ -84.59306868699997, 39.070265610000035 ], [ -84.622648482999978, 39.074934605000067 ], [ -84.667487520999941, 39.089624521000076 ], [ -84.742875608999952, 39.142063781000047 ], [ -84.789926989999969, 39.107033579000074 ], [ -84.811480577999987, 39.102585477000048 ], [ -84.812070522999988, 39.303029189000029 ], [ -84.812024883999982, 39.312333195000065 ], [ -84.811104791999981, 39.513163209000027 ], [ -84.811036824999974, 39.564050680000037 ], [ -84.808696577999967, 39.733299295000052 ], [ -84.806149787999971, 39.917166491000046 ], [ -84.803564091999988, 40.013990676000049 ], [ -84.795387808999976, 40.319500492000031 ], [ -84.794556302, 40.353050705000044 ], [ -84.79325218699995, 40.588738207000063 ], [ -84.793061289999969, 40.728860415000042 ], [ -84.791023318999976, 40.937708504000057 ], [ -84.790527087999976, 40.988341202000072 ], [ -84.791586220999989, 41.253132576000041 ], [ -84.79097560799994, 41.283817974000044 ], [ -84.791897200999983, 41.427899409000077 ], [ -84.791369887999963, 41.530492026000047 ], [ -84.790377477999982, 41.697494780000056 ], [ -84.788477823999983, 41.760959494000076 ], [ -84.82600808899997, 41.761875079000049 ], [ -85.193140622999977, 41.762867592000077 ], [ -85.297209601999953, 41.763580986000079 ], [ -85.659458879999988, 41.762627481000038 ], [ -85.799227007999946, 41.763534984000046 ], [ -86.068302213999971, 41.764628412000036 ], [ -86.234565309999937, 41.764864275000036 ], [ -86.525180997999939, 41.765540318000035 ], [ -86.834829593999984, 41.765504780000072 ], [ -86.617592203999948, 41.90744810800004 ], [ -86.498833411999954, 42.126446783000063 ], [ -86.374277799999959, 42.24942138800003 ], [ -86.284980793999978, 42.422324778000075 ], [ -86.217854724999938, 42.774825209000028 ], [ -86.273836811999956, 43.12104512600007 ], [ -86.463201090999974, 43.475166712000032 ], [ -86.541301223999938, 43.663187091000054 ], [ -86.447811197999954, 43.772665293000045 ], [ -86.404345174999946, 43.766642399000034 ], [ -86.434100896999951, 43.781458303000079 ], [ -86.428814190999958, 43.820123802000069 ], [ -86.459548180999946, 43.950184785000033 ], [ -86.438147103999938, 43.945592097000031 ], [ -86.518602298999951, 44.053619217000062 ], [ -86.386423204999971, 44.183204121000074 ], [ -86.271954408999989, 44.351228502000026 ], [ -86.238038304999975, 44.522273577000078 ], [ -86.258626990999971, 44.700730981000049 ], [ -86.108484586999964, 44.734441994000065 ], [ -86.082918308999979, 44.777928895000059 ], [ -86.09796468899998, 44.85061229400003 ], [ -86.067454387999987, 44.898256883000045 ], [ -85.795756602999973, 44.985974902000066 ], [ -85.610215099999948, 45.19652770600004 ], [ -85.565514689999986, 45.18056030200006 ], [ -85.653006220999941, 44.958362209000029 ], [ -85.638039515999935, 44.778435694000052 ], [ -85.526080988999979, 44.763162309000052 ], [ -85.451351122999938, 44.860540383000057 ], [ -85.384869496999954, 45.01060321600005 ], [ -85.390244787999961, 45.211593098000037 ], [ -85.373252803999947, 45.273540886000035 ], [ -85.305474988999947, 45.320383808000031 ], [ -85.092862714999967, 45.370224992000033 ], [ -84.985893485999952, 45.373178082000038 ], [ -84.921673986999963, 45.409899012000039 ], [ -85.081815711, 45.464650494000068 ], [ -85.120446914999945, 45.569779385000061 ], [ -85.07801971799995, 45.630185123000047 ], [ -84.983412486999953, 45.683713719000025 ], [ -84.972037822999937, 45.737745176000033 ], [ -84.72418579899994, 45.780304578000028 ] ] ], [ [ [ -83.533990996999989, 46.011790099000052 ], [ -83.473189423999941, 45.987547777000032 ], [ -83.516159320999975, 45.925714786000071 ], [ -83.57981368999998, 45.917501308000055 ], [ -83.629704812999989, 45.953596187000073 ], [ -83.804881105999982, 45.936764484000037 ], [ -83.852810513999941, 45.997449187000029 ], [ -83.885891692999962, 45.970852475000072 ], [ -83.854680120999944, 46.014031608000039 ], [ -83.801105315999962, 45.98841249000003 ], [ -83.756419980999965, 46.02733799400005 ], [ -83.67359210799998, 46.036192185000061 ], [ -83.680314406999969, 46.071794511000064 ], [ -83.732448489999967, 46.084108176000029 ], [ -83.649887511999964, 46.103971502000036 ], [ -83.589498091999985, 46.088518409000073 ], [ -83.533990996999989, 46.011790099000052 ] ] ], [ [ [ -88.476522915999965, 46.855151676000048 ], [ -88.446616910999978, 46.799396802000047 ], [ -88.177826782999944, 46.945890285000075 ], [ -88.189188391999949, 46.900958207000031 ], [ -88.036684914999967, 46.911865496000075 ], [ -87.900654086999964, 46.909761889000038 ], [ -87.663766180999971, 46.836851589000048 ], [ -87.371538920999967, 46.507991206000042 ], [ -87.110679109999978, 46.501473377000025 ], [ -87.006401981999943, 46.536293618000059 ], [ -86.871382679999954, 46.444359682000027 ], [ -86.759495693999952, 46.486631519000071 ], [ -86.638220312999977, 46.422263706000081 ], [ -86.462392014999978, 46.561085580000054 ], [ -86.148109081999962, 46.673053121000066 ], [ -86.096739107999952, 46.65526858700008 ], [ -85.857536494999977, 46.694815118000065 ], [ -85.503850579999948, 46.674174576000041 ], [ -85.230094723999969, 46.756785286000081 ], [ -84.954759413999966, 46.770951307000075 ], [ -85.026971498999956, 46.694339816000081 ], [ -85.01897549399996, 46.549024097000029 ], [ -85.051655191999942, 46.505576879000046 ], [ -85.016639700999974, 46.476444203000028 ], [ -84.931320623999966, 46.487843475000034 ], [ -84.803652988999943, 46.444054194000046 ], [ -84.629814794999959, 46.48294302000005 ], [ -84.572666909999953, 46.407926316000044 ], [ -84.415966993999973, 46.480658617000074 ], [ -84.311614025999972, 46.488669180000045 ], [ -84.181646496999974, 46.248720898000045 ], [ -84.273134191999986, 46.207309009000028 ], [ -84.247031484, 46.171447403000059 ], [ -84.119735074999937, 46.176108575000057 ], [ -84.029578484999945, 46.128943795000055 ], [ -84.061980977999951, 46.094470693000062 ], [ -83.989501790999952, 46.025985701000081 ], [ -83.901952291999976, 46.005902208000066 ], [ -83.906460693999975, 45.960239589000025 ], [ -84.113272520999942, 45.978538692000029 ], [ -84.354485079999961, 45.999190010000063 ], [ -84.501634919999958, 45.978342614000042 ], [ -84.616845082999987, 46.038230104000036 ], [ -84.689022615999988, 46.035918193000043 ], [ -84.731732196999985, 45.855679714000075 ], [ -84.851099789999978, 45.890636717000064 ], [ -85.061629696999944, 46.02475167700004 ], [ -85.378242879999959, 46.100047501000063 ], [ -85.509546278999949, 46.10191141100006 ], [ -85.655381280999961, 45.972870709000063 ], [ -85.859844623999948, 45.969469411000034 ], [ -85.914955314999986, 45.957978187000037 ], [ -85.917104508999955, 45.918192425000029 ], [ -86.067891407, 45.964210420000029 ], [ -86.259319299999959, 45.946929680000039 ], [ -86.315638579999984, 45.905682579000029 ], [ -86.34379557699998, 45.834396180000056 ], [ -86.458275406999974, 45.762747412000067 ], [ -86.529389816999981, 45.748961217000044 ], [ -86.522010590999969, 45.724094190000073 ], [ -86.57612477899994, 45.710174082000037 ], [ -86.629784387999962, 45.621233592000067 ], [ -86.685053391999986, 45.650048086000027 ], [ -86.696919417999936, 45.692511081000077 ], [ -86.584735698999964, 45.813879708000059 ], [ -86.761469219999981, 45.826067800000033 ], [ -86.901624116999983, 45.714778114000069 ], [ -87.123759422999967, 45.69624672100008 ], [ -87.260707079999975, 45.554802474000041 ], [ -87.332226803999959, 45.423942725000074 ], [ -87.583864199999937, 45.162733185000036 ], [ -87.592514283999947, 45.108501816000057 ], [ -87.672814119999941, 45.140672591000055 ], [ -87.729668793999963, 45.176604805000068 ], [ -87.736199987999953, 45.199072320000028 ], [ -87.721628184999986, 45.211671892000027 ], [ -87.719668023999986, 45.236771623000038 ], [ -87.705142014999979, 45.247086325000055 ], [ -87.704471411999975, 45.272205223000071 ], [ -87.645362018999947, 45.348169216000031 ], [ -87.643684085999951, 45.361855895000076 ], [ -87.689598006999972, 45.391269399000066 ], [ -87.760038082999984, 45.352897681000059 ], [ -87.828007883999987, 45.358321305000061 ], [ -87.841282512999953, 45.346148910000068 ], [ -87.862096080999947, 45.370165211000028 ], [ -87.868535323999936, 45.372072376000062 ], [ -87.873974695999948, 45.362085801000035 ], [ -87.883610609999948, 45.365854493000029 ], [ -87.849531684999988, 45.406117577000032 ], [ -87.860267398999952, 45.445098407000046 ], [ -87.813614701999938, 45.466460476000066 ], [ -87.78938491599996, 45.499067596000032 ], [ -87.805140906999952, 45.544525796000073 ], [ -87.828602023999963, 45.568591777000051 ], [ -87.786312521999946, 45.568519821000052 ], [ -87.775075500999947, 45.600386921000052 ], [ -87.776044805999959, 45.61320018400005 ], [ -87.819937797999955, 45.654450497000028 ], [ -87.817054282999948, 45.665390785000056 ], [ -87.780944794999982, 45.675915708000048 ], [ -87.777473716999964, 45.684101783000074 ], [ -87.801155881999989, 45.701324398000054 ], [ -87.801552906999973, 45.711391011000046 ], [ -87.842362782999942, 45.722418485000048 ], [ -87.873628799999949, 45.750699398000052 ], [ -87.969179588999964, 45.766448603000072 ], [ -87.990069775999984, 45.795046298000045 ], [ -88.051639393999949, 45.786112121000031 ], [ -88.088734091999982, 45.791532481000047 ], [ -88.129949488999955, 45.819401915000071 ], [ -88.121786415999964, 45.834877905000042 ], [ -88.065421083, 45.873642091000079 ], [ -88.09576410699998, 45.891803500000037 ], [ -88.093850102999966, 45.920615300000065 ], [ -88.111390380999978, 45.92628768700007 ], [ -88.150438400999974, 45.936293482000053 ], [ -88.180193915999951, 45.953516616000059 ], [ -88.214991776999966, 45.94790167900004 ], [ -88.257168087999958, 45.967055187000028 ], [ -88.299152101999937, 45.961944097000071 ], [ -88.321323090999954, 45.966712814000061 ], [ -88.369938177999984, 45.994587117000037 ], [ -88.403522113999941, 45.983422104000056 ], [ -88.454318876999935, 46.000760294000031 ], [ -88.483813920999978, 45.999151002000076 ], [ -88.494083294999939, 46.01295999000007 ], [ -88.515613208, 46.018609583000057 ], [ -88.548357921, 46.019300182000052 ], [ -88.575357719999943, 46.00895911200007 ], [ -88.597536012999967, 46.015516519000073 ], [ -88.615502275999972, 45.994120518000045 ], [ -88.643669478999982, 45.993388320000065 ], [ -88.677383910999936, 46.020144122000033 ], [ -88.703605612, 46.018923619000077 ], [ -88.726409595999939, 46.029581782000037 ], [ -88.773017119999963, 46.02114772200008 ], [ -88.777480607999962, 46.032614391000038 ], [ -88.793815405999965, 46.036360185000035 ], [ -88.80439721, 46.026804619000075 ], [ -88.925195423, 46.073601487000076 ], [ -88.985301110999956, 46.100391221000052 ], [ -89.099806118999936, 46.145642775000056 ], [ -89.925136107999947, 46.304025700000068 ], [ -90.11165940099994, 46.340429020000045 ], [ -90.115177102999951, 46.365155710000067 ], [ -90.141797488999941, 46.393899284000042 ], [ -90.161391124999966, 46.442380095000033 ], [ -90.211525778999942, 46.506294986000057 ], [ -90.258401699, 46.508789817000036 ], [ -90.269785015999958, 46.522480485000074 ], [ -90.300181086999942, 46.525051623000081 ], [ -90.302393586999983, 46.544296409000026 ], [ -90.313708209999959, 46.551563221000038 ], [ -90.385525082999948, 46.539657720000037 ], [ -90.408199814999989, 46.568610687000046 ], [ -90.018864586999939, 46.678633815000069 ], [ -89.886251996999988, 46.768935198000065 ], [ -89.791244423999956, 46.824712918000046 ], [ -89.386718076999955, 46.850208380000026 ], [ -89.214592006999965, 46.923378477000028 ], [ -89.125187714999981, 46.99660659500006 ], [ -88.994875689999958, 46.997103292000077 ], [ -88.929688386999942, 47.030926201000057 ], [ -88.884831994999956, 47.104554817000064 ], [ -88.629500088999976, 47.225812791000067 ], [ -88.618104391999964, 47.131114385000046 ], [ -88.511215511999978, 47.106506223000054 ], [ -88.512994979999974, 47.032589681000047 ], [ -88.441164120999986, 46.990734607000036 ], [ -88.445964800999946, 46.928304420000075 ], [ -88.476522915999965, 46.855151676000048 ] ] ], [ [ [ -88.222279724999964, 47.20075227600006 ], [ -88.41284342299997, 46.988094518000025 ], [ -88.470664189999979, 47.111472625000033 ], [ -88.594261997999979, 47.134765016000074 ], [ -88.595632317999957, 47.243592922000062 ], [ -88.50068110899997, 47.290180191000047 ], [ -88.437901088999979, 47.355896205000079 ], [ -88.211391810999942, 47.447835009000073 ], [ -87.788120378999963, 47.470793006000065 ], [ -87.704383500999938, 47.415950193000072 ], [ -87.737510474999965, 47.393024885000045 ], [ -87.91704219099995, 47.35800701200003 ], [ -88.222279724999964, 47.20075227600006 ] ] ], [ [ [ -89.028622704999975, 47.850655191000044 ], [ -89.139884882999979, 47.824075988000061 ], [ -89.19291631599998, 47.844613389000074 ], [ -89.20178729099996, 47.88385691700006 ], [ -89.156098977999989, 47.939228080000078 ], [ -88.497527485999967, 48.173795320000067 ], [ -88.625327118999962, 48.033167711000033 ], [ -88.901547603999973, 47.960248501000081 ], [ -89.028622704999975, 47.850655191000044 ] ] ] ] } },
{ "type": "Feature", "properties": { "OBJECTID": 13, "Territory_": "NY", "Status": "AVAILABLE", "State": "New York", "STATE_FIPS": "36", "SUB_REGION": "Middle Atlantic", "STATE_ABBR": "NY", "POPULATION": 20096494, "Shape_Leng": 28.487469332900002, "Shape_Area": 13.8749478996 }, "geometry": { "type": "MultiPolygon", "coordinates": [ [ [ [ -79.763235004999956, 42.267327092000073 ], [ -79.444020377999948, 42.419361483000046 ], [ -79.35488381, 42.493461826000043 ], [ -79.142233304999934, 42.574616791000039 ], [ -79.04375190899998, 42.699246794000032 ], [ -78.859199810999939, 42.79274510700003 ], [ -78.936551375999954, 42.974231390000057 ], [ -78.88279328699997, 43.022357602000056 ], [ -78.925596374999941, 43.066626692000057 ], [ -79.061114705999955, 43.090605020000055 ], [ -79.039325304999977, 43.144739205000064 ], [ -79.062239008999939, 43.268216205000044 ], [ -78.464653718999955, 43.371993580000037 ], [ -77.992009307999979, 43.365571589000069 ], [ -77.745007387999976, 43.335170077000043 ], [ -77.57571147699997, 43.24154769300003 ], [ -77.377315888999988, 43.275712924000061 ], [ -76.914527506999946, 43.278596026000059 ], [ -76.736829497999963, 43.342733208000027 ], [ -76.718471596999962, 43.323442420000049 ], [ -76.619627986999944, 43.414152692000073 ], [ -76.45465569299995, 43.500721024000029 ], [ -76.22276470099996, 43.554153782000071 ], [ -76.184570410999982, 43.633197318000043 ], [ -76.205666310999959, 43.68270001500008 ], [ -76.239991823999958, 43.835127288000081 ], [ -76.193718486999956, 43.912490301000048 ], [ -76.129065905999937, 43.932208006000053 ], [ -76.134522320999963, 44.013228902000037 ], [ -76.201542502999985, 44.065598123000029 ], [ -76.296882915999959, 44.042017080000051 ], [ -76.362881002999984, 44.098354802000074 ], [ -75.848029923999945, 44.390262690000043 ], [ -75.758657491999941, 44.517533508000042 ], [ -75.32886237799994, 44.810629211000048 ], [ -74.968469600999981, 44.948625122000067 ], [ -74.736107605999962, 44.992916177000041 ], [ -74.021538900999985, 44.990847383000073 ], [ -73.344723476999945, 45.006138795000027 ], [ -73.350758387999974, 44.981972988000052 ], [ -73.336414677999983, 44.932603893000078 ], [ -73.382306788999983, 44.847933610000041 ], [ -73.369054123999945, 44.819117924000068 ], [ -73.32678627599995, 44.799293606000049 ], [ -73.373158609999962, 44.724236391000034 ], [ -73.358150979999948, 44.680368575000045 ], [ -73.373097221999956, 44.661276403000045 ], [ -73.370136724999952, 44.634349078000071 ], [ -73.38182511499997, 44.619807685000069 ], [ -73.371295995999958, 44.57916700100003 ], [ -73.347811981999939, 44.553971588000081 ], [ -73.334452496999972, 44.544328215000064 ], [ -73.293319778999944, 44.432853589000047 ], [ -73.299995194999951, 44.405533174000027 ], [ -73.32978811299995, 44.367390481000029 ], [ -73.305325675999939, 44.260142288000054 ], [ -73.377332616999979, 44.201247519000049 ], [ -73.382062377999944, 44.172107592000032 ], [ -73.407864778999965, 44.136227078000047 ], [ -73.408756791999963, 44.106610398000043 ], [ -73.435215290999963, 44.06389781200005 ], [ -73.436000691999936, 44.045679211000049 ], [ -73.408251287999974, 44.018221879000066 ], [ -73.417406097999958, 43.98819698300008 ], [ -73.405334513999946, 43.914807599000028 ], [ -73.375120791999962, 43.885976994000032 ], [ -73.384739920999948, 43.804507992000026 ], [ -73.358997198999987, 43.778427611000041 ], [ -73.356669695999983, 43.756558381000048 ], [ -73.370989419999944, 43.714281104000065 ], [ -73.42295980199998, 43.632114717000036 ], [ -73.418319817999986, 43.582479402000047 ], [ -73.388114176999977, 43.569143695000037 ], [ -73.363685515999975, 43.614998818000061 ], [ -73.303534498999966, 43.624714821000055 ], [ -73.294104298999969, 43.61965289300008 ], [ -73.281736291999948, 43.593187297000043 ], [ -73.291402510999944, 43.57503360700008 ], [ -73.259983774999966, 43.559382312000025 ], [ -73.238391385999989, 43.512832808000041 ], [ -73.250071486999957, 43.31085398700003 ], [ -73.276005314999964, 42.940294098000038 ], [ -73.279583212999967, 42.837103300000081 ], [ -73.296169777999978, 42.803549409000027 ], [ -73.269275296999979, 42.747481379000078 ], [ -73.258059825999965, 42.746058685000037 ], [ -73.350824178999972, 42.504755780000039 ], [ -73.498839975999942, 42.077460677000033 ], [ -73.484230303999936, 42.047428010000033 ], [ -73.517147419999958, 41.665686116000074 ], [ -73.530392106999955, 41.522745508000071 ], [ -73.544293202999938, 41.365298476000078 ], [ -73.550259680999943, 41.293620697000051 ], [ -73.478120794999938, 41.210754904000055 ], [ -73.725237615999959, 41.100354175000064 ], [ -73.653723796999941, 41.012617300000045 ], [ -73.653151413999979, 40.998392481000053 ], [ -73.780041212999947, 40.886688778000064 ], [ -73.796345912999982, 40.832334115000037 ], [ -73.919861816999969, 40.802804775000027 ], [ -74.00618340699998, 40.704001988000073 ], [ -74.006259818, 40.737730924000061 ], [ -73.977061092999975, 40.79748709100005 ], [ -73.922394516999987, 40.886040087000026 ], [ -73.908966183999951, 40.927314386000035 ], [ -73.896148310999934, 40.960871800000064 ], [ -73.896697485999937, 40.998529814000051 ], [ -74.213038696999945, 41.123611599000071 ], [ -74.242359524999983, 41.137626612000076 ], [ -74.371980794999956, 41.195850001000053 ], [ -74.700062407999951, 41.350573126000029 ], [ -74.705273323999961, 41.375059289000035 ], [ -74.740437595999936, 41.401635901000077 ], [ -74.740040723999982, 41.422059489000048 ], [ -74.754826581999964, 41.430146410000077 ], [ -74.792798994999941, 41.42991717700005 ], [ -74.864066691999938, 41.447154816000079 ], [ -74.895279298999981, 41.444671175000053 ], [ -74.898559686999988, 41.461894205000078 ], [ -74.932564375999959, 41.484350686000028 ], [ -74.971788011999934, 41.483602583000049 ], [ -75.014886796999974, 41.539555919000065 ], [ -75.025087374999941, 41.565800882000076 ], [ -75.069865387999982, 41.604477985000074 ], [ -75.072451704999935, 41.613080097000079 ], [ -75.051324980999937, 41.637314804000027 ], [ -75.065400915999987, 41.714836803000026 ], [ -75.056969911999943, 41.726708114000076 ], [ -75.061318497999935, 41.770260391000079 ], [ -75.097154978999981, 41.779041798000037 ], [ -75.096826799999974, 41.797207299000036 ], [ -75.079843001999961, 41.814148308000028 ], [ -75.117777389999958, 41.836986792000062 ], [ -75.124750783999957, 41.849182395000071 ], [ -75.148280592999981, 41.855789378000054 ], [ -75.171283813999935, 41.86783987900003 ], [ -75.254515499999968, 41.868873318000055 ], [ -75.283689979999963, 41.94760380200006 ], [ -75.324065788999974, 41.961274991000039 ], [ -75.345657090999964, 41.992844995000041 ], [ -75.382813175999956, 41.998356582000042 ], [ -75.479732213999966, 41.99636772100007 ], [ -76.104834514999936, 41.999498706000054 ], [ -76.145020306999982, 42.000654505000057 ], [ -76.563914814999976, 42.003011382000068 ], [ -76.928395292999937, 42.002534577000063 ], [ -76.968573676999938, 42.002981025000054 ], [ -77.612847616999943, 41.998829605000026 ], [ -77.745007906999945, 41.997333193000031 ], [ -78.204262009999979, 41.998200393000047 ], [ -78.305088211999987, 41.999420585000053 ], [ -78.918538281999986, 41.999846777000073 ], [ -79.059488887999976, 42.001157678000027 ], [ -79.612367499999948, 42.000584881000066 ], [ -79.761659695999981, 42.003105717000039 ], [ -79.763235004999956, 42.267327092000073 ] ] ], [ [ [ -73.752208973999984, 40.594587194000042 ], [ -73.927590720999945, 40.557650292000062 ], [ -73.761395021999988, 40.61823791300003 ], [ -73.764935102999971, 40.636933526000064 ], [ -73.846060798999986, 40.652600103000054 ], [ -73.915734382999972, 40.631131421000077 ], [ -73.879814082999985, 40.590269120000073 ], [ -74.004039288999934, 40.581258999000056 ], [ -74.027721712999949, 40.639336508000042 ], [ -73.955606811999985, 40.739382696000064 ], [ -73.89901778899997, 40.797117210000067 ], [ -73.753917781999974, 40.788851202000046 ], [ -73.749477191999972, 40.84499869900003 ], [ -73.59827192399996, 40.90314438300004 ], [ -73.478089608999937, 40.879744705000064 ], [ -73.430647779999958, 40.922556599000075 ], [ -73.214523089999943, 40.901041708000037 ], [ -73.140979691999974, 40.951396012000032 ], [ -73.021269725999957, 40.968433117000075 ], [ -72.631572387999938, 40.981285181000032 ], [ -72.317031522999969, 41.149333392000074 ], [ -72.281149195999944, 41.142535304000035 ], [ -72.354279299999973, 41.110202797000056 ], [ -72.416345615999944, 41.026040090000038 ], [ -72.550971208999954, 40.966179901000032 ], [ -72.604815394999946, 40.905300622000027 ], [ -72.476109087999987, 40.920148281000024 ], [ -72.293082410999943, 41.024017401000037 ], [ -72.20335051099994, 41.035373882000044 ], [ -72.077011181999978, 41.000574311000037 ], [ -71.923700183999983, 41.084871813000063 ], [ -71.86998669899998, 41.074507690000075 ], [ -71.918702284999938, 41.030574082000044 ], [ -72.521164199999987, 40.815041615000041 ], [ -73.422526098999981, 40.661325094000063 ], [ -73.752208973999984, 40.594587194000042 ] ] ], [ [ [ -73.293058997999935, 40.626382182000043 ], [ -73.291143904999956, 40.633076922000043 ], [ -73.240437179999958, 40.633076611000035 ], [ -73.051022805999935, 40.67516708200003 ], [ -72.87690601099996, 40.737346279000064 ], [ -72.782199108999976, 40.764133319000052 ], [ -72.757326486999943, 40.76795951400004 ], [ -72.764025318999984, 40.758392292000053 ], [ -72.956315697999969, 40.700038823000057 ], [ -73.030933975999972, 40.671340992000069 ], [ -73.24905120699998, 40.625424481000039 ], [ -73.293058997999935, 40.626382182000043 ] ] ], [ [ [ -74.236939681999957, 40.506003322000026 ], [ -74.236939889999974, 40.53790497500006 ], [ -74.166297984999972, 40.62449708500003 ], [ -74.072866083999941, 40.649563298000032 ], [ -74.059193702999949, 40.601709006000078 ], [ -74.122999701999959, 40.54474119200006 ], [ -74.193641814999978, 40.510561974000041 ], [ -74.236939681999957, 40.506003322000026 ] ] ] ] } },
{ "type": "Feature", "properties": { "OBJECTID": 14, "Territory_": "NC + VA", "Status": "SOLD", "State": "North Carolina", "STATE_FIPS": "37", "SUB_REGION": "South Atlantic", "STATE_ABBR": "NC", "POPULATION": 10304250, "Shape_Leng": 54.427517637800001, "Shape_Area": 23.140470458399999 }, "geometry": { "type": "MultiPolygon", "coordinates": [ [ [ [ -76.468904082999984, 34.693446597000047 ], [ -76.543918921999989, 34.587994294000055 ], [ -76.554791398999953, 34.610824801000035 ], [ -76.537395705999984, 34.614086487000066 ], [ -76.484125508999966, 34.697795080000049 ], [ -76.431938377999984, 34.760847900000044 ], [ -76.374318609999989, 34.813033684000061 ], [ -76.287339005999968, 34.877175321000038 ], [ -76.468904082999984, 34.693446597000047 ] ] ], [ [ [ -76.002497602999938, 35.069605311000032 ], [ -76.016627983999967, 35.069605104000061 ], [ -75.97531317399995, 35.116355089000024 ], [ -75.853549385999941, 35.167455216000064 ], [ -75.763311513999952, 35.192458176000059 ], [ -75.811150317999989, 35.164194307000059 ], [ -75.903562506999947, 35.132664193000039 ], [ -76.002497602999938, 35.069605311000032 ] ] ], [ [ [ -75.52589360199994, 35.228094383000041 ], [ -75.748898801999985, 35.19000178400006 ], [ -75.691171695999969, 35.235164805000068 ], [ -75.521080281999957, 35.28153480800006 ], [ -75.475020221999955, 35.56467512200004 ], [ -75.490823975999945, 35.67067789400005 ], [ -75.533232783999949, 35.769034494000039 ], [ -75.456580418999977, 35.617577407000056 ], [ -75.52589360199994, 35.228094383000041 ] ] ], [ [ [ -75.699143611999943, 37.589645396000037 ], [ -75.64991760099997, 37.559887912000079 ], [ -75.727174207999951, 37.558316022000042 ], [ -75.756150797999965, 37.51067531800004 ], [ -75.704918001999943, 37.493609099000025 ], [ -75.812677707999967, 37.469179402000066 ], [ -75.820138576999966, 37.426341295000043 ], [ -75.790420620999953, 37.408245107000027 ], [ -75.826326, 37.418284782000057 ], [ -75.896762190999937, 37.367530603000034 ], [ -75.931039991999967, 37.142644088000054 ], [ -75.97063822299998, 37.126374512000041 ], [ -76.018126880999944, 37.30891801100006 ], [ -75.934103474999972, 37.484776096000076 ], [ -75.965102597999987, 37.479484883000055 ], [ -75.954360615999974, 37.521964507000064 ], [ -75.930411608999975, 37.55702102500004 ], [ -75.867024703999959, 37.552314421000062 ], [ -75.940757496999936, 37.561686186000031 ], [ -75.92921410699995, 37.586015798000062 ], [ -75.886930716999984, 37.58047748000007 ], [ -75.905646324999964, 37.592306311000073 ], [ -75.799374585999942, 37.711921889000052 ], [ -75.782254024999986, 37.789961411000036 ], [ -75.695734802999937, 37.824643801000036 ], [ -75.686358115999951, 37.858250480000038 ], [ -75.733630596999944, 37.930694182000025 ], [ -75.658097976999954, 37.941305877000048 ], [ -75.647866575999956, 37.970254906000036 ], [ -75.626084012999968, 37.996541208000053 ], [ -75.372420611999985, 38.016833887000075 ], [ -75.617570173999979, 37.697262382000076 ], [ -75.589554290999956, 37.677323578000028 ], [ -75.699143611999943, 37.589645396000037 ] ] ], [ [ [ -75.298496610999962, 37.962998093000067 ], [ -75.338820511999984, 37.888907023000058 ], [ -75.385720676999938, 37.87577708200007 ], [ -75.344451196999955, 37.902036809000037 ], [ -75.378212717999986, 37.901098482000066 ], [ -75.346327901999985, 37.918920315000037 ], [ -75.270357691999948, 38.027709212000048 ], [ -75.242219292999948, 38.028647487000057 ], [ -75.298496610999962, 37.962998093000067 ] ] ], [ [ [ -78.03332831299997, 39.265639313000065 ], [ -77.830680183999959, 39.132181384000035 ], [ -77.82004471099998, 39.141725398000062 ], [ -77.805449284999952, 39.196605975000068 ], [ -77.76823227899996, 39.246550198000079 ], [ -77.759458280999979, 39.28464331400005 ], [ -77.727467524999952, 39.31779660400008 ], [ -77.679301889999977, 39.318780984000057 ], [ -77.616235808999988, 39.299818582000057 ], [ -77.568672914, 39.298495092000053 ], [ -77.541900793999957, 39.269042113000069 ], [ -77.493773493999981, 39.250014696000051 ], [ -77.464667290999955, 39.229160618000037 ], [ -77.46170710399997, 39.218735314000071 ], [ -77.478347597999971, 39.177037880000057 ], [ -77.516327884999953, 39.157548889000054 ], [ -77.512757808999936, 39.116759477000073 ], [ -77.478958988999977, 39.10406469000003 ], [ -77.459404517999985, 39.08094449500004 ], [ -77.432746780999935, 39.066883998000037 ], [ -77.346226575999935, 39.068620003000035 ], [ -77.324306576999959, 39.062696004000031 ], [ -77.255692695999983, 39.027681809000057 ], [ -77.243431819999955, 38.975989822000031 ], [ -77.151747683999986, 38.964889304000053 ], [ -77.122328325999945, 38.932171323000034 ], [ -77.078649075999977, 38.915711212000076 ], [ -77.067586219999953, 38.88621269600003 ], [ -77.038776801999973, 38.862542912000038 ], [ -77.040104280999969, 38.838525990000051 ], [ -77.044888123999954, 38.829477689000043 ], [ -77.034946618999982, 38.814028481000037 ], [ -77.045147403999977, 38.788233903000048 ], [ -77.046169600999974, 38.718895802000077 ], [ -77.056820511999945, 38.712136308000026 ], [ -77.081578697999987, 38.715393901000027 ], [ -77.092847681999956, 38.704098911000074 ], [ -77.124815592999937, 38.677915491000078 ], [ -77.129690715999971, 38.648241878000078 ], [ -77.196960798999953, 38.622817596000061 ], [ -77.19445110099997, 38.660883308000052 ], [ -77.227296519999982, 38.65083938500004 ], [ -77.303322883999954, 38.50203311100006 ], [ -77.338189592999981, 38.436948795000035 ], [ -77.289184992999935, 38.362796389000039 ], [ -77.321526615999971, 38.344108910000045 ], [ -77.240401490999943, 38.331497476000038 ], [ -77.054232122999963, 38.375476412000069 ], [ -76.999054292999972, 38.280401909000034 ], [ -76.936155174999953, 38.202603120000049 ], [ -76.595283403999986, 38.120352811000032 ], [ -76.548711779999962, 38.074240895000059 ], [ -76.557721900999979, 38.025459311000077 ], [ -76.573369777999972, 38.003300288000048 ], [ -76.524220591999949, 38.012874504000024 ], [ -76.367414581999981, 37.957079896000039 ], [ -76.258866520999959, 37.890158194000037 ], [ -76.251587794999978, 37.85030679700003 ], [ -76.324206903999936, 37.79894532000003 ], [ -76.309610909999947, 37.71924578900007 ], [ -76.356670423999958, 37.700265411000032 ], [ -76.322725878999961, 37.677948386000025 ], [ -76.344538487999955, 37.623059520000027 ], [ -76.506760505999978, 37.656522909000046 ], [ -76.580135799999937, 37.770254222000062 ], [ -76.631452880999973, 37.796487011000067 ], [ -76.771532194999963, 37.916810699000052 ], [ -76.818188104999933, 37.919641583000043 ], [ -76.732034411999962, 37.798619680000058 ], [ -76.681411815999979, 37.774892911000052 ], [ -76.569171318999963, 37.642046788000073 ], [ -76.314309120999951, 37.551334910000037 ], [ -76.348306609999952, 37.525285197000073 ], [ -76.512527900999942, 37.552713001000029 ], [ -76.433850412999959, 37.515338407000058 ], [ -76.355333413999972, 37.515889809000043 ], [ -76.254255184999977, 37.390325780000069 ], [ -76.274855423999952, 37.330459892000079 ], [ -76.300636117999943, 37.33470989500006 ], [ -76.338685407999947, 37.393684391000079 ], [ -76.446538517999954, 37.458103906000076 ], [ -76.463606290999962, 37.41903127900008 ], [ -76.416752385999985, 37.412274581000077 ], [ -76.403423413999974, 37.373166986000058 ], [ -76.455221496999968, 37.377631200000053 ], [ -76.392406300999937, 37.293567490000044 ], [ -76.46080690399998, 37.255575392000026 ], [ -76.65316607799997, 37.412344724000036 ], [ -76.70436131699995, 37.418636221000042 ], [ -76.669661312999949, 37.371791486000063 ], [ -76.594715009999959, 37.291442592000067 ], [ -76.424336911999944, 37.207441824000057 ], [ -76.412663493999958, 37.152537779000056 ], [ -76.396541817999946, 37.173174592000066 ], [ -76.363451675999954, 37.146570989000054 ], [ -76.336984215999962, 37.177152313000079 ], [ -76.285338592999949, 37.122240497000064 ], [ -76.395359286999962, 37.107853117000047 ], [ -76.278593914999988, 37.074489399000072 ], [ -76.293006574999936, 37.020635111000047 ], [ -76.38421991599995, 36.99056110500004 ], [ -76.425786388999938, 36.965407291000076 ], [ -76.530794316999959, 37.067789323000056 ], [ -76.514939897999966, 37.088514099000065 ], [ -76.564166219999947, 37.117917813000076 ], [ -76.568118505999962, 37.080320720000032 ], [ -76.62459298999994, 37.132421700000066 ], [ -76.609707409999942, 37.17872378800007 ], [ -76.647771619999958, 37.225983992000067 ], [ -76.696830095999985, 37.232667904000039 ], [ -76.745781909999948, 37.193537723000077 ], [ -76.795611075999943, 37.24053460600004 ], [ -76.856854379999959, 37.244048216000067 ], [ -76.875173583999981, 37.323091907000048 ], [ -76.878110717999959, 37.259573990000035 ], [ -76.941177317999973, 37.236758921000046 ], [ -76.900548808999986, 37.201202183000078 ], [ -76.797075886999949, 37.20745000900007 ], [ -76.728890114999956, 37.150817004000032 ], [ -76.685645189999946, 37.198133725000048 ], [ -76.671217713999965, 37.147860081000033 ], [ -76.665320185999974, 37.054282611000076 ], [ -76.577503014999934, 37.024642205000077 ], [ -76.613049599999954, 36.99499107500003 ], [ -76.554720996999947, 37.006343205000064 ], [ -76.489181685999938, 36.961871405000068 ], [ -76.516846285999975, 36.912334104000024 ], [ -76.481848979999938, 36.919234713000037 ], [ -76.486289103999979, 36.895717285000046 ], [ -76.560189585999979, 36.841949716000045 ], [ -76.561524317999954, 36.795765380000034 ], [ -76.506866082999977, 36.86962120700008 ], [ -76.410472804999984, 36.901560987000039 ], [ -76.347810223999943, 36.913489282000057 ], [ -76.341583895999975, 36.860335592000069 ], [ -76.393755484999986, 36.836074413000063 ], [ -76.400851084999942, 36.826285988000052 ], [ -76.317100115999949, 36.845992297000066 ], [ -76.292364515999964, 36.828490509000062 ], [ -76.307281384999953, 36.942148675000055 ], [ -76.283888804999947, 36.962881377000031 ], [ -76.201991591999956, 36.935217191000049 ], [ -76.191325191999965, 36.90458919200006 ], [ -76.118088111999953, 36.931764814000076 ], [ -75.99501399199994, 36.923281022000026 ], [ -75.877811081999937, 36.556028303000062 ], [ -75.772788286999969, 36.229418288000033 ], [ -75.544578697999953, 35.788538093000057 ], [ -75.702358778999951, 36.05002799600004 ], [ -75.740492094999979, 36.050488690000066 ], [ -75.782806099999959, 36.225355504000049 ], [ -75.901630993999959, 36.55635228500006 ], [ -75.892498821999936, 36.599175525000078 ], [ -75.950448012999971, 36.721716323000066 ], [ -75.998314685999958, 36.556805312000051 ], [ -75.911564781999971, 36.542684411000039 ], [ -75.924450309999941, 36.47413160800005 ], [ -75.976927595999939, 36.478170820000059 ], [ -75.975936325999953, 36.518079410000041 ], [ -76.026819184999965, 36.556870015000072 ], [ -76.06151198699996, 36.60374412300007 ], [ -76.045611203999954, 36.557106397000041 ], [ -76.032861400999934, 36.51452762100007 ], [ -76.090717395999945, 36.503720314000077 ], [ -75.97572139, 36.436370193000073 ], [ -75.969411295999976, 36.415275381000072 ], [ -76.001257879999969, 36.419070597000029 ], [ -75.950900779999984, 36.365628306000076 ], [ -75.927768410999988, 36.423401 ], [ -75.924234494999951, 36.35110639100003 ], [ -75.799686808999979, 36.112979021000058 ], [ -75.798479773999986, 36.072982211000067 ], [ -75.854796981999982, 36.105828924000036 ], [ -75.913405896999961, 36.244961002000025 ], [ -75.957155495999984, 36.259612376000064 ], [ -75.941576000999987, 36.294497319000072 ], [ -76.008619182999951, 36.31975308400007 ], [ -75.956825814999945, 36.193930915000067 ], [ -75.980981208999935, 36.169886380000037 ], [ -76.182820988999936, 36.315395484000078 ], [ -76.218558419999965, 36.296764575000054 ], [ -76.112358480999944, 36.174578014000076 ], [ -76.141587718999972, 36.147848683000063 ], [ -76.234633006999957, 36.163519405000045 ], [ -76.298585300999946, 36.214387397000053 ], [ -76.275161481999987, 36.110530504000053 ], [ -76.480192078999949, 36.079952393000042 ], [ -76.420085716999949, 36.05876599100003 ], [ -76.522672893999982, 36.007329605000052 ], [ -76.593666496999958, 36.010293106000063 ], [ -76.648684302999982, 36.065868014000046 ], [ -76.632875419999948, 36.037277519000043 ], [ -76.689822978999985, 36.049770012000067 ], [ -76.726179778999949, 36.156980026000042 ], [ -76.688407899999959, 36.29467319400004 ], [ -76.776318007999976, 36.358484685000064 ], [ -76.923760903999948, 36.392598785000075 ], [ -76.741022412999939, 36.315321922000066 ], [ -76.707168525999975, 36.26628831000005 ], [ -76.744736296999974, 36.234073606000038 ], [ -76.76034500999998, 36.144750180000074 ], [ -76.693430974999956, 35.993130376000067 ], [ -76.740794578999953, 35.936787422000066 ], [ -76.696886200999984, 35.941704921000053 ], [ -76.409128385999963, 35.977628898000034 ], [ -76.371139188999962, 35.93250550700003 ], [ -76.213419924999982, 35.977036985000041 ], [ -76.089282216999948, 35.963073310000027 ], [ -76.02568690399994, 35.920584880000035 ], [ -76.075551918999963, 35.756964774000039 ], [ -76.042704012999934, 35.68401437700004 ], [ -76.16694662499998, 35.697007815000063 ], [ -76.10438200599998, 35.663805 ], [ -76.020844520999958, 35.669259499000077 ], [ -75.987491578999936, 35.892867803000058 ], [ -75.817681096999934, 35.923684316000049 ], [ -75.748584506999975, 35.869507910000038 ], [ -75.728989006999939, 35.665346378000038 ], [ -75.778672810999979, 35.578859689000069 ], [ -75.891121819999967, 35.631437422000033 ], [ -76.052608323999948, 35.414774901000044 ], [ -76.181252206999943, 35.341701884000031 ], [ -76.498450982999941, 35.416383779000057 ], [ -76.533402080999963, 35.450365312000031 ], [ -76.458082218999948, 35.504591708000078 ], [ -76.44617371399994, 35.55103159500004 ], [ -76.518595397999945, 35.577810191000026 ], [ -76.492188081999984, 35.54195241900004 ], [ -76.637852803999976, 35.520501610000053 ], [ -76.628421100999958, 35.438063096000064 ], [ -76.705029277999984, 35.412101087000053 ], [ -77.103443887999958, 35.550348818000032 ], [ -76.98285397899997, 35.43666371300003 ], [ -76.69455248099996, 35.35059410000008 ], [ -76.614167012999985, 35.27308670900004 ], [ -76.590859494999961, 35.312247506000062 ], [ -76.540626982999981, 35.303854216000047 ], [ -76.506775114999982, 35.248933075000025 ], [ -76.639741319999985, 35.172686284000065 ], [ -76.604874818999974, 35.138726302000066 ], [ -76.623872913999946, 35.064513389000069 ], [ -76.677662083999962, 35.024248078000028 ], [ -76.849125321999963, 34.982379897000044 ], [ -76.941155508999941, 35.027587624000034 ], [ -76.942910007999956, 35.070194582000056 ], [ -77.047552094999958, 35.092315115000076 ], [ -77.104347505999954, 35.08814551100005 ], [ -77.110260574999984, 35.066195414000049 ], [ -77.000858576999974, 35.053046306000056 ], [ -76.912772903999951, 34.936629989000039 ], [ -76.646700985999985, 34.906495320000033 ], [ -76.669712287999971, 34.970158703000038 ], [ -76.529425913999944, 34.974797806000026 ], [ -76.444674711999937, 35.016821606000065 ], [ -76.423699618999933, 34.946410125000057 ], [ -76.363652779999939, 34.943275307000079 ], [ -76.329043898999942, 34.976120415000025 ], [ -76.314348699999982, 34.948978984000064 ], [ -76.469545779999976, 34.785223410000071 ], [ -76.62496297499996, 34.719915198000024 ], [ -77.050199074999966, 34.69907930200003 ], [ -77.148630116999982, 34.764492885000038 ], [ -77.12906709899994, 34.685075790000042 ], [ -77.156274423999946, 34.660799484000052 ], [ -77.538326314999949, 34.457175781000046 ], [ -77.586455012999977, 34.421104524000043 ], [ -77.609420675999957, 34.435211075000041 ], [ -77.60230979399995, 34.412796193000077 ], [ -77.75022861399998, 34.305215210000028 ], [ -77.86409441099994, 34.192908094000074 ], [ -77.89410930799994, 34.06935178100008 ], [ -77.926466784999946, 34.062206916000036 ], [ -77.960442204999936, 34.189413807000051 ], [ -77.958236596999939, 33.99275360300004 ], [ -78.034517888999972, 33.914465526000072 ], [ -78.579453490999981, 33.882164619000037 ], [ -78.65545317699997, 33.948845017000053 ], [ -79.074257597999974, 34.30473850900006 ], [ -79.446913374999951, 34.61922218400008 ], [ -79.455740886999934, 34.634251986000038 ], [ -79.66728231999997, 34.800820208000061 ], [ -79.685738699999945, 34.805412688000047 ], [ -79.919736613999987, 34.808074121000061 ], [ -80.325065405999965, 34.814916708000055 ], [ -80.561334874999943, 34.815379681000024 ], [ -80.799855799999989, 34.816260091000061 ], [ -80.785444588999951, 34.940788092000048 ], [ -80.839959015999966, 35.002166398000043 ], [ -80.894510378999939, 35.059880813000063 ], [ -80.927591919999941, 35.101394705000075 ], [ -81.039685189999943, 35.037345382000069 ], [ -81.065349998999977, 35.066625284000054 ], [ -81.028240589999939, 35.105550995000044 ], [ -81.048839688999976, 35.132153405000054 ], [ -81.049099019999971, 35.151672805000032 ], [ -81.322625695999989, 35.163891823000029 ], [ -81.361980187999961, 35.162986703000058 ], [ -81.765181077999955, 35.182596086000046 ], [ -81.870416580999972, 35.183237782000049 ], [ -81.971272724999949, 35.188400003000027 ], [ -82.210010397999952, 35.193241091000061 ], [ -82.27816560499997, 35.195121578000055 ], [ -82.320608914, 35.184303806000059 ], [ -82.350700015999962, 35.192788220000068 ], [ -82.359962318999976, 35.183064602000059 ], [ -82.371216020999952, 35.182839824000041 ], [ -82.389450680999971, 35.208356577000075 ], [ -82.43776141799998, 35.169676211000024 ], [ -82.466586014999962, 35.173617203000049 ], [ -82.524479617999987, 35.154677491000029 ], [ -82.569875912999976, 35.149607377000052 ], [ -82.654344107999975, 35.119574089000025 ], [ -82.685900176999951, 35.121580407000067 ], [ -82.68788458299997, 35.097918291000042 ], [ -82.697208220999983, 35.091349487000059 ], [ -82.771201121999979, 35.085537696000074 ], [ -82.887556206999989, 35.055473221000057 ], [ -83.00714660899996, 35.024293199000056 ], [ -83.106156923999947, 35.000366674000077 ], [ -83.512887688999967, 34.992115793000039 ], [ -83.549297276999937, 34.989628525000057 ], [ -83.937899114999937, 34.989477517000068 ], [ -83.988454209999986, 34.989151825000079 ], [ -84.118152409999936, 34.988307005000024 ], [ -84.323773520999964, 34.989090593000071 ], [ -84.290959494999981, 35.210622279000063 ], [ -84.225863109999977, 35.261682878000045 ], [ -84.179642716999979, 35.241069481000068 ], [ -84.101560715999938, 35.245633780000048 ], [ -84.042689723999956, 35.272658497000066 ], [ -84.030771686999969, 35.292605798000068 ], [ -84.029115303999959, 35.325373976000037 ], [ -84.006217296999978, 35.372943709000026 ], [ -84.01255671399997, 35.407706809000047 ], [ -83.954607885999962, 35.455544318000079 ], [ -83.909912603999942, 35.476564324000037 ], [ -83.881125409999981, 35.510672001000046 ], [ -83.830098119999946, 35.519149421000066 ], [ -83.775774694999939, 35.552692899000078 ], [ -83.672766298999989, 35.565062409000063 ], [ -83.613750619999962, 35.571830917000057 ], [ -83.560922621999964, 35.555268803000047 ], [ -83.505683715999965, 35.559645415000034 ], [ -83.458173090999935, 35.597373313000048 ], [ -83.386972116999971, 35.625313200000051 ], [ -83.342902783999989, 35.653355504000046 ], [ -83.298291579999955, 35.656423287000052 ], [ -83.25899878499996, 35.691106713000067 ], [ -83.253177409999978, 35.700803704000066 ], [ -83.243724519999944, 35.718313003000048 ], [ -83.185220507999986, 35.728983392000032 ], [ -83.143533020999939, 35.762781902000029 ], [ -83.118057607999958, 35.763907603000064 ], [ -83.059828778999986, 35.782676777000063 ], [ -82.986873823999986, 35.774091086000055 ], [ -82.962619793999977, 35.791951979000032 ], [ -82.906689096999969, 35.872317191000036 ], [ -82.913938708999979, 35.927969702000041 ], [ -82.895841796999946, 35.948462602000063 ], [ -82.856137108999974, 35.947528575000035 ], [ -82.808535205999988, 35.920975223000028 ], [ -82.776308482, 35.956677376000073 ], [ -82.773463300999936, 35.987606874000051 ], [ -82.763094877999947, 35.999650018000068 ], [ -82.64375531099995, 36.051829015000067 ], [ -82.62790881899997, 36.054446103000032 ], [ -82.604264210999986, 36.043094077000035 ], [ -82.592094198999973, 36.022556107000071 ], [ -82.605666494, 36.003654212000072 ], [ -82.599164880999979, 35.963405788000046 ], [ -82.554005278999966, 35.956215905000079 ], [ -82.506793874999971, 35.972650323000039 ], [ -82.47505519799995, 35.993284390000042 ], [ -82.408282898999971, 36.07542658400007 ], [ -82.373713389999978, 36.098807198000031 ], [ -82.311783680999952, 36.122260596000046 ], [ -82.262159918999942, 36.120487603000072 ], [ -82.207584620999967, 36.147127623000074 ], [ -82.153900976999978, 36.139737725000032 ], [ -82.11792560899994, 36.096374791000073 ], [ -82.077602121999973, 36.100260198000058 ], [ -82.020294990999957, 36.12983429500008 ], [ -81.932951722999974, 36.263444321000065 ], [ -81.910994010999957, 36.290875284000037 ], [ -81.830410392999966, 36.334779001000072 ], [ -81.730324573999951, 36.329467222000062 ], [ -81.70928990699997, 36.333850310000059 ], [ -81.740213188999974, 36.361982494000074 ], [ -81.740907983999989, 36.391907926000044 ], [ -81.698114893999957, 36.471899993000079 ], [ -81.702632724999944, 36.51946029800007 ], [ -81.669835016999969, 36.589767808000033 ], [ -81.652272204999974, 36.607673822000038 ], [ -81.828897921999953, 36.611596424000027 ], [ -81.918294184999979, 36.613608803000034 ], [ -81.929303319999974, 36.595950724000033 ], [ -82.154181287999961, 36.595150299000068 ], [ -82.216661310999939, 36.594072309000069 ], [ -82.296858005, 36.591800909000028 ], [ -82.610838920999981, 36.591545515000064 ], [ -82.849822610999979, 36.591041307000069 ], [ -82.986697222999965, 36.591289707000044 ], [ -83.21092650199995, 36.588089616000047 ], [ -83.248388384999942, 36.589935394000065 ], [ -83.27503140999994, 36.600467414000036 ], [ -83.464209815999936, 36.598840094000025 ], [ -83.675176793999981, 36.598703901000079 ], [ -83.646802580999974, 36.61697699900003 ], [ -83.530894979999971, 36.661481020000053 ], [ -83.46022131999996, 36.661832511000057 ], [ -83.404150594999976, 36.672327388000042 ], [ -83.385854806999987, 36.688219675000028 ], [ -83.321383695999941, 36.709532894000063 ], [ -83.203656581999951, 36.734260723000034 ], [ -83.138513519999947, 36.740059304000056 ], [ -83.124390909999988, 36.751167592000058 ], [ -83.12822067899998, 36.779152705000058 ], [ -83.067951910999966, 36.850996101000078 ], [ -83.046634185999949, 36.85879359300003 ], [ -82.950805675999959, 36.86407848500005 ], [ -82.878042912999945, 36.893694182000047 ], [ -82.860632093999982, 36.932162411000036 ], [ -82.866559821999942, 36.974585774000047 ], [ -82.812222720999955, 37.005600801000071 ], [ -82.723598183999968, 37.033992316000024 ], [ -82.72005768799994, 37.06592981700004 ], [ -82.709170084999982, 37.07548227500007 ], [ -82.721377291999943, 37.093117716000052 ], [ -82.719095790999972, 37.110017282000058 ], [ -82.568022674999952, 37.19391900100004 ], [ -82.550039886999969, 37.199378421000063 ], [ -82.405884993999962, 37.25070420600008 ], [ -82.353842292999957, 37.260519621000071 ], [ -82.28895089599996, 37.30486118500005 ], [ -81.959575217999941, 37.531172623000032 ], [ -81.935450024999966, 37.506644705000042 ], [ -81.947993387999986, 37.493026200000031 ], [ -81.976421890999973, 37.482905711000058 ], [ -81.988202491999971, 37.466586506000056 ], [ -81.920733480999957, 37.41551621900004 ], [ -81.926822682999955, 37.371727508000049 ], [ -81.897158084999944, 37.340588618000027 ], [ -81.863815709999983, 37.325456088000067 ], [ -81.858680789999937, 37.307031204000054 ], [ -81.838888900999962, 37.285505175000026 ], [ -81.815381108999986, 37.279539215000057 ], [ -81.792659182999955, 37.287153477000061 ], [ -81.751854125999955, 37.272257484000079 ], [ -81.738456409999969, 37.250491084000032 ], [ -81.701728381999942, 37.235434810000072 ], [ -81.665885788999958, 37.204910005000045 ], [ -81.556654277999939, 37.206352800000047 ], [ -81.505535915999985, 37.234372102000066 ], [ -81.495533074999969, 37.25285060300007 ], [ -81.475360322999961, 37.254422389000069 ], [ -81.403344211999979, 37.282624715000054 ], [ -81.390946002999954, 37.311154806000047 ], [ -81.358794809999949, 37.338952491000043 ], [ -81.311872782999956, 37.293706998000062 ], [ -81.222933483999952, 37.240214509000054 ], [ -81.140737619999982, 37.274924977000069 ], [ -81.024932383999953, 37.286061188000076 ], [ -80.985936685999945, 37.306241296000053 ], [ -80.978535597999951, 37.296475821000058 ], [ -80.967891888999986, 37.291791492000073 ], [ -80.934183517999941, 37.301370577000057 ], [ -80.855429307999941, 37.33941147400003 ], [ -80.84841778699996, 37.350943416000064 ], [ -80.877358475999984, 37.388697113000035 ], [ -80.850525278999953, 37.423460783000053 ], [ -80.79961138799996, 37.413062417000049 ], [ -80.799244615999953, 37.39175349900006 ], [ -80.770022422999944, 37.386195806000046 ], [ -80.762994997999954, 37.371413990000065 ], [ -80.747689804999936, 37.379081713000062 ], [ -80.746324197999968, 37.38773728700005 ], [ -80.729737114999978, 37.392719489000058 ], [ -80.705207125999948, 37.388378777000071 ], [ -80.597490882999978, 37.446054390000029 ], [ -80.542755407999948, 37.46921022500004 ], [ -80.508764808999956, 37.475046986000052 ], [ -80.487881616999971, 37.460597285000063 ], [ -80.486797202999981, 37.433860392000042 ], [ -80.474764677999985, 37.422820900000033 ], [ -80.42537791899997, 37.434906419000072 ], [ -80.388306118999935, 37.46572541900008 ], [ -80.352156897999976, 37.476101613000026 ], [ -80.347510904999979, 37.491177106000066 ], [ -80.287916106999944, 37.511151190000078 ], [ -80.280730420999987, 37.536259106000045 ], [ -80.308303794999972, 37.528370180000024 ], [ -80.325905822999971, 37.533401491000063 ], [ -80.31672158799995, 37.566718586000036 ], [ -80.246393096999952, 37.596896615000048 ], [ -80.218927993999955, 37.624266813000077 ], [ -80.254422308999949, 37.640703613000028 ], [ -80.300932700999965, 37.640546905000065 ], [ -80.304862710999942, 37.652246382000044 ], [ -80.295700700999987, 37.671502616000055 ], [ -80.303109713999959, 37.682671878000065 ], [ -80.250033108999958, 37.726052011000036 ], [ -80.25468889299998, 37.757232810000062 ], [ -80.220546197999965, 37.778858510000077 ], [ -80.223735719999979, 37.802364490000059 ], [ -80.171594591999963, 37.842968599000073 ], [ -80.172220384999946, 37.860184221000054 ], [ -80.160005406999971, 37.877228320000029 ], [ -80.118507314999988, 37.891278301000057 ], [ -80.106490693999945, 37.914658604000067 ], [ -80.054807202999939, 37.955647980000037 ], [ -80.000499007999963, 37.989870091000057 ], [ -79.966493695999986, 38.03862188800008 ], [ -79.957513724999956, 38.067365412000072 ], [ -79.928292205999981, 38.103311199000075 ], [ -79.935326883999949, 38.121308595000073 ], [ -79.910339982999972, 38.162606309000068 ], [ -79.916161512999963, 38.179264882000041 ], [ -79.831152016999965, 38.250279207000062 ], [ -79.793621802999951, 38.268666015000065 ], [ -79.78651118199997, 38.285118408000073 ], [ -79.802777805999938, 38.298869894000063 ], [ -79.800328976999936, 38.314326717000029 ], [ -79.764004501999977, 38.353991308000047 ], [ -79.732829607999975, 38.351840094000067 ], [ -79.720035201999963, 38.394685816000049 ], [ -79.684092419999956, 38.430238099000064 ], [ -79.692653709999945, 38.500354297000058 ], [ -79.66561459199994, 38.52077788400004 ], [ -79.669430011999964, 38.550176987000043 ], [ -79.64240658999995, 38.592355215000055 ], [ -79.536513796999941, 38.553805601000079 ], [ -79.486347593999938, 38.462144881000029 ], [ -79.31699962, 38.412633325000058 ], [ -79.272358886999939, 38.43730670900004 ], [ -79.231662876999962, 38.48049620300003 ], [ -79.127427294999961, 38.65824389200003 ], [ -79.121064100999945, 38.663767394000047 ], [ -79.088546602999941, 38.659205323000037 ], [ -79.087234198999965, 38.707268696000028 ], [ -79.056555276999973, 38.762053696000066 ], [ -79.054800414999988, 38.790632896000034 ], [ -79.033742487999973, 38.79995969600003 ], [ -78.987453090999963, 38.846761382000068 ], [ -78.866560594999953, 38.763404175000062 ], [ -78.815860810999936, 38.833745824000061 ], [ -78.793055376999973, 38.880219280000063 ], [ -78.749252885999965, 38.911491513000044 ], [ -78.737731978999989, 38.929282885000077 ], [ -78.724143415999947, 38.930324198000051 ], [ -78.718985908999969, 38.904991401000075 ], [ -78.680227007999974, 38.921684113000026 ], [ -78.646969177999949, 38.950553106000029 ], [ -78.630847500999948, 38.979711890000033 ], [ -78.598696100999973, 38.967306688000065 ], [ -78.553207906999944, 39.013936280000053 ], [ -78.549202314999945, 39.023488013000076 ], [ -78.564179276999937, 39.035145580000062 ], [ -78.536651387999939, 39.05713292300004 ], [ -78.501600618999987, 39.093684300000064 ], [ -78.485250383999983, 39.111944809000079 ], [ -78.447979707999934, 39.119036212000026 ], [ -78.430568888999971, 39.148626213000057 ], [ -78.402362313999959, 39.170594597000047 ], [ -78.424068516999967, 39.197628691000034 ], [ -78.423069010999939, 39.212143198000035 ], [ -78.399127410999938, 39.244952716000057 ], [ -78.41354737599994, 39.257540787000039 ], [ -78.340846208999949, 39.341458099000079 ], [ -78.343928704999939, 39.350956525000072 ], [ -78.365474781999978, 39.36168680000003 ], [ -78.350231079999958, 39.38082849500006 ], [ -78.347546491999935, 39.456998202000079 ], [ -78.276881118999938, 39.423464722000062 ], [ -78.229508604999978, 39.391113307000069 ], [ -78.03332831299997, 39.265639313000065 ] ] ] ] } },
{ "type": "Feature", "properties": { "OBJECTID": 15, "Territory_": "PA+NJ", "Status": "AVAILABLE", "State": "Pennsylvania", "STATE_FIPS": "42", "SUB_REGION": "Middle Atlantic", "STATE_ABBR": "PA", "POPULATION": 12976662, "Shape_Leng": 19.648944673700001, "Shape_Area": 14.607053198699999 }, "geometry": { "type": "MultiPolygon", "coordinates": [ [ [ [ -79.761659695999981, 42.003105717000039 ], [ -79.612367499999948, 42.000584881000066 ], [ -79.059488887999976, 42.001157678000027 ], [ -78.918538281999986, 41.999846777000073 ], [ -78.305088211999987, 41.999420585000053 ], [ -78.204262009999979, 41.998200393000047 ], [ -77.745007906999945, 41.997333193000031 ], [ -77.612847616999943, 41.998829605000026 ], [ -76.968573676999938, 42.002981025000054 ], [ -76.928395292999937, 42.002534577000063 ], [ -76.563914814999976, 42.003011382000068 ], [ -76.145020306999982, 42.000654505000057 ], [ -76.104834514999936, 41.999498706000054 ], [ -75.479732213999966, 41.99636772100007 ], [ -75.382813175999956, 41.998356582000042 ], [ -75.345657090999964, 41.992844995000041 ], [ -75.324065788999974, 41.961274991000039 ], [ -75.283689979999963, 41.94760380200006 ], [ -75.254515499999968, 41.868873318000055 ], [ -75.171283813999935, 41.86783987900003 ], [ -75.148280592999981, 41.855789378000054 ], [ -75.124750783999957, 41.849182395000071 ], [ -75.117777389999958, 41.836986792000062 ], [ -75.079843001999961, 41.814148308000028 ], [ -75.096826799999974, 41.797207299000036 ], [ -75.097154978999981, 41.779041798000037 ], [ -75.061318497999935, 41.770260391000079 ], [ -75.056969911999943, 41.726708114000076 ], [ -75.065400915999987, 41.714836803000026 ], [ -75.051324980999937, 41.637314804000027 ], [ -75.072451704999935, 41.613080097000079 ], [ -75.069865387999982, 41.604477985000074 ], [ -75.025087374999941, 41.565800882000076 ], [ -75.014886796999974, 41.539555919000065 ], [ -74.971788011999934, 41.483602583000049 ], [ -74.932564375999959, 41.484350686000028 ], [ -74.898559686999988, 41.461894205000078 ], [ -74.895279298999981, 41.444671175000053 ], [ -74.864066691999938, 41.447154816000079 ], [ -74.792798994999941, 41.42991717700005 ], [ -74.754826581999964, 41.430146410000077 ], [ -74.740040723999982, 41.422059489000048 ], [ -74.740437595999936, 41.401635901000077 ], [ -74.705273323999961, 41.375059289000035 ], [ -74.700062407999951, 41.350573126000029 ], [ -74.371980794999956, 41.195850001000053 ], [ -74.242359524999983, 41.137626612000076 ], [ -74.213038696999945, 41.123611599000071 ], [ -73.896697485999937, 40.998529814000051 ], [ -73.896148310999934, 40.960871800000064 ], [ -73.908966183999951, 40.927314386000035 ], [ -73.922394516999987, 40.886040087000026 ], [ -73.977061092999975, 40.79748709100005 ], [ -74.006259818, 40.737730924000061 ], [ -74.00618340699998, 40.704001988000073 ], [ -74.129058080999982, 40.647072198000046 ], [ -74.115531009999984, 40.705626614000039 ], [ -74.146858000999941, 40.675479616000075 ], [ -74.20825298799997, 40.591187709000053 ], [ -74.278910382999982, 40.514303677000044 ], [ -74.268915414999981, 40.463748581000061 ], [ -74.224503500999958, 40.443584791000035 ], [ -74.121885500999952, 40.451458591000062 ], [ -73.978440581999962, 40.323616012000059 ], [ -74.039231119999954, 40.101841986000068 ], [ -74.09142591799997, 40.116085611000074 ], [ -74.083773009999959, 40.088181779000024 ], [ -74.034294609999961, 40.091367002000027 ], [ -74.049790078999933, 40.05685618800004 ], [ -74.122180576999938, 40.051561400000026 ], [ -74.077333093999982, 40.042272884000056 ], [ -74.159228493999933, 39.878605378000032 ], [ -74.171426894999968, 39.718274725000072 ], [ -74.237675610999986, 39.624046803000056 ], [ -74.323342084999979, 39.572086212000045 ], [ -74.328850822999982, 39.523627677000036 ], [ -74.412388722999935, 39.542621214000064 ], [ -74.401119582999968, 39.502627615000051 ], [ -74.460417905999975, 39.426756610000041 ], [ -74.447500878999961, 39.381075290000069 ], [ -74.658234116999949, 39.287251388000072 ], [ -74.622526990999972, 39.281632411000032 ], [ -74.624586977999968, 39.250828486000046 ], [ -74.802291825999987, 39.026373602000035 ], [ -74.879253615999971, 38.989843621000034 ], [ -74.876300993999962, 38.956682404000048 ], [ -74.968125414999975, 38.971738782000045 ], [ -74.890202088999956, 39.113860212000077 ], [ -74.916654422999954, 39.17063857900007 ], [ -75.014407091999942, 39.19836379000003 ], [ -75.119958080999936, 39.184691823000037 ], [ -75.415672218999987, 39.374971790000075 ], [ -75.552763009999978, 39.490514276000056 ], [ -75.516688904999967, 39.56656840800008 ], [ -75.570234180999989, 39.617734999000049 ], [ -75.489280681999958, 39.71485819600008 ], [ -75.475974296999937, 39.720084395000072 ], [ -75.474768401999938, 39.741832094000074 ], [ -75.460394076999989, 39.763362008000058 ], [ -75.42764729299995, 39.778242925000029 ], [ -75.411754589999987, 39.789770775000079 ], [ -75.420467977999976, 39.798983087000067 ], [ -75.469986111999958, 39.826547498000025 ], [ -75.583443278999937, 39.840119017000063 ], [ -75.643994274999955, 39.838306497000076 ], [ -75.694770885999958, 39.820457416000067 ], [ -75.745591994999984, 39.774929383000028 ], [ -75.774927222999963, 39.724552804000041 ], [ -75.791094591, 39.723865987000067 ], [ -76.139223175999973, 39.72222929000003 ], [ -76.233121881999978, 39.721853606000025 ], [ -76.569834410999988, 39.720265398000038 ], [ -76.790491592999956, 39.721256099000072 ], [ -76.996812213999988, 39.720891606000066 ], [ -77.221050920999971, 39.720679313000062 ], [ -77.464432980999959, 39.72007351600007 ], [ -77.47579339899994, 39.719623184000056 ], [ -78.095948310999972, 39.725461084000074 ], [ -78.334550100999934, 39.724096204000034 ], [ -78.384782976999986, 39.723748599000032 ], [ -78.817758391999973, 39.72311581200006 ], [ -78.930173002999936, 39.72233688700004 ], [ -79.396610098999986, 39.719313603000046 ], [ -79.480971111999963, 39.720274102000076 ], [ -79.765132275999974, 39.721807086000069 ], [ -79.918268486999978, 39.721667008000054 ], [ -80.429082321999942, 39.719842626000059 ], [ -80.524269498999956, 39.721209009000063 ], [ -80.524650724999958, 39.958419602000049 ], [ -80.524962222999989, 40.022825285000067 ], [ -80.526045185999976, 40.162521094000056 ], [ -80.523564497999985, 40.403033884000081 ], [ -80.524357720999944, 40.478784807000068 ], [ -80.521999497999957, 40.637203217000035 ], [ -80.52030607599994, 40.854168791000063 ], [ -80.520924408999974, 40.897270477000063 ], [ -80.522932695999941, 41.129627809000056 ], [ -80.519996183999979, 41.489288595000062 ], [ -80.523925519999977, 41.495102096000039 ], [ -80.522643991999985, 41.850774799000078 ], [ -80.520592603999944, 41.986872093000045 ], [ -79.763235004999956, 42.267327092000073 ], [ -79.761659695999981, 42.003105717000039 ] ] ] ] } },
{ "type": "Feature", "properties": { "OBJECTID": 16, "Territory_": "CA2 + HI", "Status": "AVAILABLE", "State": "CA", "STATE_FIPS": null, "SUB_REGION": null, "STATE_ABBR": null, "POPULATION": 0, "Shape_Leng": 43.078874348399999, "Shape_Area": 28.566332211599999 }, "geometry": { "type": "MultiPolygon", "coordinates": [ [ [ [ -155.096184987999976, 19.877114590000076 ], [ -155.072106003999977, 19.724585522000041 ], [ -154.975763078999961, 19.740643375000047 ], [ -154.975762508999964, 19.65233541200007 ], [ -154.79109597599998, 19.539960381000071 ], [ -154.815187496999982, 19.459676396000077 ], [ -154.927581798999967, 19.419518578000066 ], [ -155.015881680999968, 19.331211496000037 ], [ -155.152372114999963, 19.266991894000057 ], [ -155.30489900699996, 19.234878414000036 ], [ -155.521678708999957, 19.122484577000023 ], [ -155.537729775999964, 19.04221059200006 ], [ -155.666192292999966, 18.921786300000065 ], [ -155.778585818999971, 19.010092709000048 ], [ -155.858861513999983, 19.010100894000061 ], [ -155.90703098299997, 19.130513323000059 ], [ -155.874927085999957, 19.371358591000046 ], [ -155.947178284999978, 19.483750200000031 ], [ -155.971258614999982, 19.628252699000029 ], [ -156.043524679999962, 19.780783321000058 ], [ -155.979300984999981, 19.820922490000044 ], [ -155.88295868199998, 19.933311974000048 ], [ -155.826761711999978, 20.005562913000063 ], [ -155.834786674999975, 20.061757397000065 ], [ -155.89097887899996, 20.17414911000003 ], [ -155.858857991999969, 20.270479498000043 ], [ -155.738442092999975, 20.206256787000029 ], [ -155.561825907999975, 20.134006988000067 ], [ -155.200550182999962, 19.997528780000039 ], [ -155.096184987999976, 19.877114590000076 ] ] ], [ [ [ -156.886487210999974, 20.736049394000077 ], [ -156.966765599999974, 20.728020700000059 ], [ -156.990863492999978, 20.792237091000061 ], [ -156.982826302999968, 20.83237771000006 ], [ -157.05509822099998, 20.880538424000065 ], [ -157.039050677999967, 20.928707011000029 ], [ -156.910585880999975, 20.928718615000037 ], [ -156.806205299999959, 20.840418578000026 ], [ -156.814225704999984, 20.792252685000051 ], [ -156.886487210999974, 20.736049394000077 ] ] ], [ [ [ -156.52519159299996, 20.98487010100007 ], [ -156.47702212599998, 20.89656509100007 ], [ -156.356603479999961, 20.944726374000027 ], [ -156.260263403999971, 20.928671318000056 ], [ -156.011392499999971, 20.80022527400007 ], [ -155.987317089999976, 20.752061712000057 ], [ -156.043511625999969, 20.655732619000048 ], [ -156.131808916999972, 20.623622921000049 ], [ -156.196045407999975, 20.631649387000039 ], [ -156.276317424999974, 20.583483804000025 ], [ -156.39673498199997, 20.567426986000044 ], [ -156.436879279999971, 20.623621211000057 ], [ -156.460971886999971, 20.727981123000063 ], [ -156.493074695999979, 20.792204300000037 ], [ -156.525193614999978, 20.776149606000047 ], [ -156.637586621999958, 20.808260910000058 ], [ -156.693782607999964, 20.912623981000024 ], [ -156.653635979999962, 21.016985083000066 ], [ -156.597439578999968, 21.041064689000052 ], [ -156.52519159299996, 20.98487010100007 ] ] ], [ [ [ -157.167471491999976, 21.193640484000071 ], [ -157.006903783999974, 21.185610599000029 ], [ -156.992546811999972, 21.195420212000045 ], [ -156.958733487999979, 21.20969352000003 ], [ -156.943346495999975, 21.172778687000061 ], [ -156.914242778999977, 21.167372417000024 ], [ -156.910214393999979, 21.158045203000029 ], [ -156.717872677999964, 21.137419788000045 ], [ -156.766048206999983, 21.065176776000044 ], [ -156.886484102999958, 21.04913410100005 ], [ -157.071131882999964, 21.105331019000062 ], [ -157.287897492999974, 21.081250584000031 ], [ -157.30394881999996, 21.137448384000038 ], [ -157.247747497999967, 21.161530476000053 ], [ -157.231694203999979, 21.233776285000033 ], [ -157.167471491999976, 21.193640484000071 ] ] ], [ [ [ -157.914179786999966, 21.635208481000063 ], [ -157.849958992999973, 21.506758811000054 ], [ -157.80981510999996, 21.434505178000052 ], [ -157.761642895999984, 21.458587582000064 ], [ -157.71347280699996, 21.386335192000047 ], [ -157.67332990899996, 21.298027177000051 ], [ -157.681371085999984, 21.273942806000036 ], [ -157.721501603999968, 21.281971189000046 ], [ -157.825871719999981, 21.249863719000075 ], [ -157.898134521999964, 21.330144283000038 ], [ -157.94630642499996, 21.306061 ], [ -158.098833006999968, 21.290008016000058 ], [ -158.130951095999961, 21.354232281000066 ], [ -158.235318673999984, 21.474652584000069 ], [ -158.243342808999984, 21.538879025000028 ], [ -158.267431790999979, 21.587042484000051 ], [ -158.11489401999998, 21.579016588000059 ], [ -158.04262629699997, 21.675350602000037 ], [ -157.986428082999964, 21.699432798000032 ], [ -157.914179786999966, 21.635208481000063 ] ] ], [ [ [ -160.170137693999976, 21.867596377000041 ], [ -160.202259720999962, 21.795308606000049 ], [ -160.242406193999983, 21.803280522000023 ], [ -160.226336477999979, 21.891591905000041 ], [ -160.121962475999965, 21.963978725000061 ], [ -160.07380357599996, 22.004177313000071 ], [ -160.049709723999968, 21.988164115000075 ], [ -160.08985842499996, 21.915869920000034 ], [ -160.170137693999976, 21.867596377000041 ] ] ], [ [ [ -159.335174690999963, 21.948343282000053 ], [ -159.439545221999964, 21.868071679000025 ], [ -159.576021305999973, 21.884136216000059 ], [ -159.640247021999983, 21.948365817000024 ], [ -159.736592692999977, 21.964420302000065 ], [ -159.800814212999967, 22.036666579000041 ], [ -159.712505885999974, 22.14905927600006 ], [ -159.576012602999981, 22.213179622000041 ], [ -159.391366895999965, 22.229119881000031 ], [ -159.343195820999966, 22.197016607000023 ], [ -159.295025576999961, 22.124812499000029 ], [ -159.327130300999983, 22.044639583000048 ], [ -159.335174690999963, 21.948343282000053 ] ] ], [ [ [ -123.000677, 37.690203 ], [ -123.005543, 37.689392 ], [ -123.011464000999979, 37.691907 ], [ -123.014303, 37.696205 ], [ -123.013916, 37.700355 ], [ -123.013897000999975, 37.704478 ], [ -123.012194, 37.706749 ], [ -123.004488998999989, 37.706262 ], [ -123.00019, 37.702937 ], [ -122.997189, 37.697908 ], [ -123.000677, 37.690203 ] ] ], [ [ [ -122.358779, 37.814278 ], [ -122.36266, 37.807577 ], [ -122.372420998999985, 37.811301 ], [ -122.37267000099996, 37.81651 ], [ -122.3785, 37.826505 ], [ -122.377878, 37.830647999000064 ], [ -122.369941, 37.832137 ], [ -122.363244, 37.823951 ], [ -122.358779, 37.814278 ] ] ], [ [ [ -122.418712, 37.852717 ], [ -122.434403, 37.852434 ], [ -122.443302, 37.85544800100007 ], [ -122.446316, 37.861046 ], [ -122.438565, 37.868367 ], [ -122.430958, 37.872242 ], [ -122.421453, 37.869972 ], [ -122.421341, 37.869945 ], [ -122.418471, 37.861764 ], [ -122.418471, 37.852720999000042 ], [ -122.418712, 37.852717 ] ] ], [ [ [ -122.289527, 42.007764 ], [ -122.261127, 42.007364 ], [ -122.187858, 42.007564 ], [ -122.161328, 42.007637 ], [ -122.160438, 42.007637 ], [ -122.156666000999962, 42.007384001000048 ], [ -122.155408, 42.007429 ], [ -122.101922, 42.00576600100004 ], [ -122.000319, 42.003967 ], [ -121.846711998999979, 42.00307 ], [ -121.708199, 42.000814999000056 ], [ -121.705045, 42.000766 ], [ -121.689159, 42.000584 ], [ -121.675348, 42.000351 ], [ -121.598002, 41.998973 ], [ -121.58086500099995, 41.998668001000055 ], [ -121.52025, 41.99798300100008 ], [ -121.447605, 41.99717 ], [ -121.439610000999949, 41.99708 ], [ -121.434977, 41.997022 ], [ -121.376101, 41.997026 ], [ -121.360253, 41.99668 ], [ -121.340517, 41.99622 ], [ -121.335734, 41.996518 ], [ -121.334385, 41.996655 ], [ -121.309981, 41.997612 ], [ -121.251099, 41.99757 ], [ -121.250537, 41.997487 ], [ -121.248755, 41.997223 ], [ -121.247616, 41.997054 ], [ -121.126093, 41.99601 ], [ -121.09492599899994, 41.994658 ], [ -121.035194998999941, 41.993323001000078 ], [ -120.879481, 41.993781 ], [ -120.819597, 41.994139 ], [ -120.812279, 41.994183001000067 ], [ -120.693941, 41.99367600100004 ], [ -120.692219, 41.993677 ], [ -120.647173, 41.993084 ], [ -120.501069, 41.993785 ], [ -120.326005, 41.993122 ], [ -120.286424000999943, 41.993058 ], [ -120.19078, 41.994454 ], [ -120.181563, 41.994588 ], [ -120.159087, 41.994657 ], [ -120.001058001, 41.995139 ], [ -119.999167998999951, 41.99454 ], [ -119.999276, 41.874891001000037 ], [ -119.998287, 41.749892 ], [ -119.998854998999946, 41.624893 ], [ -119.99828, 41.618765 ], [ -119.998892, 41.557683 ], [ -119.999471, 41.49989400100003 ], [ -119.999866, 41.183974 ], [ -119.999358, 40.873101 ], [ -119.999232, 40.867454 ], [ -119.999231, 40.865899 ], [ -119.998479, 40.749899 ], [ -119.997533, 40.720992 ], [ -119.995926, 40.499901 ], [ -119.996051, 40.402505 ], [ -119.996155, 40.321838 ], [ -119.996155, 40.32125 ], [ -119.996182, 40.263531999000065 ], [ -119.996183, 40.262460999000041 ], [ -119.997124, 40.126363 ], [ -119.997234, 40.091591 ], [ -119.99717500099996, 40.077245 ], [ -119.997291, 40.071803 ], [ -119.997634, 39.956505 ], [ -119.999732998999946, 39.851405999000065 ], [ -120.000607001, 39.780779 ], [ -120.000502, 39.779956 ], [ -120.001319, 39.72242 ], [ -120.001740000999973, 39.538852 ], [ -120.003116, 39.445113 ], [ -120.004430000999946, 39.374908 ], [ -120.00471, 39.330488 ], [ -120.00532, 39.31635 ], [ -120.005413, 39.313848 ], [ -120.005414, 39.313345 ], [ -120.005142, 39.291257999000038 ], [ -120.005250000999979, 39.279968 ], [ -120.005266000999939, 39.278386 ], [ -120.005585, 39.245074 ], [ -120.005743, 39.228664 ], [ -120.005746, 39.22521 ], [ -120.005691, 39.222586 ], [ -120.00556, 39.216279 ], [ -120.004761, 39.177896 ], [ -120.003828, 39.133133 ], [ -120.002461, 39.067489 ], [ -120.001014, 38.999574 ], [ -119.967167998999969, 38.976385 ], [ -119.94962, 38.964363 ], [ -119.942587, 38.959545 ], [ -119.94054499899994, 38.958146 ], [ -119.938905, 38.957022 ], [ -119.938794, 38.956946 ], [ -119.937815998999952, 38.956276 ], [ -119.914628, 38.940389 ], [ -119.904315, 38.933324001000074 ], [ -119.753963, 38.829528 ], [ -119.58767900099997, 38.714734 ], [ -119.587066, 38.714345 ], [ -119.585437000999946, 38.713212 ], [ -119.548234, 38.687381 ], [ -119.494183, 38.649852 ], [ -119.494022, 38.649733999000034 ], [ -119.450612, 38.619964 ], [ -119.450623, 38.619965 ], [ -119.375994, 38.566792999000029 ], [ -119.370117, 38.563281 ], [ -119.333422999, 38.538328 ], [ -119.330851, 38.536504 ], [ -119.329948, 38.535862999000074 ], [ -119.27926200099995, 38.499914 ], [ -119.250988, 38.48078 ], [ -119.234966, 38.468997 ], [ -119.154768998999941, 38.413199 ], [ -119.125981998999976, 38.39317 ], [ -119.097161, 38.372852999000031 ], [ -119.082358, 38.361267 ], [ -119.030078, 38.325181 ], [ -119.000975, 38.303675 ], [ -118.949673, 38.26894 ], [ -118.922518, 38.249919 ], [ -118.859087, 38.204808 ], [ -118.797753, 38.16055 ], [ -118.771867, 38.141871001000027 ], [ -118.74659799899996, 38.124926 ], [ -118.714312, 38.102185001000066 ], [ -118.62159, 38.034389 ], [ -118.571958000999985, 37.99993 ], [ -118.500957998999979, 37.949019 ], [ -118.25094699899995, 37.768615999000076 ], [ -118.052189, 37.62493 ], [ -118.039798, 37.615273 ], [ -118.039849, 37.615245 ], [ -117.97577599899995, 37.569293 ], [ -117.904625, 37.515836 ], [ -117.87592700099998, 37.497267 ], [ -117.832726, 37.464929 ], [ -117.712358, 37.374931 ], [ -117.68061, 37.353399 ], [ -117.581418, 37.278936 ], [ -117.540885, 37.249931 ], [ -117.500909000999968, 37.220282 ], [ -117.500117, 37.22038000100008 ], [ -117.375905, 37.126843 ], [ -117.286424000999943, 37.060108 ], [ -117.266046, 37.044909999000026 ], [ -117.244917, 37.030244 ], [ -117.131975, 36.945777 ], [ -117.066727998999966, 36.896354 ], [ -117.000894998999968, 36.847694 ], [ -116.541983, 36.499952 ], [ -116.500882, 36.468223 ], [ -116.488232999, 36.459097 ], [ -116.38034, 36.374955 ], [ -116.375875, 36.372562 ], [ -116.250869, 36.276979 ], [ -116.097216, 36.158345999000062 ], [ -116.093601, 36.155805 ], [ -115.912858, 36.015359 ], [ -115.892975, 35.999967 ], [ -115.852907998999967, 35.96966 ], [ -115.750844, 35.889287 ], [ -115.689302, 35.842003 ], [ -115.669005, 35.826515 ], [ -115.647683, 35.809358 ], [ -115.647202, 35.808995 ], [ -115.648199998999985, 35.809003 ], [ -115.693823, 35.808872999000073 ], [ -115.735745, 35.809097 ], [ -115.735891, 35.793620001000079 ], [ -116.036495998999953, 35.793558 ], [ -116.057626, 35.793974 ], [ -116.070306000999949, 35.793473 ], [ -116.109474998999985, 35.793446999000025 ], [ -116.211234, 35.793290999000078 ], [ -116.340549, 35.793997 ], [ -116.345966998999984, 35.794 ], [ -116.651124000999971, 35.795433001000049 ], [ -116.939105000999973, 35.795396001000029 ], [ -117.145294, 35.795547 ], [ -117.250887, 35.795004 ], [ -117.315188, 35.795195 ], [ -117.355008, 35.795203 ], [ -117.421462998999971, 35.795601 ], [ -117.54229, 35.795822 ], [ -117.632996, 35.797251 ], [ -117.750901, 35.798201 ], [ -117.850567, 35.798052 ], [ -117.856601, 35.79806 ], [ -117.856877, 35.79806 ], [ -117.885897, 35.798098 ], [ -117.903042, 35.79812 ], [ -117.924459, 35.798149 ], [ -117.923116, 35.786814 ], [ -117.939351, 35.786762 ], [ -118.000908, 35.789487999000073 ], [ -118.008043, 35.789161 ], [ -118.017687998999975, 35.789658 ], [ -118.019844, 35.789769 ], [ -118.067719, 35.791537 ], [ -118.195381000999987, 35.79069 ], [ -118.270007, 35.790009 ], [ -118.366922, 35.790609 ], [ -118.375916, 35.790224 ], [ -118.407663, 35.791328 ], [ -118.425879, 35.792107 ], [ -118.448573998999962, 35.792339 ], [ -118.470091, 35.792635 ], [ -118.507224, 35.789711 ], [ -118.573102, 35.78973 ], [ -118.80285, 35.790343 ], [ -118.935844, 35.790560001000074 ], [ -118.936096998999972, 35.790537001000075 ], [ -119.044244, 35.790697 ], [ -119.053038, 35.790606 ], [ -119.088777, 35.790718 ], [ -119.10215, 35.790738 ], [ -119.11412, 35.790848 ], [ -119.115029, 35.790841 ], [ -119.125046, 35.790767 ], [ -119.125937, 35.790603 ], [ -119.177594, 35.790540001000068 ], [ -119.214455, 35.790491 ], [ -119.223107, 35.79042 ], [ -119.240920000999949, 35.79039 ], [ -119.250942, 35.790387 ], [ -119.253276, 35.790353 ], [ -119.258914, 35.790324 ], [ -119.303101, 35.79019 ], [ -119.320475, 35.790219 ], [ -119.321192, 35.79022 ], [ -119.354897, 35.790278 ], [ -119.375947, 35.789742 ], [ -119.392942998999956, 35.790157 ], [ -119.39308, 35.790147 ], [ -119.401253998999948, 35.790104 ], [ -119.415104, 35.78997 ], [ -119.424178, 35.790038999000046 ], [ -119.446837, 35.789888 ], [ -119.452337, 35.789868 ], [ -119.490221, 35.789720001000035 ], [ -119.500164, 35.789818001000071 ], [ -119.500952, 35.789786 ], [ -119.526443, 35.789452 ], [ -119.538116, 35.789567 ], [ -119.573453, 35.789538 ], [ -119.579295001, 35.789516 ], [ -119.57949199899997, 35.789508999000077 ], [ -119.617874, 35.789689 ], [ -119.625957, 35.789494 ], [ -119.646596998999939, 35.790423 ], [ -119.688879, 35.790365999000073 ], [ -119.715759, 35.79034 ], [ -119.717922, 35.790408 ], [ -119.752935, 35.790262 ], [ -119.768572, 35.790198 ], [ -119.768599000999984, 35.790231 ], [ -119.774815, 35.790135 ], [ -119.77914, 35.790067001000068 ], [ -119.784701, 35.789885 ], [ -119.790376, 35.789795001000073 ], [ -119.799509998999952, 35.789724999000043 ], [ -119.808153, 35.789556 ], [ -119.826044, 35.789348 ], [ -119.849804, 35.789233001000071 ], [ -119.868428, 35.789119 ], [ -119.869135, 35.789117999000041 ], [ -119.870729, 35.789117999000041 ], [ -119.888592998999968, 35.78912 ], [ -119.92166, 35.7896 ], [ -119.969527, 35.789498 ], [ -119.983203, 35.789356 ], [ -119.983315, 35.789379 ], [ -120.058726, 35.788845 ], [ -120.081549, 35.788811 ], [ -120.194146, 35.789204 ], [ -120.213979, 35.789276 ], [ -120.250290998999958, 35.789428001000033 ], [ -120.250979, 35.788977 ], [ -120.418217, 35.789959 ], [ -120.425644000999966, 35.789961 ], [ -120.581447998999977, 35.790830001000074 ], [ -120.58372400099995, 35.790830001000074 ], [ -120.653147, 35.790872001000025 ], [ -120.658273, 35.790861 ], [ -120.725075998999955, 35.791111 ], [ -120.731439, 35.791118 ], [ -120.731823000999952, 35.791119 ], [ -120.731898, 35.791119 ], [ -120.761452, 35.791429 ], [ -120.765328, 35.791482 ], [ -120.912816, 35.792259 ], [ -120.915335, 35.792275001000064 ], [ -120.931602998999949, 35.792381 ], [ -120.99486, 35.792835 ], [ -121.036833, 35.792776 ], [ -121.042254, 35.792801 ], [ -121.114454, 35.79331 ], [ -121.126028, 35.793941 ], [ -121.18490000099996, 35.794158 ], [ -121.217337999, 35.794279 ], [ -121.243778000999953, 35.794525 ], [ -121.284794998999985, 35.794802 ], [ -121.319549, 35.795017 ], [ -121.346365, 35.795183999000074 ], [ -121.35129, 35.799459 ], [ -121.354053, 35.801858 ], [ -121.356736998999963, 35.804187 ], [ -121.358773, 35.805440999000041 ], [ -121.364232, 35.808805 ], [ -121.373528998999973, 35.814534 ], [ -121.382568000999981, 35.820103 ], [ -121.388053, 35.823483 ], [ -121.39273, 35.82875 ], [ -121.406823, 35.844623 ], [ -121.407970998999986, 35.846564 ], [ -121.413146000999973, 35.855316 ], [ -121.423064, 35.858754 ], [ -121.426854, 35.860068 ], [ -121.426955, 35.860102999000048 ], [ -121.439584, 35.866949999000042 ], [ -121.446514, 35.872654 ], [ -121.458117, 35.882203999000069 ], [ -121.462264, 35.885618 ], [ -121.461515, 35.893773 ], [ -121.461242, 35.896742 ], [ -121.461226998999962, 35.896906 ], [ -121.462029, 35.899614 ], [ -121.463345, 35.904055 ], [ -121.463452, 35.904416 ], [ -121.472435000999951, 35.91989 ], [ -121.472891, 35.921563 ], [ -121.472904, 35.921607 ], [ -121.47905099899998, 35.944141 ], [ -121.4862, 35.970348 ], [ -121.489916998999945, 35.97693 ], [ -121.495128, 35.986159 ], [ -121.498457, 35.992056 ], [ -121.501048, 35.996644 ], [ -121.502642, 35.999468 ], [ -121.503112000999977, 36.000299 ], [ -121.51159, 36.006598 ], [ -121.51394, 36.007498 ], [ -121.531876, 36.014368 ], [ -121.553716, 36.019798 ], [ -121.569612, 36.021539 ], [ -121.57460200099996, 36.025156 ], [ -121.590395, 36.050363 ], [ -121.589183, 36.053775 ], [ -121.592853, 36.065062 ], [ -121.606844998999975, 36.072065 ], [ -121.618672, 36.087767 ], [ -121.622009000999981, 36.099695 ], [ -121.629634, 36.114452 ], [ -121.680145, 36.165818 ], [ -121.717176, 36.195145999000033 ], [ -121.738131, 36.205932 ], [ -121.779851, 36.227407 ], [ -121.797059, 36.234211 ], [ -121.806979, 36.232907 ], [ -121.813734000999943, 36.234235 ], [ -121.826425, 36.24186 ], [ -121.835785, 36.250748 ], [ -121.83935, 36.260478 ], [ -121.851967, 36.277831 ], [ -121.858182, 36.280889001000048 ], [ -121.866787, 36.285123 ], [ -121.874796998999955, 36.289064 ], [ -121.882458, 36.296754 ], [ -121.888491, 36.30281 ], [ -121.888508, 36.302849999000045 ], [ -121.894714, 36.317806001000065 ], [ -121.89335, 36.334970999000063 ], [ -121.89335, 36.33498 ], [ -121.89335, 36.334981 ], [ -121.892917, 36.340428 ], [ -121.905446, 36.358269 ], [ -121.902669, 36.363901 ], [ -121.901813, 36.381879 ], [ -121.903195, 36.393603 ], [ -121.905657, 36.398206 ], [ -121.914378000999989, 36.404344 ], [ -121.917463, 36.414809 ], [ -121.91474, 36.42589 ], [ -121.9255, 36.453918 ], [ -121.92768, 36.457376 ], [ -121.934133, 36.467615 ], [ -121.937205, 36.472488 ], [ -121.940038, 36.480941 ], [ -121.9416, 36.485602 ], [ -121.939216, 36.496896 ], [ -121.938763, 36.50642300100003 ], [ -121.943678, 36.511802 ], [ -121.944666, 36.521861 ], [ -121.928769000999978, 36.523147 ], [ -121.925937, 36.525173 ], [ -121.926403, 36.527641 ], [ -121.929722, 36.545195 ], [ -121.929868, 36.545967 ], [ -121.932048000999941, 36.557500999000069 ], [ -121.932508, 36.559935001000042 ], [ -121.942533, 36.566435 ], [ -121.949659, 36.567602 ], [ -121.95146, 36.564009001000045 ], [ -121.957335, 36.564482001000044 ], [ -121.972594000999948, 36.57337 ], [ -121.975096, 36.576339 ], [ -121.978592, 36.580488001000049 ], [ -121.973375, 36.581936001000031 ], [ -121.971319, 36.582506 ], [ -121.970427, 36.582754 ], [ -121.963621000999979, 36.591108 ], [ -121.961722, 36.593439 ], [ -121.950924, 36.606695 ], [ -121.941666, 36.618059 ], [ -121.938551, 36.633908 ], [ -121.93643, 36.636746 ], [ -121.929666, 36.636959 ], [ -121.923865998999986, 36.634559 ], [ -121.91883299899996, 36.63078 ], [ -121.902352998999959, 36.618409 ], [ -121.890164, 36.609258999000076 ], [ -121.889064, 36.601759 ], [ -121.886764, 36.601458999000045 ], [ -121.878706, 36.603081 ], [ -121.871363998999982, 36.604559 ], [ -121.860604, 36.611136 ], [ -121.859080998999957, 36.612707 ], [ -121.858162, 36.613655 ], [ -121.842263, 36.630059 ], [ -121.831995, 36.644856 ], [ -121.825052, 36.657207 ], [ -121.814462, 36.682858 ], [ -121.807062, 36.714157 ], [ -121.806562, 36.726884 ], [ -121.805643, 36.750239 ], [ -121.805058, 36.752051 ], [ -121.792438001, 36.791115 ], [ -121.789454, 36.800354999000035 ], [ -121.788278, 36.803994 ], [ -121.789252, 36.807331 ], [ -121.78944, 36.807974 ], [ -121.791544, 36.815186 ], [ -121.802814998999963, 36.836355 ], [ -121.809363, 36.848654 ], [ -121.810552, 36.850648 ], [ -121.827664, 36.879353001000027 ], [ -121.839195, 36.896748 ], [ -121.862266, 36.931552 ], [ -121.866985, 36.93645500100007 ], [ -121.880167, 36.950151 ], [ -121.894667, 36.961850999000035 ], [ -121.906467998999972, 36.96895 ], [ -121.930069, 36.97815 ], [ -121.93947, 36.97805 ], [ -121.951669998999989, 36.97145 ], [ -121.951962, 36.971211 ], [ -121.954832, 36.968858 ], [ -121.964971, 36.960546 ], [ -121.966916, 36.958951 ], [ -121.972770998999977, 36.954151 ], [ -121.975871, 36.954051 ], [ -121.978787, 36.95575 ], [ -121.983896, 36.958727 ], [ -121.98560299899998, 36.959076 ], [ -121.986238, 36.959206 ], [ -121.996457, 36.961295 ], [ -122.00051, 36.962124 ], [ -122.006865, 36.963424 ], [ -122.012373000999958, 36.96455 ], [ -122.023373000999982, 36.96215 ], [ -122.024368000999971, 36.959271 ], [ -122.027174, 36.95115 ], [ -122.042022, 36.94945 ], [ -122.050122, 36.948523 ], [ -122.066420998999945, 36.94827100100008 ], [ -122.078445000999977, 36.950606 ], [ -122.099618, 36.954716 ], [ -122.105976, 36.955951 ], [ -122.110137000999941, 36.958236001000046 ], [ -122.11745, 36.962251 ], [ -122.120229, 36.963777 ], [ -122.124093, 36.965899001000025 ], [ -122.140578, 36.97495 ], [ -122.155078, 36.98085 ], [ -122.186879, 37.00345 ], [ -122.20618, 37.013949 ], [ -122.252181, 37.059448 ], [ -122.260480998999981, 37.072548 ], [ -122.284882, 37.101747 ], [ -122.293013, 37.107346 ], [ -122.306139, 37.116383 ], [ -122.313907, 37.118161 ], [ -122.322971, 37.11546 ], [ -122.330463, 37.115338 ], [ -122.337071, 37.117382 ], [ -122.338856, 37.120854 ], [ -122.337085, 37.130795 ], [ -122.337833, 37.135936 ], [ -122.344029, 37.144099 ], [ -122.359791, 37.155574001000048 ], [ -122.36179, 37.163593 ], [ -122.367085, 37.172817 ], [ -122.37927, 37.181128 ], [ -122.390598998999963, 37.182988 ], [ -122.397065, 37.187249 ], [ -122.405073, 37.195791 ], [ -122.407181, 37.219465 ], [ -122.408982, 37.225257999000064 ], [ -122.415822, 37.232839 ], [ -122.419113, 37.24147 ], [ -122.418452, 37.248521001000029 ], [ -122.411686, 37.265844 ], [ -122.407041, 37.297743999000033 ], [ -122.401323, 37.337009 ], [ -122.40085, 37.359225 ], [ -122.409258, 37.374805 ], [ -122.409375, 37.374952 ], [ -122.416806998999959, 37.384349999000051 ], [ -122.41812, 37.386009999000066 ], [ -122.423286, 37.392542 ], [ -122.438469, 37.42484 ], [ -122.438469, 37.424841 ], [ -122.443687, 37.435941 ], [ -122.445987, 37.461541 ], [ -122.447303, 37.465641 ], [ -122.452087, 37.48054 ], [ -122.461917, 37.491489001000048 ], [ -122.467888, 37.49814 ], [ -122.472388, 37.50054 ], [ -122.474754, 37.499506001000043 ], [ -122.474756, 37.499505001000045 ], [ -122.475276, 37.499278 ], [ -122.483485, 37.495691 ], [ -122.485888, 37.494641 ], [ -122.493789, 37.492341 ], [ -122.499289, 37.495341 ], [ -122.501089, 37.498031 ], [ -122.502367, 37.499941 ], [ -122.507674, 37.507869 ], [ -122.510642, 37.512305 ], [ -122.516689, 37.52134 ], [ -122.517319, 37.524876 ], [ -122.519533, 37.537301999000078 ], [ -122.519373, 37.537718 ], [ -122.516589, 37.544939 ], [ -122.514789, 37.546139 ], [ -122.513687998999956, 37.552239001000032 ], [ -122.518088, 37.576138 ], [ -122.517424, 37.58682 ], [ -122.517187, 37.590637 ], [ -122.511942, 37.593624999000042 ], [ -122.507612, 37.596091 ], [ -122.501386, 37.599637 ], [ -122.497279000999981, 37.610797 ], [ -122.497165, 37.611106 ], [ -122.496786, 37.612136 ], [ -122.495294, 37.629759 ], [ -122.494085, 37.644034999000041 ], [ -122.495378, 37.66434 ], [ -122.49543, 37.665161 ], [ -122.495615, 37.668065 ], [ -122.496784, 37.686433 ], [ -122.500527998999985, 37.700832 ], [ -122.501886000999946, 37.706055 ], [ -122.502427, 37.708132001000024 ], [ -122.506483, 37.723731 ], [ -122.507829, 37.735331 ], [ -122.509395, 37.74883 ], [ -122.5094, 37.748869 ], [ -122.511133998999981, 37.763811 ], [ -122.511983, 37.77113 ], [ -122.514483, 37.780829 ], [ -122.509855, 37.784604 ], [ -122.50531, 37.788312 ], [ -122.493, 37.787933001000056 ], [ -122.49288299899996, 37.787929 ], [ -122.48578299899998, 37.790629 ], [ -122.478083, 37.810828 ], [ -122.470336, 37.808671 ], [ -122.463792, 37.804653 ], [ -122.448261998999953, 37.807249 ], [ -122.44285999899995, 37.808152 ], [ -122.425942, 37.810979 ], [ -122.424232, 37.811022 ], [ -122.42029, 37.81112 ], [ -122.407452, 37.811441 ], [ -122.399658000999978, 37.806578001000048 ], [ -122.398138, 37.80563 ], [ -122.394391, 37.801272 ], [ -122.389818, 37.795952 ], [ -122.388562, 37.794491999000059 ], [ -122.385591, 37.791036 ], [ -122.385323000999961, 37.790724 ], [ -122.384064, 37.783312 ], [ -122.381357, 37.767375 ], [ -122.379003, 37.753515001000039 ], [ -122.367593, 37.740002 ], [ -122.373859, 37.739695 ], [ -122.373404, 37.738474 ], [ -122.367428998999969, 37.738253 ], [ -122.373921, 37.737178 ], [ -122.375888000999964, 37.735177 ], [ -122.375853998999958, 37.734979 ], [ -122.372162001, 37.734217 ], [ -122.370094, 37.732331 ], [ -122.370089, 37.732336 ], [ -122.369621, 37.732845999000062 ], [ -122.367696, 37.734943 ], [ -122.367687, 37.734942 ], [ -122.365478, 37.734621 ], [ -122.356784, 37.729505 ], [ -122.361749, 37.715009 ], [ -122.370410998999944, 37.717572001000065 ], [ -122.375206, 37.715458 ], [ -122.391373998999939, 37.708331 ], [ -122.393189998999958, 37.707530999000028 ], [ -122.387626000999944, 37.67905999900006 ], [ -122.380246, 37.669733 ], [ -122.374291, 37.662206001000072 ], [ -122.3756, 37.652389 ], [ -122.377891, 37.650425 ], [ -122.387381, 37.648462 ], [ -122.386072, 37.637662 ], [ -122.381734, 37.635252 ], [ -122.365455, 37.626208 ], [ -122.35531, 37.615736001000073 ], [ -122.358583, 37.611154999000064 ], [ -122.370364, 37.614427 ], [ -122.373309, 37.613772999000048 ], [ -122.377878, 37.606633 ], [ -122.378545, 37.605592 ], [ -122.375658, 37.603529 ], [ -122.360219, 37.592501 ], [ -122.359068, 37.592457 ], [ -122.333897, 37.591489 ], [ -122.317676001, 37.590865 ], [ -122.315385, 37.58726499900007 ], [ -122.315711998999973, 37.583666 ], [ -122.305895000999953, 37.575484 ], [ -122.303669000999946, 37.575348999000028 ], [ -122.297012, 37.574946 ], [ -122.288278, 37.574417 ], [ -122.263024, 37.572886 ], [ -122.262698, 37.572866 ], [ -122.262115000999984, 37.572513 ], [ -122.256964, 37.569391 ], [ -122.251899, 37.566320999000027 ], [ -122.250929, 37.565268 ], [ -122.249557, 37.563776 ], [ -122.244371998999952, 37.55814 ], [ -122.242851998999981, 37.557149 ], [ -122.240048, 37.55532 ], [ -122.234483, 37.551691001000052 ], [ -122.225185, 37.545627001000071 ], [ -122.223273, 37.54438 ], [ -122.214264, 37.538505 ], [ -122.196593, 37.537196 ], [ -122.194957, 37.522469 ], [ -122.168449, 37.504143 ], [ -122.163123, 37.502914 ], [ -122.155686, 37.501198 ], [ -122.149632, 37.502671 ], [ -122.140142, 37.507907 ], [ -122.130979, 37.503652 ], [ -122.127706, 37.500053 ], [ -122.125723, 37.500965 ], [ -122.116116, 37.505384 ], [ -122.111344, 37.507579 ], [ -122.111433, 37.510497 ], [ -122.111998, 37.528851 ], [ -122.128688, 37.560594 ], [ -122.131512, 37.56183 ], [ -122.133924, 37.562885 ], [ -122.137524, 37.567467 ], [ -122.144396, 37.581866 ], [ -122.147014, 37.588411 ], [ -122.145378000999983, 37.600846 ], [ -122.146359, 37.607390999000074 ], [ -122.152905000999965, 37.640771 ], [ -122.162751000999947, 37.667135 ], [ -122.163049, 37.667933 ], [ -122.17090400099994, 37.676114 ], [ -122.179085, 37.680041 ], [ -122.197217, 37.692669 ], [ -122.197410998999942, 37.692804 ], [ -122.203971, 37.697769 ], [ -122.20412099899994, 37.697783 ], [ -122.213772998999957, 37.698695 ], [ -122.221628, 37.705567 ], [ -122.246826000999988, 37.72193 ], [ -122.250043001, 37.726755001000072 ], [ -122.255989, 37.735673999000028 ], [ -122.257017, 37.73773 ], [ -122.257953, 37.739601 ], [ -122.257134, 37.745001 ], [ -122.252226, 37.747619 ], [ -122.250908, 37.748103 ], [ -122.248526, 37.748977 ], [ -122.244938, 37.750294 ], [ -122.242638, 37.753744 ], [ -122.244013, 37.754667999000048 ], [ -122.247957, 37.75732 ], [ -122.253452, 37.761015 ], [ -122.253753, 37.761218 ], [ -122.262117, 37.764006001000041 ], [ -122.264101, 37.764667 ], [ -122.272023, 37.766547 ], [ -122.275408, 37.76735 ], [ -122.279323, 37.768119 ], [ -122.286139, 37.769458 ], [ -122.29148, 37.770109 ], [ -122.293996, 37.770416 ], [ -122.304345, 37.774632 ], [ -122.318908998999973, 37.77904 ], [ -122.329168, 37.783176001000072 ], [ -122.33079, 37.78383 ], [ -122.330959, 37.78598899900004 ], [ -122.331748, 37.796052 ], [ -122.33555, 37.79953800100003 ], [ -122.335675, 37.799652 ], [ -122.333710998999948, 37.809797001000049 ], [ -122.333311, 37.810327 ], [ -122.323566998999979, 37.823214 ], [ -122.317676001, 37.826814 ], [ -122.306222, 37.827468999000075 ], [ -122.303931, 37.830087 ], [ -122.303319, 37.834217999000032 ], [ -122.301386, 37.84727 ], [ -122.30131400099998, 37.847758 ], [ -122.310477000999981, 37.873938 ], [ -122.310271, 37.88183 ], [ -122.310108000999946, 37.888086 ], [ -122.309986, 37.892755001000069 ], [ -122.313258, 37.89701 ], [ -122.313525, 37.897235 ], [ -122.32373, 37.905845 ], [ -122.333706, 37.908566 ], [ -122.33453, 37.908790999000075 ], [ -122.35711, 37.908790999000075 ], [ -122.360722998999961, 37.905629999000041 ], [ -122.362346, 37.904209 ], [ -122.367582, 37.903882 ], [ -122.378709, 37.905191 ], [ -122.385908000999962, 37.908136 ], [ -122.389181, 37.9101 ], [ -122.390490000999989, 37.922535 ], [ -122.390776, 37.922821 ], [ -122.395071, 37.927117001000056 ], [ -122.401289, 37.928425999000069 ], [ -122.413725, 37.937262 ], [ -122.417370998999957, 37.943513 ], [ -122.430087, 37.963115001000062 ], [ -122.42976, 37.965405 ], [ -122.415361, 37.963115001000062 ], [ -122.411761, 37.960497 ], [ -122.408383, 37.957544 ], [ -122.400870998999949, 37.952457 ], [ -122.399771, 37.953426001000025 ], [ -122.391992, 37.955548 ], [ -122.393669, 37.960681001000069 ], [ -122.395685, 37.964191 ], [ -122.39579, 37.969455 ], [ -122.388509, 37.969481999000038 ], [ -122.388326, 37.971446 ], [ -122.379604, 37.971708 ], [ -122.373658, 37.971708 ], [ -122.367582, 37.978168 ], [ -122.361904, 37.989991 ], [ -122.363000998999951, 37.994375 ], [ -122.366928, 37.998457999000038 ], [ -122.368890998999973, 38.007948 ], [ -122.367909000999987, 38.01253 ], [ -122.363655, 38.014166 ], [ -122.359493, 38.009941 ], [ -122.340093, 38.003694 ], [ -122.331911, 38.00533 ], [ -122.33152, 38.005603 ], [ -122.331362, 38.005713 ], [ -122.33132, 38.005742 ], [ -122.324879, 38.010232 ], [ -122.321112, 38.012857 ], [ -122.315549, 38.01351100100004 ], [ -122.299852, 38.010352001000058 ], [ -122.297371, 38.014164 ], [ -122.291782998999963, 38.01696799900003 ], [ -122.289664, 38.019812999000067 ], [ -122.29029, 38.021971 ], [ -122.289926998999988, 38.022475 ], [ -122.288252, 38.022092 ], [ -122.286980998999979, 38.021346 ], [ -122.285287, 38.021426 ], [ -122.282846, 38.022232999000039 ], [ -122.273331, 38.033465999000043 ], [ -122.268389, 38.038722 ], [ -122.267206, 38.03998 ], [ -122.266434, 38.040801 ], [ -122.263708, 38.043699999000069 ], [ -122.262861, 38.0446 ], [ -122.262861, 38.046976 ], [ -122.262861, 38.051473 ], [ -122.266669, 38.06007 ], [ -122.273006, 38.07437999900003 ], [ -122.282824001, 38.082889 ], [ -122.301803998999958, 38.105142 ], [ -122.313182, 38.114186 ], [ -122.314567, 38.115287 ], [ -122.322068998999953, 38.119085 ], [ -122.348599, 38.132518 ], [ -122.366273000999968, 38.141467 ], [ -122.396380000999955, 38.149976 ], [ -122.403513, 38.150624 ], [ -122.40358, 38.15063 ], [ -122.409797, 38.136231001000056 ], [ -122.432571, 38.121466 ], [ -122.439577, 38.116923 ], [ -122.442025, 38.116774999000029 ], [ -122.448975, 38.116354 ], [ -122.450377, 38.116269 ], [ -122.450731, 38.116471 ], [ -122.451258, 38.116772001000072 ], [ -122.454958, 38.118887 ], [ -122.455875, 38.118764 ], [ -122.484411000999955, 38.114959999000064 ], [ -122.489973998999972, 38.112014 ], [ -122.490743, 38.109707 ], [ -122.491282998999964, 38.108087 ], [ -122.491116, 38.106661 ], [ -122.49037, 38.100322 ], [ -122.489973998999972, 38.096961 ], [ -122.48878, 38.094452 ], [ -122.486702, 38.090088 ], [ -122.483757, 38.071762001000025 ], [ -122.485514, 38.068586 ], [ -122.485518, 38.068578 ], [ -122.488955, 38.062364999000067 ], [ -122.490941, 38.058774999000036 ], [ -122.491977, 38.056902 ], [ -122.492265, 38.056381 ], [ -122.492876000999956, 38.054325001000052 ], [ -122.494869998999945, 38.047619 ], [ -122.494873, 38.047608 ], [ -122.499465, 38.032165 ], [ -122.497828000999959, 38.019402 ], [ -122.496106, 38.017163 ], [ -122.49605, 38.01709 ], [ -122.494868998999948, 38.015555 ], [ -122.494555998999942, 38.015148 ], [ -122.481466000999944, 38.007621001000075 ], [ -122.47840999899995, 38.006924 ], [ -122.477468, 38.006709 ], [ -122.471941, 38.005448 ], [ -122.466466, 38.0042 ], [ -122.462812, 38.003367 ], [ -122.462217, 38.00293 ], [ -122.454509, 37.997278 ], [ -122.453479, 37.996522 ], [ -122.452995, 37.996167 ], [ -122.451301, 37.993264 ], [ -122.448413, 37.988313 ], [ -122.448413, 37.984713 ], [ -122.456595, 37.978823 ], [ -122.462485, 37.981441 ], [ -122.471975999, 37.981768 ], [ -122.475558, 37.978536 ], [ -122.475841, 37.978282 ], [ -122.475861, 37.978264 ], [ -122.476492, 37.977694 ], [ -122.477835, 37.976483 ], [ -122.478901998999959, 37.975521 ], [ -122.479638, 37.974856 ], [ -122.484113, 37.970821 ], [ -122.484465, 37.970503 ], [ -122.484779, 37.970219999000051 ], [ -122.488665, 37.966714 ], [ -122.490302, 37.964751 ], [ -122.490302, 37.959188 ], [ -122.487683, 37.948716 ], [ -122.480484, 37.945443 ], [ -122.479786, 37.94335 ], [ -122.479175, 37.941516 ], [ -122.48572, 37.937589 ], [ -122.489309, 37.938016 ], [ -122.490434, 37.93815 ], [ -122.498652, 37.939128 ], [ -122.499465, 37.939225 ], [ -122.503064, 37.936607 ], [ -122.503064, 37.928753 ], [ -122.493574, 37.921881 ], [ -122.486374, 37.921881 ], [ -122.48349, 37.920727 ], [ -122.479205, 37.919013 ], [ -122.478193000999966, 37.918608 ], [ -122.472805, 37.911518999000066 ], [ -122.471975999, 37.910426999000038 ], [ -122.472005, 37.90970400100008 ], [ -122.472097, 37.907511 ], [ -122.472241000999986, 37.904047 ], [ -122.472271, 37.903335 ], [ -122.472297, 37.90271 ], [ -122.472303000999943, 37.902573 ], [ -122.469624, 37.900915 ], [ -122.461032, 37.895596 ], [ -122.460131, 37.895038 ], [ -122.458558, 37.894064 ], [ -122.448631998999986, 37.893424 ], [ -122.448413, 37.89341 ], [ -122.43925, 37.88392 ], [ -122.439027, 37.883248 ], [ -122.438393, 37.881349 ], [ -122.438268, 37.880974 ], [ -122.43866, 37.880648 ], [ -122.441135, 37.878585 ], [ -122.443536, 37.876585 ], [ -122.45005, 37.871157 ], [ -122.454498, 37.870315 ], [ -122.462158, 37.868866 ], [ -122.474266, 37.874429 ], [ -122.480810998999971, 37.873447 ], [ -122.481684, 37.87192 ], [ -122.483429, 37.868866 ], [ -122.483296, 37.866874 ], [ -122.483102, 37.863957 ], [ -122.482832, 37.862677 ], [ -122.481794, 37.857753 ], [ -122.480335, 37.850833 ], [ -122.479173, 37.845321 ], [ -122.476681, 37.833502 ], [ -122.476473, 37.832513 ], [ -122.479151, 37.825428 ], [ -122.483483, 37.82672799900007 ], [ -122.492364000999942, 37.824863 ], [ -122.505383, 37.822128 ], [ -122.523585, 37.824828 ], [ -122.537284998999951, 37.830328 ], [ -122.540581, 37.83199 ], [ -122.548986, 37.836227 ], [ -122.555444, 37.844286 ], [ -122.558401, 37.847976 ], [ -122.558421, 37.848001001000057 ], [ -122.558447, 37.848034 ], [ -122.561487, 37.851827 ], [ -122.566884, 37.853578999000035 ], [ -122.571993, 37.855236 ], [ -122.579876, 37.857794999000077 ], [ -122.580849, 37.85811 ], [ -122.584289, 37.859227 ], [ -122.589922, 37.864494 ], [ -122.598773998999945, 37.872773 ], [ -122.599805, 37.873737 ], [ -122.60129, 37.875126 ], [ -122.602281001, 37.875546 ], [ -122.602431, 37.87561 ], [ -122.626669, 37.885892 ], [ -122.627113, 37.88608 ], [ -122.628807, 37.887564 ], [ -122.639977000999977, 37.897349 ], [ -122.656519, 37.904519 ], [ -122.673072, 37.906091 ], [ -122.677773001, 37.906537 ], [ -122.678474, 37.906603999000026 ], [ -122.682171, 37.90645 ], [ -122.69221, 37.9018 ], [ -122.693172, 37.90135500100007 ], [ -122.693569, 37.901171 ], [ -122.693755, 37.90102 ], [ -122.70022199899995, 37.895779 ], [ -122.702639998999985, 37.89382 ], [ -122.710653, 37.897332 ], [ -122.71625, 37.899785 ], [ -122.716545, 37.899914 ], [ -122.727297, 37.904626 ], [ -122.732898000999967, 37.920225 ], [ -122.736898, 37.925825 ], [ -122.754606, 37.935527 ], [ -122.766138, 37.938004 ], [ -122.783244, 37.951334 ], [ -122.791739, 37.969422 ], [ -122.797405, 37.976656999000056 ], [ -122.821383, 37.996735 ], [ -122.856573, 38.016717 ], [ -122.882113998999955, 38.025273 ], [ -122.939711, 38.031908 ], [ -122.956811, 38.02872 ], [ -122.972378, 38.020247 ], [ -122.981776, 38.009119 ], [ -122.982386, 38.004274 ], [ -122.980147, 38.00083 ], [ -122.976764, 37.99568 ], [ -122.97439, 37.992429 ], [ -123.024066, 37.994878 ], [ -123.020562, 37.999544 ], [ -123.016303, 38.00169100100004 ], [ -123.011533, 38.003438 ], [ -122.99242, 38.041758 ], [ -122.960889, 38.112962 ], [ -122.952086, 38.138562 ], [ -122.949074, 38.154059999000026 ], [ -122.949626000999956, 38.164041001000044 ], [ -122.953628998999989, 38.17567 ], [ -122.965408, 38.187113 ], [ -122.96637, 38.198514 ], [ -122.968112, 38.202428 ], [ -122.991953, 38.233185 ], [ -122.993959, 38.237602 ], [ -122.993235, 38.239686 ], [ -122.987149, 38.237538 ], [ -122.978001, 38.240168 ], [ -122.968794001, 38.242814 ], [ -122.968568998999956, 38.242879 ], [ -122.967743999, 38.247595 ], [ -122.967233000999954, 38.250521 ], [ -122.967203, 38.250690999000028 ], [ -122.967686, 38.251532999000062 ], [ -122.973968, 38.262476 ], [ -122.977082, 38.267902 ], [ -122.977563, 38.268176 ], [ -122.986319, 38.273164 ], [ -122.994603, 38.283096 ], [ -122.997106, 38.289458001000071 ], [ -123.002912, 38.295709 ], [ -123.003169, 38.295986 ], [ -123.004122, 38.297012 ], [ -123.010794, 38.30148900100005 ], [ -123.024333000999945, 38.310573 ], [ -123.037130998999942, 38.31324 ], [ -123.038742, 38.313576 ], [ -123.039937, 38.313296 ], [ -123.051061, 38.310693 ], [ -123.052783, 38.307149 ], [ -123.053359, 38.305964 ], [ -123.053475998999943, 38.305722001000049 ], [ -123.052573, 38.303565 ], [ -123.052459, 38.303292 ], [ -123.052256, 38.302807 ], [ -123.052083, 38.302393 ], [ -123.052021, 38.302246 ], [ -123.052381, 38.301551 ], [ -123.053438, 38.299513 ], [ -123.053504, 38.299385001000076 ], [ -123.055447, 38.298962 ], [ -123.058057, 38.298395 ], [ -123.058239, 38.298355 ], [ -123.058579000999941, 38.298594 ], [ -123.063044, 38.301737 ], [ -123.063671, 38.302178 ], [ -123.064369, 38.303471 ], [ -123.064853, 38.304367 ], [ -123.068905, 38.311871 ], [ -123.074684, 38.322573999000042 ], [ -123.074561, 38.322823 ], [ -123.068436998999971, 38.335210001000064 ], [ -123.068265, 38.359865 ], [ -123.085572000999946, 38.390525 ], [ -123.103706, 38.415541 ], [ -123.122379, 38.437314 ], [ -123.12756, 38.447847 ], [ -123.128825, 38.450418 ], [ -123.139357998999969, 38.456166 ], [ -123.145325, 38.459422 ], [ -123.164483, 38.473515999000028 ], [ -123.165039000999968, 38.473925 ], [ -123.16642799899995, 38.474947 ], [ -123.173513, 38.478775 ], [ -123.199775, 38.492962 ], [ -123.202277, 38.494314 ], [ -123.204313, 38.495031 ], [ -123.205345, 38.495394 ], [ -123.23069, 38.504318 ], [ -123.247518, 38.510243 ], [ -123.249797, 38.511045 ], [ -123.254025000999945, 38.514347 ], [ -123.258249, 38.517646 ], [ -123.280794, 38.535254001000055 ], [ -123.287156, 38.540223 ], [ -123.288603, 38.54069 ], [ -123.295760998999981, 38.543003 ], [ -123.297151, 38.543452 ], [ -123.298329000999956, 38.544201 ], [ -123.299083998999947, 38.544681 ], [ -123.331899, 38.565542 ], [ -123.339066, 38.580871 ], [ -123.343338, 38.590008 ], [ -123.349454, 38.596633 ], [ -123.349612, 38.596805 ], [ -123.371876, 38.607235 ], [ -123.372266, 38.608009 ], [ -123.373749, 38.610946 ], [ -123.37612, 38.61564499900004 ], [ -123.379303, 38.621953 ], [ -123.381873, 38.625372001000073 ], [ -123.398166, 38.647044 ], [ -123.40301, 38.649449 ], [ -123.405663, 38.656729 ], [ -123.421498, 38.674522 ], [ -123.43272000099995, 38.687131 ], [ -123.435788, 38.691405001000078 ], [ -123.439993, 38.697262 ], [ -123.441551, 38.699434 ], [ -123.441774, 38.699744 ], [ -123.460345, 38.716165 ], [ -123.461291, 38.717001 ], [ -123.466902, 38.719972 ], [ -123.490020998999967, 38.732213 ], [ -123.510183999, 38.740154 ], [ -123.514784, 38.741966 ], [ -123.52053, 38.748525 ], [ -123.525152, 38.753801 ], [ -123.533535, 38.768408 ], [ -123.53388, 38.768755 ], [ -123.534303, 38.769180999000071 ], [ -123.541837, 38.776764 ], [ -123.571987, 38.798189 ], [ -123.577456, 38.801418 ], [ -123.579856000999939, 38.802835 ], [ -123.580503000999954, 38.802837 ], [ -123.584746, 38.802851 ], [ -123.58638, 38.802857 ], [ -123.600220998999987, 38.814115 ], [ -123.601569, 38.81899 ], [ -123.605317, 38.822765 ], [ -123.612713, 38.82744800100005 ], [ -123.63863700099995, 38.843865 ], [ -123.642676, 38.844005 ], [ -123.645093, 38.844758 ], [ -123.645129, 38.844769 ], [ -123.647387, 38.845472 ], [ -123.652212, 38.854582 ], [ -123.654696, 38.865638 ], [ -123.659846, 38.872529 ], [ -123.688098998999976, 38.893594 ], [ -123.704146998999988, 38.907636 ], [ -123.71054, 38.91323 ], [ -123.714846, 38.914452 ], [ -123.723805, 38.916995 ], [ -123.725367, 38.917438 ], [ -123.725377, 38.917489001000035 ], [ -123.725574, 38.918542001000048 ], [ -123.725576000999979, 38.91855 ], [ -123.727629998999987, 38.929500001000065 ], [ -123.727262, 38.931421 ], [ -123.726315000999989, 38.936367 ], [ -123.738886, 38.954119 ], [ -123.73383, 38.954857 ], [ -123.732892, 38.954994 ], [ -123.729053, 38.956667001000028 ], [ -123.721347, 38.963879 ], [ -123.711149, 38.977316 ], [ -123.6969, 39.004401 ], [ -123.690740001, 39.021293 ], [ -123.690095, 39.031157 ], [ -123.693969, 39.057363 ], [ -123.710751, 39.101478 ], [ -123.711076, 39.102335 ], [ -123.713392, 39.108422 ], [ -123.720304, 39.122824 ], [ -123.721505, 39.125327 ], [ -123.726271, 39.130055 ], [ -123.726926998999943, 39.130706 ], [ -123.735936, 39.139644 ], [ -123.737913, 39.143442 ], [ -123.742221, 39.164885001000073 ], [ -123.756483001, 39.18516 ], [ -123.76101, 39.191595 ], [ -123.76182, 39.191936999000063 ], [ -123.765891, 39.193657 ], [ -123.769854, 39.201676 ], [ -123.774998, 39.212083 ], [ -123.777368, 39.237214 ], [ -123.779249998999944, 39.242062 ], [ -123.782532, 39.250517 ], [ -123.787893, 39.264327 ], [ -123.796399, 39.269714 ], [ -123.798991, 39.271355 ], [ -123.803348998999979, 39.27801 ], [ -123.803848, 39.278771 ], [ -123.803805, 39.278868 ], [ -123.801757, 39.28353 ], [ -123.803080998999974, 39.291747 ], [ -123.80637, 39.300093999000069 ], [ -123.811387, 39.312825 ], [ -123.8098, 39.319828999000038 ], [ -123.808771998999987, 39.324368 ], [ -123.817369000999975, 39.3388 ], [ -123.822085, 39.343857 ], [ -123.825331, 39.360814 ], [ -123.825860998999985, 39.365104 ], [ -123.826306, 39.36871 ], [ -123.822325, 39.379987 ], [ -123.821887, 39.406808999000077 ], [ -123.820013, 39.417154 ], [ -123.818076, 39.427847 ], [ -123.817238, 39.432471 ], [ -123.815964, 39.439505 ], [ -123.815042, 39.444593 ], [ -123.81469, 39.446538 ], [ -123.809643, 39.458638 ], [ -123.804286998999942, 39.471479 ], [ -123.795639, 39.492215 ], [ -123.795477, 39.492456999000069 ], [ -123.794869, 39.49337 ], [ -123.78417, 39.509419 ], [ -123.778521, 39.521477999000069 ], [ -123.777514998999948, 39.524095 ], [ -123.770481, 39.542386 ], [ -123.766474998999968, 39.552803 ], [ -123.766513, 39.553167999000038 ], [ -123.766619, 39.554182 ], [ -123.76721, 39.559852001000024 ], [ -123.767283, 39.560014 ], [ -123.770491, 39.567109999000024 ], [ -123.770527, 39.567189 ], [ -123.777301, 39.582173 ], [ -123.778412998999954, 39.584634 ], [ -123.787417, 39.60455199900008 ], [ -123.78354, 39.609517 ], [ -123.782322, 39.621486 ], [ -123.785171, 39.648613 ], [ -123.78636, 39.659932 ], [ -123.792659000999947, 39.68412199900007 ], [ -123.797048, 39.691629 ], [ -123.804751, 39.704803 ], [ -123.808208, 39.710715 ], [ -123.824743998999963, 39.718128 ], [ -123.82954499899995, 39.723071 ], [ -123.831599, 39.730629 ], [ -123.834043000999941, 39.736324999000033 ], [ -123.834929, 39.738388 ], [ -123.835003, 39.738561 ], [ -123.835092, 39.738768 ], [ -123.838089, 39.752409 ], [ -123.83758, 39.765308 ], [ -123.83715, 39.776232 ], [ -123.839797, 39.795637 ], [ -123.846003, 39.814595 ], [ -123.851714, 39.832040999000071 ], [ -123.853764, 39.834100001000024 ], [ -123.881458, 39.845422 ], [ -123.907663998999965, 39.863028 ], [ -123.915142, 39.875313 ], [ -123.915853, 39.881114 ], [ -123.930047001, 39.909697 ], [ -123.954952, 39.922373 ], [ -123.959938, 39.932253 ], [ -123.962625, 39.937575 ], [ -123.962655, 39.937635001000046 ], [ -123.980031, 39.962458 ], [ -123.991534, 39.970152 ], [ -123.99586, 39.973045 ], [ -124.010533, 39.987803 ], [ -124.017575, 39.994885 ], [ -124.023929, 40.001275 ], [ -124.027237, 40.004602 ], [ -124.035904, 40.013319 ], [ -124.03684, 40.01382 ], [ -124.038399, 40.015389001000074 ], [ -124.041544, 40.016341 ], [ -124.042182000999958, 40.016683 ], [ -124.044502, 40.019279 ], [ -124.050102, 40.022289 ], [ -124.054901, 40.024448 ], [ -124.061096, 40.025749 ], [ -124.065498, 40.024681 ], [ -124.065725, 40.024189999000043 ], [ -124.068718, 40.021479 ], [ -124.072756, 40.022892 ], [ -124.072954, 40.023081 ], [ -124.073502, 40.02446 ], [ -124.074941, 40.024972 ], [ -124.075347, 40.025359 ], [ -124.0756, 40.026821 ], [ -124.077904, 40.02877 ], [ -124.079983, 40.029792 ], [ -124.080037998999956, 40.032504 ], [ -124.078102001, 40.03632 ], [ -124.079102, 40.037819001000059 ], [ -124.080138, 40.037546999000028 ], [ -124.080187, 40.039999 ], [ -124.079498, 40.064331 ], [ -124.081617998999945, 40.067867 ], [ -124.084547, 40.073532 ], [ -124.087601, 40.079849 ], [ -124.089404, 40.080944 ], [ -124.104289, 40.097007999000027 ], [ -124.109199, 40.103130001000068 ], [ -124.113403, 40.10593 ], [ -124.119202, 40.107651 ], [ -124.124298, 40.11087 ], [ -124.141197, 40.11734 ], [ -124.146459, 40.118009 ], [ -124.150986, 40.119163 ], [ -124.152397, 40.11993 ], [ -124.158798, 40.122299 ], [ -124.171791, 40.124587 ], [ -124.172378, 40.124804 ], [ -124.174039, 40.125419 ], [ -124.175903, 40.127021999000078 ], [ -124.179299, 40.127892 ], [ -124.181503, 40.129829 ], [ -124.187959000999967, 40.130637 ], [ -124.190895, 40.133936 ], [ -124.195503, 40.139721 ], [ -124.197223, 40.141046 ], [ -124.214895, 40.160902 ], [ -124.231095, 40.171581 ], [ -124.231343, 40.171696 ], [ -124.232399, 40.172871 ], [ -124.237503, 40.176529 ], [ -124.250198, 40.181259 ], [ -124.257202, 40.18399 ], [ -124.265601998999955, 40.189368999000067 ], [ -124.270599, 40.19432099900007 ], [ -124.275703, 40.198189 ], [ -124.280701, 40.199478 ], [ -124.28624, 40.202208 ], [ -124.291999, 40.205918 ], [ -124.297997, 40.211948 ], [ -124.301498, 40.212589 ], [ -124.321404, 40.227421 ], [ -124.321519, 40.22758 ], [ -124.324701, 40.232627 ], [ -124.326202, 40.236671 ], [ -124.327662, 40.237324999000066 ], [ -124.327691, 40.23737 ], [ -124.329513, 40.238153 ], [ -124.331001000999947, 40.238819 ], [ -124.330704, 40.23946 ], [ -124.341598, 40.243541999000058 ], [ -124.351601, 40.24995 ], [ -124.351898, 40.250591 ], [ -124.355499, 40.254909 ], [ -124.3563, 40.255340999000055 ], [ -124.360166, 40.257781 ], [ -124.361596, 40.259186 ], [ -124.362801, 40.261169 ], [ -124.362198, 40.267208 ], [ -124.363602, 40.275619 ], [ -124.361702, 40.278851 ], [ -124.361702, 40.280916 ], [ -124.360923, 40.282812 ], [ -124.357697, 40.289409999000043 ], [ -124.35652, 40.293532 ], [ -124.355437000999984, 40.296169 ], [ -124.349452999, 40.310738 ], [ -124.349297, 40.31097 ], [ -124.3479, 40.313980001000061 ], [ -124.347979, 40.314328 ], [ -124.347853, 40.314634 ], [ -124.348553000999971, 40.316864 ], [ -124.350098, 40.323688 ], [ -124.352035, 40.327956 ], [ -124.352754, 40.330248 ], [ -124.353124, 40.331425 ], [ -124.353241, 40.331546 ], [ -124.354037, 40.33237 ], [ -124.354301, 40.332951 ], [ -124.355281, 40.333657 ], [ -124.356595, 40.335016 ], [ -124.362796, 40.350046 ], [ -124.362886, 40.350916 ], [ -124.363349, 40.35540300100007 ], [ -124.3638, 40.3685 ], [ -124.365237, 40.373693001000049 ], [ -124.365325000999974, 40.374544 ], [ -124.365357, 40.374855 ], [ -124.365814, 40.375856 ], [ -124.365869000999965, 40.375977 ], [ -124.366302, 40.377541 ], [ -124.370796, 40.389179 ], [ -124.375000000999989, 40.39521 ], [ -124.376317, 40.395849999000063 ], [ -124.378172000999939, 40.397848 ], [ -124.378403, 40.39822 ], [ -124.37870400099996, 40.398421001000031 ], [ -124.379082, 40.398828 ], [ -124.382784, 40.401279 ], [ -124.384804, 40.403191 ], [ -124.387901, 40.40469 ], [ -124.387958, 40.404704999000046 ], [ -124.391122000999985, 40.4068 ], [ -124.394302000999971, 40.4133 ], [ -124.396599, 40.41481 ], [ -124.401299, 40.42062 ], [ -124.403603, 40.424511 ], [ -124.4021, 40.427509 ], [ -124.403, 40.42923 ], [ -124.403603, 40.43375 ], [ -124.409202000999983, 40.43742 ], [ -124.409484, 40.438632 ], [ -124.408601000999965, 40.443201 ], [ -124.396642000999975, 40.462119 ], [ -124.39605, 40.463520001000063 ], [ -124.395699, 40.464069 ], [ -124.394421000999955, 40.467376 ], [ -124.38494, 40.48982 ], [ -124.384297, 40.493578 ], [ -124.383903, 40.494598 ], [ -124.383301, 40.499111 ], [ -124.383339, 40.499177 ], [ -124.383224, 40.499851999000043 ], [ -124.386943, 40.504846999000051 ], [ -124.386902, 40.505322 ], [ -124.386906, 40.505345 ], [ -124.383134, 40.517939 ], [ -124.382675, 40.519146 ], [ -124.379096, 40.522864999000035 ], [ -124.378948, 40.52311 ], [ -124.378713, 40.5235 ], [ -124.377098, 40.524361 ], [ -124.374298, 40.528858 ], [ -124.369165, 40.539363 ], [ -124.363545, 40.548698 ], [ -124.362381, 40.551008 ], [ -124.347086, 40.581352 ], [ -124.3265, 40.61927 ], [ -124.3125, 40.641041 ], [ -124.311302, 40.6404 ], [ -124.313904, 40.637199 ], [ -124.315498, 40.631859 ], [ -124.313004, 40.628651 ], [ -124.308601, 40.62630099900008 ], [ -124.3088, 40.62738 ], [ -124.3125, 40.630581 ], [ -124.313599, 40.633789 ], [ -124.3125, 40.637409 ], [ -124.309403, 40.63678 ], [ -124.307403, 40.635059 ], [ -124.303497, 40.627579 ], [ -124.304901, 40.626949 ], [ -124.299896, 40.619240001000037 ], [ -124.297096, 40.618382 ], [ -124.281098, 40.62072 ], [ -124.278603, 40.619862 ], [ -124.2724, 40.619221 ], [ -124.2659, 40.621348999000077 ], [ -124.258399998999948, 40.620048 ], [ -124.251602, 40.62241 ], [ -124.249702, 40.62331 ], [ -124.2407, 40.62545 ], [ -124.236702, 40.624580001000027 ], [ -124.232002, 40.62159 ], [ -124.2314, 40.618389 ], [ -124.228897, 40.615809999000078 ], [ -124.226402, 40.614948001000073 ], [ -124.220801998999946, 40.615809999000078 ], [ -124.217101998999965, 40.615162 ], [ -124.213203, 40.612801 ], [ -124.207604, 40.612579 ], [ -124.203102, 40.613441 ], [ -124.198898, 40.61343 ], [ -124.196098, 40.61237 ], [ -124.196098, 40.609379 ], [ -124.198601, 40.605091 ], [ -124.196098, 40.600391 ], [ -124.1922, 40.599541 ], [ -124.191597, 40.59589 ], [ -124.188499, 40.59396 ], [ -124.185204000999988, 40.58947 ], [ -124.187103, 40.584339 ], [ -124.186409, 40.58313 ], [ -124.171478, 40.583637 ], [ -124.169701, 40.58411 ], [ -124.168602, 40.583469 ], [ -124.163597, 40.5854 ], [ -124.161301, 40.586891 ], [ -124.159897, 40.589882 ], [ -124.161003000999983, 40.59351 ], [ -124.161003000999983, 40.596081 ], [ -124.169998, 40.601429 ], [ -124.183502, 40.60572 ], [ -124.184601, 40.606158999000058 ], [ -124.191902, 40.609791 ], [ -124.193298, 40.61343 ], [ -124.201103000999979, 40.61557 ], [ -124.212601, 40.617290999000033 ], [ -124.225304000999984, 40.620731 ], [ -124.228897, 40.625641 ], [ -124.239799, 40.629509 ], [ -124.2323, 40.629921 ], [ -124.231102, 40.630562 ], [ -124.240402, 40.631 ], [ -124.245201, 40.629299 ], [ -124.250503998999989, 40.626518 ], [ -124.255501, 40.624119 ], [ -124.260902, 40.623279999000033 ], [ -124.263702000999956, 40.624759999000048 ], [ -124.267899, 40.629902 ], [ -124.271004, 40.63118 ], [ -124.273499, 40.635879 ], [ -124.2808, 40.639091001000054 ], [ -124.280998000999944, 40.64016 ], [ -124.2827, 40.639961 ], [ -124.285301, 40.638241 ], [ -124.290901, 40.636971 ], [ -124.293099, 40.641880001000061 ], [ -124.296501, 40.645519 ], [ -124.2967, 40.649151 ], [ -124.2976, 40.651932 ], [ -124.299797, 40.652988 ], [ -124.300102, 40.655140001000063 ], [ -124.295304, 40.655338001000075 ], [ -124.297302, 40.656840999000053 ], [ -124.2948, 40.660259 ], [ -124.289467, 40.665916 ], [ -124.290802, 40.668152 ], [ -124.291099, 40.67157 ], [ -124.293099, 40.670502 ], [ -124.306, 40.65065 ], [ -124.307999, 40.645530999000073 ], [ -124.307098998999948, 40.642109 ], [ -124.307701, 40.641041 ], [ -124.310799, 40.643181 ], [ -124.310492, 40.644709 ], [ -124.28925, 40.679416 ], [ -124.2509, 40.731392 ], [ -124.249004, 40.73435 ], [ -124.248406, 40.735166 ], [ -124.247549, 40.73662 ], [ -124.236603, 40.753700001000027 ], [ -124.2341, 40.756489 ], [ -124.2313, 40.753700001000027 ], [ -124.230201998999974, 40.750061 ], [ -124.228798, 40.748871 ], [ -124.225403, 40.748859 ], [ -124.226196, 40.748219 ], [ -124.227402, 40.747798999000054 ], [ -124.227897, 40.744179 ], [ -124.2285, 40.74268 ], [ -124.229301000999953, 40.743751 ], [ -124.228798, 40.74482 ], [ -124.2285, 40.74567 ], [ -124.231598, 40.7463 ], [ -124.233498, 40.745461 ], [ -124.235802, 40.743759 ], [ -124.240799, 40.737770001000058 ], [ -124.243401, 40.73288 ], [ -124.249000998999975, 40.729469 ], [ -124.249802, 40.726909999000043 ], [ -124.252602, 40.724682 ], [ -124.253502000999958, 40.722118 ], [ -124.255699, 40.720409 ], [ -124.259101999, 40.715939 ], [ -124.259101999, 40.714218 ], [ -124.261902000999953, 40.712952 ], [ -124.262802, 40.708469 ], [ -124.260498, 40.707829 ], [ -124.260498, 40.706551 ], [ -124.266998, 40.702709 ], [ -124.266998, 40.701431 ], [ -124.262199000999942, 40.699711 ], [ -124.261597, 40.698009 ], [ -124.260498, 40.69759 ], [ -124.244003, 40.694672 ], [ -124.2313, 40.69017 ], [ -124.229697999, 40.686539 ], [ -124.226898, 40.68589 ], [ -124.2257, 40.684399 ], [ -124.223198, 40.684399 ], [ -124.219299, 40.686958 ], [ -124.21990200099998, 40.688881 ], [ -124.2229, 40.690811 ], [ -124.221199, 40.69315 ], [ -124.221001, 40.69593 ], [ -124.2229, 40.699558 ], [ -124.220398, 40.70105 ], [ -124.217598000999942, 40.701481 ], [ -124.215103, 40.7034 ], [ -124.217301, 40.703609 ], [ -124.215103, 40.705528 ], [ -124.212303, 40.704891 ], [ -124.2117, 40.705959 ], [ -124.211998, 40.707878 ], [ -124.217301, 40.71471 ], [ -124.2164, 40.71664 ], [ -124.218399000999966, 40.718128 ], [ -124.220703000999947, 40.720909 ], [ -124.223701, 40.723259 ], [ -124.221801998999979, 40.724751 ], [ -124.220398, 40.72731 ], [ -124.219497998999941, 40.729439 ], [ -124.217499, 40.73072 ], [ -124.214699, 40.736271 ], [ -124.216101998999989, 40.73819 ], [ -124.217499, 40.736481 ], [ -124.2192, 40.736271 ], [ -124.220596, 40.737549 ], [ -124.2192, 40.7397 ], [ -124.216202, 40.74202 ], [ -124.205498, 40.743938 ], [ -124.199600000999965, 40.7495 ], [ -124.198196, 40.751781 ], [ -124.197601, 40.755199 ], [ -124.199799, 40.76141 ], [ -124.203499000999955, 40.766548 ], [ -124.202904, 40.772331 ], [ -124.199203, 40.773399 ], [ -124.198097000999951, 40.772541 ], [ -124.200104, 40.772110001000044 ], [ -124.198097000999951, 40.771042 ], [ -124.200104, 40.768261 ], [ -124.200104, 40.766121 ], [ -124.198097000999951, 40.764191 ], [ -124.197303998999985, 40.760342 ], [ -124.196198, 40.761189 ], [ -124.197303998999985, 40.764832 ], [ -124.198402, 40.766331 ], [ -124.198402, 40.76762 ], [ -124.196502998999961, 40.767399 ], [ -124.194199, 40.77618 ], [ -124.193604, 40.78046 ], [ -124.186897, 40.787090001000024 ], [ -124.187400998999976, 40.79052 ], [ -124.188301, 40.79224 ], [ -124.183701000999974, 40.79929 ], [ -124.179001, 40.802711001000034 ], [ -124.1781, 40.80164 ], [ -124.175903, 40.803989 ], [ -124.170303, 40.805697999000074 ], [ -124.162101998999958, 40.806129 ], [ -124.157401998999944, 40.806992 ], [ -124.149918, 40.810226 ], [ -124.145836000999964, 40.810978 ], [ -124.145302, 40.81126 ], [ -124.142799, 40.810841 ], [ -124.1315, 40.80571 ], [ -124.129601, 40.805697999000074 ], [ -124.126198, 40.80677 ], [ -124.124, 40.805489 ], [ -124.121399000999986, 40.80891 ], [ -124.119797, 40.809132 ], [ -124.114098, 40.814259 ], [ -124.111000000999979, 40.813831 ], [ -124.109596, 40.814041001000078 ], [ -124.105698, 40.814899 ], [ -124.105202, 40.816181 ], [ -124.103203, 40.815971001000037 ], [ -124.087998, 40.823448 ], [ -124.086304, 40.825161 ], [ -124.088302000999988, 40.826229001000058 ], [ -124.0849, 40.83136 ], [ -124.082397, 40.83094 ], [ -124.0821, 40.83329 ], [ -124.083801000999983, 40.834358 ], [ -124.082901, 40.83672 ], [ -124.083801000999983, 40.839489 ], [ -124.085503, 40.840561001000026 ], [ -124.084297, 40.843552 ], [ -124.0849, 40.845902 ], [ -124.083504, 40.84613 ], [ -124.085197, 40.847191 ], [ -124.0849, 40.84911 ], [ -124.090201998999987, 40.84848 ], [ -124.092201000999978, 40.850391 ], [ -124.091301, 40.85424 ], [ -124.093803, 40.853168 ], [ -124.094704, 40.854031 ], [ -124.097801, 40.854679 ], [ -124.101097000999971, 40.855309 ], [ -124.100799, 40.859169 ], [ -124.102799, 40.860229 ], [ -124.105103, 40.85767 ], [ -124.108101, 40.857658 ], [ -124.110702, 40.855309 ], [ -124.1157, 40.852531 ], [ -124.118797, 40.852741 ], [ -124.126404, 40.858299 ], [ -124.129204, 40.857868 ], [ -124.132004, 40.859580999000059 ], [ -124.132797, 40.861721 ], [ -124.1334, 40.86322 ], [ -124.134804, 40.864712 ], [ -124.139, 40.865139 ], [ -124.141441, 40.864391 ], [ -124.14727, 40.86153 ], [ -124.150497, 40.858089 ], [ -124.152496, 40.858089 ], [ -124.153602, 40.857868 ], [ -124.155296, 40.857021 ], [ -124.157303000999946, 40.85743 ], [ -124.157799, 40.858509 ], [ -124.158402, 40.857231 ], [ -124.157303000999946, 40.852531 ], [ -124.164299, 40.845051 ], [ -124.166199, 40.843349 ], [ -124.168198, 40.838631 ], [ -124.170798998999942, 40.835209 ], [ -124.169899000999976, 40.831581 ], [ -124.171097, 40.825161 ], [ -124.176697, 40.821308 ], [ -124.180603, 40.819389 ], [ -124.1801, 40.817039 ], [ -124.181701998999984, 40.81554 ], [ -124.183701000999974, 40.815109 ], [ -124.186501, 40.811909 ], [ -124.193901, 40.796291 ], [ -124.193001, 40.793720001000054 ], [ -124.200104, 40.782169 ], [ -124.210701, 40.773819 ], [ -124.211601, 40.771899999000027 ], [ -124.214104, 40.771679 ], [ -124.214996, 40.770401 ], [ -124.216904, 40.767399 ], [ -124.219704, 40.76569 ], [ -124.219497998999941, 40.76334 ], [ -124.221703, 40.75906 ], [ -124.223998998999946, 40.758850001000042 ], [ -124.231723, 40.763483 ], [ -124.228244, 40.76939 ], [ -124.218276, 40.782917 ], [ -124.218041, 40.783236 ], [ -124.216301, 40.784519 ], [ -124.204188, 40.802034 ], [ -124.201921, 40.805110999000078 ], [ -124.199451, 40.808885 ], [ -124.1913, 40.820671 ], [ -124.18260399899998, 40.834622 ], [ -124.180527, 40.837795001000075 ], [ -124.176715, 40.843618 ], [ -124.171853, 40.852195 ], [ -124.161321, 40.870779 ], [ -124.158322, 40.876069 ], [ -124.15694, 40.879299 ], [ -124.156424, 40.880503999000041 ], [ -124.151001, 40.890141 ], [ -124.14, 40.91449 ], [ -124.138, 40.921749 ], [ -124.132599, 40.937759 ], [ -124.13303, 40.939284 ], [ -124.132405, 40.941384 ], [ -124.132400998999969, 40.941390999000077 ], [ -124.120499, 40.975749999000072 ], [ -124.116798, 40.991322 ], [ -124.1148, 40.995159 ], [ -124.114601, 40.99963 ], [ -124.112297, 41.013031 ], [ -124.111396998999965, 41.023041 ], [ -124.112800000999982, 41.023041 ], [ -124.112800000999982, 41.024043 ], [ -124.112634, 41.025123 ], [ -124.112511, 41.02592 ], [ -124.111099, 41.028568 ], [ -124.112503001, 41.029419 ], [ -124.112800000999982, 41.03006 ], [ -124.113098, 41.031551 ], [ -124.114556, 41.031832 ], [ -124.120466998999973, 41.040880001000062 ], [ -124.120541, 41.040993 ], [ -124.120102, 41.040909 ], [ -124.120903, 41.0424 ], [ -124.121392, 41.042295 ], [ -124.125295, 41.04827 ], [ -124.125099, 41.048779 ], [ -124.1268, 41.049419 ], [ -124.126952, 41.049302 ], [ -124.127754, 41.049727 ], [ -124.12760100099996, 41.049839 ], [ -124.127965, 41.049839 ], [ -124.128286998999954, 41.050010001000032 ], [ -124.129153, 41.05047 ], [ -124.128998, 41.051121 ], [ -124.132698, 41.052601 ], [ -124.138603, 41.056648 ], [ -124.141097998999953, 41.05621 ], [ -124.14, 41.05579 ], [ -124.141898998999977, 41.056011 ], [ -124.141097998999953, 41.057071999000073 ], [ -124.143898, 41.05727 ], [ -124.143097, 41.05558 ], [ -124.145302, 41.05621 ], [ -124.147003, 41.054939 ], [ -124.147003, 41.05294 ], [ -124.147216, 41.052884 ], [ -124.147448, 41.052693 ], [ -124.148174, 41.052096 ], [ -124.148939, 41.051467 ], [ -124.149471, 41.051383 ], [ -124.149802, 41.051331 ], [ -124.151487, 41.051331 ], [ -124.153374, 41.053292 ], [ -124.151999998999941, 41.057071999000073 ], [ -124.150299, 41.05685 ], [ -124.148903, 41.058552001000066 ], [ -124.148697, 41.061951 ], [ -124.150001, 41.063229 ], [ -124.152603000999989, 41.063019 ], [ -124.153702, 41.063881 ], [ -124.153397, 41.065151 ], [ -124.152603000999989, 41.065578 ], [ -124.153099, 41.06451 ], [ -124.151199, 41.064079 ], [ -124.151999998999941, 41.06535 ], [ -124.151199, 41.06599 ], [ -124.151199, 41.065151 ], [ -124.150001, 41.06514 ], [ -124.150299, 41.066212 ], [ -124.152800998999965, 41.068119 ], [ -124.154161, 41.067377 ], [ -124.154162, 41.067416 ], [ -124.154513, 41.087159 ], [ -124.155296, 41.088695 ], [ -124.155296, 41.089169 ], [ -124.155899, 41.09066 ], [ -124.156457, 41.090971 ], [ -124.156459, 41.090976 ], [ -124.157117, 41.092266 ], [ -124.156998, 41.092361 ], [ -124.157339000999968, 41.092701 ], [ -124.159734, 41.097398 ], [ -124.160489, 41.100044 ], [ -124.160236, 41.103932 ], [ -124.159798, 41.104679 ], [ -124.160135, 41.105485 ], [ -124.159773, 41.111054 ], [ -124.1595, 41.111481 ], [ -124.1595, 41.115265 ], [ -124.159143, 41.120759 ], [ -124.159130001, 41.120952 ], [ -124.158897, 41.12104 ], [ -124.159401, 41.124439 ], [ -124.163399, 41.128689 ], [ -124.165405, 41.129876 ], [ -124.165339, 41.130286 ], [ -124.165323, 41.130383 ], [ -124.1642, 41.130798 ], [ -124.161399998999968, 41.134209 ], [ -124.163597, 41.13505899900008 ], [ -124.162201, 41.13633 ], [ -124.164114, 41.137895 ], [ -124.163988, 41.138675 ], [ -124.158539, 41.143021 ], [ -124.15766, 41.142805 ], [ -124.155197, 41.14143 ], [ -124.152057, 41.14143 ], [ -124.149674001, 41.140845 ], [ -124.146634, 41.142833 ], [ -124.145897, 41.143131001000029 ], [ -124.145691, 41.14345 ], [ -124.1438, 41.144686 ], [ -124.122677, 41.189726 ], [ -124.112703000999943, 41.215122 ], [ -124.112698000999956, 41.215135 ], [ -124.112396, 41.215697999000042 ], [ -124.106499000999975, 41.228859 ], [ -124.106696998999951, 41.234371 ], [ -124.106731000999957, 41.234386 ], [ -124.106388998999989, 41.240682 ], [ -124.105537, 41.243521 ], [ -124.102799, 41.250481 ], [ -124.098602, 41.26001 ], [ -124.098602, 41.26635 ], [ -124.091599, 41.287529 ], [ -124.091341, 41.29192 ], [ -124.091186, 41.292612999000028 ], [ -124.0896, 41.292808999000044 ], [ -124.0877, 41.293228 ], [ -124.088799, 41.293442 ], [ -124.090811, 41.294291 ], [ -124.08938, 41.300706 ], [ -124.089104, 41.30106 ], [ -124.088307, 41.305512 ], [ -124.079015, 41.347135 ], [ -124.07858, 41.348928 ], [ -124.071899, 41.372532 ], [ -124.069702000999939, 41.377392 ], [ -124.069702000999939, 41.380779 ], [ -124.067497001, 41.400848 ], [ -124.065498, 41.409721 ], [ -124.064311, 41.430904 ], [ -124.063075998999977, 41.439578999000048 ], [ -124.065519, 41.464725 ], [ -124.066056998999954, 41.470258 ], [ -124.075917, 41.501757 ], [ -124.081427, 41.511228 ], [ -124.081631, 41.524502 ], [ -124.081823, 41.537061 ], [ -124.081987, 41.547761 ], [ -124.092404, 41.553615 ], [ -124.101123, 41.569192 ], [ -124.101403, 41.578524 ], [ -124.097385, 41.585251 ], [ -124.100961, 41.602499 ], [ -124.102434, 41.604062 ], [ -124.114413, 41.616768 ], [ -124.116037001, 41.628849 ], [ -124.120225, 41.640354 ], [ -124.135552, 41.657307 ], [ -124.139354, 41.671652 ], [ -124.138372998999955, 41.678881 ], [ -124.143478998999967, 41.709283999000036 ], [ -124.147412000999964, 41.717955 ], [ -124.154246, 41.728801 ], [ -124.154380998999954, 41.728947 ], [ -124.164716, 41.740126 ], [ -124.177390001, 41.745756 ], [ -124.185363000999985, 41.739351 ], [ -124.19104, 41.736079001000064 ], [ -124.193233, 41.736471 ], [ -124.193296, 41.736482 ], [ -124.193336000999977, 41.736489 ], [ -124.194953, 41.736778 ], [ -124.198038, 41.740337 ], [ -124.203843, 41.747035 ], [ -124.210456, 41.751416 ], [ -124.214734, 41.754249 ], [ -124.215139, 41.754518 ], [ -124.224063, 41.760429 ], [ -124.224311998999951, 41.760593 ], [ -124.23972, 41.7708 ], [ -124.242288, 41.772034 ], [ -124.243601, 41.771916 ], [ -124.244143000999941, 41.771868 ], [ -124.248704, 41.77145899900006 ], [ -124.249239, 41.772306 ], [ -124.25065, 41.774543 ], [ -124.250663, 41.774564 ], [ -124.252499, 41.777474 ], [ -124.25318, 41.778554 ], [ -124.253807, 41.77954800100008 ], [ -124.254657, 41.780895 ], [ -124.255994, 41.783014 ], [ -124.25233499899997, 41.786112 ], [ -124.245027, 41.792300001000058 ], [ -124.232503, 41.815326 ], [ -124.230678, 41.818681 ], [ -124.22865, 41.823758001000044 ], [ -124.226931, 41.82806 ], [ -124.219591998999988, 41.846432 ], [ -124.208671, 41.887324 ], [ -124.208439, 41.888191999000071 ], [ -124.208269, 41.889973 ], [ -124.204607, 41.928345 ], [ -124.204024, 41.934443 ], [ -124.203843, 41.936338 ], [ -124.203402000999972, 41.940964 ], [ -124.203983, 41.956932001000041 ], [ -124.204042, 41.958549 ], [ -124.204947998999955, 41.983441 ], [ -124.211605, 41.99846 ], [ -124.126194, 41.996991999000045 ], [ -124.100921, 41.996956 ], [ -124.100216, 41.996842 ], [ -124.087827, 41.996891001000051 ], [ -124.086661, 41.996869 ], [ -124.02009, 41.99630600100005 ], [ -124.001188, 41.996146 ], [ -123.967201, 41.99614 ], [ -123.834208, 41.996116 ], [ -123.821472, 41.995473 ], [ -123.813992, 41.995096 ], [ -123.789294999, 41.996111001000031 ], [ -123.728156, 41.997007 ], [ -123.656998, 41.995137 ], [ -123.624554000999979, 41.999837 ], [ -123.55256, 42.000246 ], [ -123.538535, 42.000657 ], [ -123.525245, 42.001047 ], [ -123.51788400099997, 42.000882 ], [ -123.501997, 42.000527 ], [ -123.498896, 42.000474 ], [ -123.49883, 42.000525 ], [ -123.434769998999968, 42.001641 ], [ -123.381776, 41.999268 ], [ -123.347562, 41.999108 ], [ -123.230762, 42.003845 ], [ -123.192361001, 42.005446 ], [ -123.154908, 42.008036 ], [ -123.145959, 42.009247 ], [ -123.083956, 42.005448 ], [ -123.065655000999982, 42.004948 ], [ -123.045254, 42.003049 ], [ -122.941597, 42.003085 ], [ -122.893961, 42.002605001000063 ], [ -122.876148, 42.003247 ], [ -122.870315, 42.003309999000066 ], [ -122.80008, 42.004071 ], [ -122.712942, 42.004157 ], [ -122.634739, 42.004858 ], [ -122.501135, 42.00846 ], [ -122.427459, 42.008673 ], [ -122.397984, 42.008758 ], [ -122.388881, 42.009108 ], [ -122.378192998999964, 42.009518 ], [ -122.368854, 42.009333 ], [ -122.36818200099998, 42.00932 ], [ -122.289527, 42.007764 ] ] ] ] } },
{ "type": "Feature", "properties": { "OBJECTID": 17, "Territory_": "CA1", "Status": "AVAILABLE", "State": "CA", "STATE_FIPS": null, "SUB_REGION": null, "STATE_ABBR": null, "POPULATION": 0, "Shape_Leng": 23.869021437099999, "Shape_Area": 14.5210234818 }, "geometry": { "type": "MultiPolygon", "coordinates": [ [ [ [ -118.564527, 33.018637 ], [ -118.559171, 33.006291 ], [ -118.540069, 32.980933 ], [ -118.529228, 32.970921 ], [ -118.496811, 32.933847 ], [ -118.485288, 32.923545 ], [ -118.479038998999954, 32.920363 ], [ -118.460623000999988, 32.909509999000079 ], [ -118.446771, 32.895424 ], [ -118.369984, 32.839273 ], [ -118.35350399899994, 32.821962 ], [ -118.356541, 32.817311 ], [ -118.36053, 32.819921 ], [ -118.379967998999973, 32.824545 ], [ -118.387375, 32.825327 ], [ -118.394565, 32.823978 ], [ -118.401268, 32.820338 ], [ -118.425634, 32.800595 ], [ -118.42943, 32.805429 ], [ -118.428372, 32.806872 ], [ -118.44492, 32.820593 ], [ -118.476073999, 32.841754 ], [ -118.487908, 32.84459 ], [ -118.496298, 32.851572 ], [ -118.506902000999958, 32.868503 ], [ -118.508094998999979, 32.871321 ], [ -118.507193, 32.876264 ], [ -118.524641, 32.893175 ], [ -118.524531000999957, 32.895488 ], [ -118.535823000999983, 32.90628 ], [ -118.551134, 32.945155 ], [ -118.560887, 32.957891 ], [ -118.573522, 32.969182999000054 ], [ -118.586928, 33.008281001000057 ], [ -118.596037000999956, 33.015357 ], [ -118.606559, 33.01469 ], [ -118.605534000999967, 33.030999 ], [ -118.594033, 33.035951 ], [ -118.587938, 33.035308 ], [ -118.581314, 33.034609999000054 ], [ -118.57516, 33.033961 ], [ -118.569013000999973, 33.029151 ], [ -118.564445, 33.024914 ], [ -118.564527, 33.018637 ] ] ], [ [ [ -119.50504, 33.272829 ], [ -119.485624, 33.265105 ], [ -119.48278, 33.263973 ], [ -119.481818, 33.263706 ], [ -119.465717, 33.259239 ], [ -119.458465998999941, 33.254661 ], [ -119.429559, 33.228167 ], [ -119.437166, 33.223525 ], [ -119.444269, 33.219190001000072 ], [ -119.444382, 33.219169 ], [ -119.453305, 33.21753 ], [ -119.464724998999941, 33.215432 ], [ -119.476029, 33.21552 ], [ -119.500684000999968, 33.220569 ], [ -119.511659000999941, 33.223027 ], [ -119.517514, 33.22673700100006 ], [ -119.545871998999985, 33.233406 ], [ -119.557383, 33.241864 ], [ -119.564971, 33.24744 ], [ -119.565641, 33.250028999000051 ], [ -119.566014, 33.252638999000055 ], [ -119.570641998999974, 33.257729 ], [ -119.578942000999973, 33.278628 ], [ -119.565377, 33.272609 ], [ -119.562042, 33.271129 ], [ -119.555242, 33.273428999000032 ], [ -119.554746, 33.273878999000033 ], [ -119.547904, 33.28009 ], [ -119.547642, 33.280328 ], [ -119.543842000999973, 33.280329 ], [ -119.532941000999983, 33.284728 ], [ -119.528141, 33.284929 ], [ -119.523552, 33.282526 ], [ -119.50504, 33.272829 ] ] ], [ [ [ -118.586017000999959, 33.473845001000029 ], [ -118.585936, 33.473819 ], [ -118.56817899899994, 33.473948 ], [ -118.545727, 33.47411 ], [ -118.54453, 33.474119 ], [ -118.530702, 33.468071 ], [ -118.507915, 33.454261 ], [ -118.500212000999966, 33.449592 ], [ -118.499669, 33.447879 ], [ -118.48557, 33.446213 ], [ -118.480147998999939, 33.447704 ], [ -118.477646, 33.448392 ], [ -118.465549, 33.440988 ], [ -118.461643, 33.438597 ], [ -118.452858, 33.43322 ], [ -118.445812, 33.428907 ], [ -118.43999, 33.428475 ], [ -118.435991, 33.428179 ], [ -118.430207, 33.42775 ], [ -118.428403, 33.427616 ], [ -118.423576, 33.427257999000062 ], [ -118.416796, 33.424422 ], [ -118.410702, 33.421873001000051 ], [ -118.382726, 33.410171001000037 ], [ -118.382037, 33.409883 ], [ -118.370323, 33.409285 ], [ -118.369364, 33.408253 ], [ -118.368520998999941, 33.407347 ], [ -118.368301, 33.40711 ], [ -118.368031000999963, 33.405533 ], [ -118.367498, 33.402417 ], [ -118.367117, 33.400192 ], [ -118.365094, 33.388374 ], [ -118.36495, 33.388233999000079 ], [ -118.359464, 33.382889 ], [ -118.339441, 33.363379 ], [ -118.33169, 33.355827 ], [ -118.32446, 33.348782 ], [ -118.316083, 33.342928 ], [ -118.315381, 33.342075 ], [ -118.310213, 33.335795 ], [ -118.307736, 33.330329 ], [ -118.307141, 33.329017 ], [ -118.303174, 33.320264 ], [ -118.305084, 33.310323 ], [ -118.316787, 33.301137001000029 ], [ -118.325244, 33.299074999000027 ], [ -118.343249, 33.305234 ], [ -118.359818, 33.315026 ], [ -118.360331998999982, 33.31533 ], [ -118.374768, 33.320065 ], [ -118.390207998999983, 33.320523001000026 ], [ -118.402941, 33.320901 ], [ -118.404373, 33.320814001000031 ], [ -118.411491, 33.32038 ], [ -118.431040000999985, 33.319187 ], [ -118.440047, 33.318638 ], [ -118.440584998999952, 33.31874300100003 ], [ -118.456309, 33.32182 ], [ -118.465368, 33.326056 ], [ -118.481886, 33.344123 ], [ -118.48877, 33.356649 ], [ -118.482609, 33.369914 ], [ -118.480325, 33.378958 ], [ -118.478465, 33.38632 ], [ -118.484949, 33.412131 ], [ -118.485144, 33.412526 ], [ -118.48875, 33.419826 ], [ -118.496445, 33.422057 ], [ -118.503952000999959, 33.42423399900008 ], [ -118.515913998999963, 33.422417001000042 ], [ -118.516266998999981, 33.425075 ], [ -118.523229998999966, 33.430733 ], [ -118.53738, 33.434608 ], [ -118.558715, 33.433419 ], [ -118.563442, 33.434381 ], [ -118.570927, 33.439351 ], [ -118.575900998999941, 33.448261 ], [ -118.587431, 33.460345 ], [ -118.593969, 33.467197999000064 ], [ -118.597941, 33.46866 ], [ -118.601185, 33.469853 ], [ -118.60403, 33.47654 ], [ -118.603375, 33.478098 ], [ -118.598783, 33.477939 ], [ -118.586017000999959, 33.473845001000029 ] ] ], [ [ [ -118.138031, 33.739493 ], [ -118.138859, 33.738695 ], [ -118.139688, 33.738849001000062 ], [ -118.140363, 33.739340001000073 ], [ -118.140731, 33.74023 ], [ -118.139933, 33.740475 ], [ -118.139289, 33.741089 ], [ -118.138522, 33.741028 ], [ -118.137723998999945, 33.740352 ], [ -118.138031, 33.739493 ] ] ], [ [ [ -118.160956, 33.742562 ], [ -118.161754, 33.739861 ], [ -118.164024999, 33.740322 ], [ -118.163012, 33.743114 ], [ -118.160956, 33.742562 ] ] ], [ [ [ -118.158317, 33.751923 ], [ -118.160035, 33.751708 ], [ -118.160803, 33.751953 ], [ -118.160803, 33.753396 ], [ -118.159544, 33.753733 ], [ -118.158347, 33.753488 ], [ -118.158041, 33.752782 ], [ -118.158317, 33.751923 ] ] ], [ [ [ -119.376396, 34.010551 ], [ -119.391551000999982, 34.002505 ], [ -119.414527998999972, 34.004994 ], [ -119.422971998999969, 34.004367999000067 ], [ -119.427589, 34.006445 ], [ -119.437734, 34.01 ], [ -119.441116, 34.012426 ], [ -119.441226, 34.014075 ], [ -119.433912, 34.015975 ], [ -119.421376, 34.015012001000059 ], [ -119.411317, 34.008005 ], [ -119.396251, 34.005918 ], [ -119.389983, 34.006099001000052 ], [ -119.366591, 34.016785 ], [ -119.357462, 34.015919 ], [ -119.376396, 34.010551 ] ] ], [ [ [ -120.047798, 34.021227 ], [ -120.050381998999967, 34.013331 ], [ -120.048926, 34.009898 ], [ -120.046575, 34.000001999000062 ], [ -120.041596, 33.994805 ], [ -120.041310998999961, 33.994507 ], [ -120.040879, 33.99426 ], [ -120.025653, 33.985553 ], [ -120.011122998999952, 33.979893999000069 ], [ -120.003815, 33.979546999000036 ], [ -119.984316, 33.983948001000044 ], [ -119.978876, 33.983081 ], [ -119.979913, 33.969623 ], [ -119.976857, 33.956693 ], [ -119.971141, 33.950401001000046 ], [ -119.970260000999986, 33.944359 ], [ -119.973691, 33.942481 ], [ -120.00096, 33.941554 ], [ -120.017714998999963, 33.936366 ], [ -120.020925000999966, 33.934521 ], [ -120.046881000999974, 33.919596999000078 ], [ -120.048315, 33.917625 ], [ -120.048610998999948, 33.915775 ], [ -120.049682, 33.914563 ], [ -120.077793000999975, 33.908886 ], [ -120.083452998999974, 33.908605 ], [ -120.098601, 33.907853001000035 ], [ -120.105489, 33.904280001000075 ], [ -120.109136998999986, 33.899129 ], [ -120.121817, 33.895712 ], [ -120.122184998999955, 33.895895 ], [ -120.168974, 33.91908999900005 ], [ -120.17346, 33.923054 ], [ -120.179049, 33.927994 ], [ -120.189598, 33.947261 ], [ -120.18984, 33.947703 ], [ -120.190362, 33.948238 ], [ -120.192329000999962, 33.950255 ], [ -120.192339, 33.950266 ], [ -120.192357, 33.950271999000051 ], [ -120.198602, 33.952211 ], [ -120.199469, 33.954954 ], [ -120.200085, 33.956904 ], [ -120.207195, 33.96875 ], [ -120.209372000999963, 33.972376 ], [ -120.222908998999969, 33.987343 ], [ -120.22367, 33.988184 ], [ -120.224461, 33.989059 ], [ -120.224692, 33.989158 ], [ -120.225717, 33.989596 ], [ -120.238783, 33.995182001000046 ], [ -120.246213, 33.998358 ], [ -120.248484, 33.999329 ], [ -120.247393, 34.001911 ], [ -120.238657, 34.007592 ], [ -120.230001, 34.010136 ], [ -120.221287, 34.010367 ], [ -120.208477998999967, 34.005655 ], [ -120.19578, 34.004284 ], [ -120.167306, 34.008219 ], [ -120.151663, 34.018126 ], [ -120.147647, 34.024831 ], [ -120.140361999, 34.025974 ], [ -120.135853, 34.026087 ], [ -120.115058, 34.019866 ], [ -120.090182, 34.019806 ], [ -120.073609, 34.024477 ], [ -120.062778, 34.031161 ], [ -120.061953, 34.033976 ], [ -120.057637, 34.03734 ], [ -120.055107, 34.037729 ], [ -120.043259, 34.035806 ], [ -120.044003998999983, 34.02482000100008 ], [ -120.047798, 34.021227 ] ] ], [ [ [ -120.358608, 34.050235 ], [ -120.358364, 34.050159 ], [ -120.346946, 34.046576 ], [ -120.336785, 34.048199 ], [ -120.331161, 34.049097 ], [ -120.319032, 34.041979 ], [ -120.313175, 34.036576 ], [ -120.302122, 34.023574 ], [ -120.304542998999977, 34.021171 ], [ -120.317052, 34.018837 ], [ -120.34770599899997, 34.020114 ], [ -120.35532, 34.017914 ], [ -120.357726998999965, 34.015253 ], [ -120.35793, 34.015029 ], [ -120.374981, 34.01874 ], [ -120.375143, 34.018775 ], [ -120.400127, 34.028574 ], [ -120.409368, 34.032197999000061 ], [ -120.415225, 34.032245 ], [ -120.419021, 34.028949 ], [ -120.427408, 34.025425 ], [ -120.440906, 34.026766 ], [ -120.442432000999986, 34.026918 ], [ -120.451828, 34.027852 ], [ -120.454034, 34.028071 ], [ -120.454134, 34.028081 ], [ -120.459635000999981, 34.031537 ], [ -120.465329000999986, 34.038448 ], [ -120.465263998999944, 34.038547 ], [ -120.462580001, 34.042627001000028 ], [ -120.460989, 34.04222 ], [ -120.454444, 34.040546999000071 ], [ -120.444976, 34.038126999000042 ], [ -120.440516, 34.036987 ], [ -120.440248, 34.036918 ], [ -120.439777, 34.037251 ], [ -120.435577, 34.040218 ], [ -120.419061, 34.051886 ], [ -120.418928, 34.05198 ], [ -120.418768, 34.052093 ], [ -120.415287, 34.05496 ], [ -120.411314001, 34.052869 ], [ -120.411248001, 34.052848001000029 ], [ -120.403613, 34.050442 ], [ -120.396188, 34.050187 ], [ -120.390906, 34.051994 ], [ -120.390841, 34.052035 ], [ -120.374211, 34.062657999000066 ], [ -120.368813, 34.06778 ], [ -120.368793, 34.068095 ], [ -120.368584, 34.071214 ], [ -120.370176, 34.074907 ], [ -120.368278, 34.076464999000052 ], [ -120.362251, 34.073056 ], [ -120.354982, 34.059256 ], [ -120.358892, 34.056725 ], [ -120.359982001, 34.056019 ], [ -120.36029, 34.05582 ], [ -120.360219, 34.055583 ], [ -120.358694, 34.050522 ], [ -120.358608, 34.050235 ] ] ], [ [ [ -119.818742, 34.052997 ], [ -119.807825, 34.052127 ], [ -119.789797998999973, 34.05726 ], [ -119.770729, 34.055051001000038 ], [ -119.769767, 34.055117 ], [ -119.766081000999975, 34.05537 ], [ -119.763874, 34.057016 ], [ -119.763688, 34.057155 ], [ -119.755521, 34.056716 ], [ -119.74649, 34.052542 ], [ -119.739472, 34.049299001000065 ], [ -119.726437, 34.047908 ], [ -119.723452, 34.046908 ], [ -119.722782, 34.046684001000074 ], [ -119.712575998999966, 34.043265 ], [ -119.704628, 34.037681 ], [ -119.695741998999949, 34.028915 ], [ -119.686507, 34.019805 ], [ -119.670263, 34.017597 ], [ -119.664223000999982, 34.016777 ], [ -119.637742, 34.013178 ], [ -119.619343, 34.016468 ], [ -119.612551, 34.021037 ], [ -119.612226, 34.021256 ], [ -119.612173000999974, 34.021326 ], [ -119.604287, 34.031561 ], [ -119.608798, 34.035245 ], [ -119.609239, 34.03735 ], [ -119.595314998999982, 34.048033 ], [ -119.59324000099997, 34.049625 ], [ -119.587665998999967, 34.049761 ], [ -119.57341, 34.05011 ], [ -119.5667, 34.053452 ], [ -119.556506, 34.050073 ], [ -119.54861, 34.047455 ], [ -119.546646, 34.046804 ], [ -119.529603, 34.041155 ], [ -119.52064, 34.034262 ], [ -119.52177, 34.032247 ], [ -119.531181001, 34.025794 ], [ -119.532413, 34.024949 ], [ -119.533359, 34.024808 ], [ -119.538847, 34.023988 ], [ -119.542449, 34.021082 ], [ -119.54828, 34.009819 ], [ -119.547072, 34.005469 ], [ -119.554472, 33.99782 ], [ -119.560464, 33.99553 ], [ -119.565915000999951, 33.995702 ], [ -119.575636, 33.996009 ], [ -119.590199999, 33.989712 ], [ -119.596877, 33.988610999000059 ], [ -119.619082, 33.987227999000027 ], [ -119.621117, 33.98899 ], [ -119.647709998999972, 33.987786 ], [ -119.647901, 33.987762 ], [ -119.662824998999952, 33.985889 ], [ -119.667908, 33.983343 ], [ -119.678152, 33.978213 ], [ -119.685701998999946, 33.974432 ], [ -119.69011, 33.972225 ], [ -119.694682, 33.971398 ], [ -119.699803, 33.970471001000078 ], [ -119.706952, 33.969178 ], [ -119.712363, 33.965422001000036 ], [ -119.714696, 33.961439 ], [ -119.721206, 33.959583 ], [ -119.735074, 33.96232 ], [ -119.739973998999972, 33.963286 ], [ -119.742966, 33.963877 ], [ -119.750438000999964, 33.963759 ], [ -119.758141, 33.959212 ], [ -119.781261, 33.961486 ], [ -119.795938, 33.962928999000042 ], [ -119.831391, 33.968542 ], [ -119.842748, 33.97034 ], [ -119.861552, 33.976505 ], [ -119.873358000999986, 33.980375 ], [ -119.877057, 33.985757 ], [ -119.882971, 34.000645999000028 ], [ -119.883033000999944, 34.000802 ], [ -119.884896, 34.00881399900004 ], [ -119.882531, 34.011674 ], [ -119.876916, 34.023527 ], [ -119.876329, 34.032087 ], [ -119.88256, 34.037165 ], [ -119.89165, 34.044575 ], [ -119.892821, 34.045529 ], [ -119.89528299899996, 34.046878001000039 ], [ -119.916216, 34.058350999000027 ], [ -119.918905, 34.062509 ], [ -119.921484, 34.066495 ], [ -119.923337, 34.069361 ], [ -119.919154998999943, 34.07728 ], [ -119.912857, 34.077508 ], [ -119.89113, 34.072856 ], [ -119.873535, 34.072046 ], [ -119.857304, 34.071297999000024 ], [ -119.844829, 34.066733 ], [ -119.825865, 34.059794 ], [ -119.818742, 34.052997 ] ] ], [ [ [ -115.735745, 35.809097 ], [ -115.693823, 35.808872999000073 ], [ -115.648199998999985, 35.809003 ], [ -115.647202, 35.808995 ], [ -115.627386, 35.793846 ], [ -115.625838, 35.792013 ], [ -115.500832, 35.693382 ], [ -115.412908000999948, 35.624981 ], [ -115.406079, 35.618613 ], [ -115.404537, 35.617605 ], [ -115.393996, 35.609344 ], [ -115.391535, 35.607271 ], [ -115.303743, 35.538207 ], [ -115.271342, 35.51266 ], [ -115.225412, 35.476018 ], [ -115.16059900099998, 35.424313 ], [ -115.160068, 35.424129 ], [ -115.146788000999948, 35.413662 ], [ -115.145813000999965, 35.413182 ], [ -115.125816, 35.39694 ], [ -115.102880998999979, 35.379371 ], [ -115.098018, 35.37499 ], [ -115.043811998999956, 35.332012 ], [ -114.942216, 35.249994 ], [ -114.92548, 35.237054 ], [ -114.925381, 35.237039 ], [ -114.84932, 35.175891 ], [ -114.80503, 35.140284 ], [ -114.804248998999981, 35.139689 ], [ -114.675243998999974, 35.036021 ], [ -114.652911, 35.018075 ], [ -114.633013, 35.002085 ], [ -114.629928, 34.99474 ], [ -114.62919, 34.991887001000066 ], [ -114.629015, 34.986148 ], [ -114.629755, 34.981706 ], [ -114.629801, 34.981429 ], [ -114.629907, 34.980791 ], [ -114.634607, 34.96906 ], [ -114.635237, 34.965149 ], [ -114.63495299899995, 34.958918 ], [ -114.631681, 34.951309999000046 ], [ -114.629811, 34.944810001000064 ], [ -114.629769, 34.94304 ], [ -114.629753, 34.938684 ], [ -114.632196000999954, 34.930628 ], [ -114.632722, 34.92763 ], [ -114.632767, 34.927376 ], [ -114.632808998999963, 34.927137 ], [ -114.633253000999957, 34.924608 ], [ -114.633237, 34.92123 ], [ -114.630552, 34.911852 ], [ -114.630877, 34.907263 ], [ -114.63277, 34.90224 ], [ -114.635424998999952, 34.895192 ], [ -114.636725, 34.889107 ], [ -114.636768, 34.885704999000041 ], [ -114.635176, 34.875003 ], [ -114.634382000999949, 34.87289000100003 ], [ -114.630682, 34.866352 ], [ -114.626877, 34.86261999900006 ], [ -114.625365, 34.861137 ], [ -114.623939, 34.859738 ], [ -114.619878, 34.856873 ], [ -114.618141, 34.856061 ], [ -114.613786, 34.854027 ], [ -114.613737, 34.854003 ], [ -114.604255000999956, 34.849573 ], [ -114.600653, 34.847361 ], [ -114.600095, 34.846944 ], [ -114.592339, 34.841153 ], [ -114.586842, 34.835672 ], [ -114.581126000999973, 34.826115 ], [ -114.576452, 34.8153 ], [ -114.574569000999986, 34.805746001000045 ], [ -114.571254, 34.795080001000031 ], [ -114.571009998999955, 34.794294 ], [ -114.570453, 34.793373 ], [ -114.57041800099995, 34.793315 ], [ -114.570375, 34.793244 ], [ -114.564036, 34.782757 ], [ -114.561777, 34.77902 ], [ -114.558653, 34.773852 ], [ -114.552682, 34.766871 ], [ -114.546884, 34.761802 ], [ -114.540306000999976, 34.75710900100006 ], [ -114.529615, 34.750822 ], [ -114.525611, 34.747005 ], [ -114.522619, 34.74373 ], [ -114.521047998999961, 34.741173 ], [ -114.516619, 34.736745 ], [ -114.510292, 34.733582 ], [ -114.503361, 34.731247 ], [ -114.495858, 34.727955999000073 ], [ -114.492185, 34.7258 ], [ -114.492017, 34.725702 ], [ -114.490971, 34.724848 ], [ -114.486768, 34.7191 ], [ -114.481954, 34.716036 ], [ -114.477297000999954, 34.714514001000055 ], [ -114.473682, 34.713964 ], [ -114.47306, 34.713662999000064 ], [ -114.472229, 34.713261 ], [ -114.47162, 34.712966 ], [ -114.471232, 34.712423 ], [ -114.470531, 34.711443 ], [ -114.470477, 34.711368 ], [ -114.470429, 34.71127 ], [ -114.46862, 34.707573 ], [ -114.46809, 34.701786 ], [ -114.465246, 34.691202 ], [ -114.462178, 34.6858 ], [ -114.456567, 34.677956 ], [ -114.455473, 34.675768001000051 ], [ -114.45491, 34.673092001000043 ], [ -114.454305, 34.671234 ], [ -114.452628, 34.668546 ], [ -114.451971, 34.666795 ], [ -114.451753, 34.665044 ], [ -114.451785, 34.663891 ], [ -114.452628, 34.659573 ], [ -114.451971, 34.657165999000028 ], [ -114.451753, 34.654320999000049 ], [ -114.449549, 34.651423 ], [ -114.444276, 34.646542 ], [ -114.441465, 34.64253 ], [ -114.440294, 34.63824 ], [ -114.441525, 34.631529 ], [ -114.441398000999982, 34.630171001000065 ], [ -114.438739, 34.621455 ], [ -114.428648, 34.614641 ], [ -114.424201999, 34.610453 ], [ -114.424326, 34.602338 ], [ -114.425338, 34.600842001000046 ], [ -114.427502, 34.599227 ], [ -114.43009, 34.596874 ], [ -114.429747, 34.595846 ], [ -114.429747, 34.591734001000077 ], [ -114.422382, 34.580711 ], [ -114.405228, 34.569637001000046 ], [ -114.389603, 34.542982 ], [ -114.380838, 34.529724 ], [ -114.378223, 34.516521 ], [ -114.378124, 34.507288 ], [ -114.381402, 34.499241999000049 ], [ -114.382358, 34.495757 ], [ -114.383038, 34.48890300100004 ], [ -114.381555, 34.477883 ], [ -114.381701, 34.47604 ], [ -114.383525, 34.470405 ], [ -114.387187, 34.462021 ], [ -114.387407, 34.460491999000055 ], [ -114.386699, 34.457911 ], [ -114.378852, 34.450376 ], [ -114.375789, 34.447798 ], [ -114.373719, 34.446938 ], [ -114.363404, 34.447773 ], [ -114.356025, 34.449744001000056 ], [ -114.342615, 34.451442001000032 ], [ -114.339627, 34.451435 ], [ -114.335372, 34.450038 ], [ -114.332991, 34.448082 ], [ -114.330669, 34.445295 ], [ -114.326129998999988, 34.437250999000071 ], [ -114.319054, 34.435831 ], [ -114.312251, 34.432726 ], [ -114.301016, 34.426807 ], [ -114.294836, 34.421389 ], [ -114.292226, 34.417606001000024 ], [ -114.291751, 34.411104 ], [ -114.290219000999969, 34.408291 ], [ -114.288663, 34.406623 ], [ -114.286802, 34.40534000100007 ], [ -114.280107998999938, 34.403147 ], [ -114.267521000999977, 34.402486 ], [ -114.264317, 34.401329 ], [ -114.252739000999952, 34.3901 ], [ -114.248649, 34.388113 ], [ -114.245261, 34.385659 ], [ -114.234275, 34.376662 ], [ -114.229686, 34.368908001000079 ], [ -114.226107, 34.365916 ], [ -114.213774, 34.36246 ], [ -114.199482, 34.361373 ], [ -114.191094, 34.356125 ], [ -114.185556, 34.354386 ], [ -114.181145, 34.352186 ], [ -114.176909, 34.349306 ], [ -114.172845, 34.344979 ], [ -114.168807, 34.339513 ], [ -114.157206, 34.317862 ], [ -114.14093, 34.305919 ], [ -114.138282, 34.30323 ], [ -114.138167000999943, 34.300936 ], [ -114.13953399899998, 34.295844 ], [ -114.138364998999975, 34.288564 ], [ -114.13605, 34.280833 ], [ -114.137045, 34.277018 ], [ -114.136670998999989, 34.274377 ], [ -114.134768, 34.268965 ], [ -114.134427, 34.266387 ], [ -114.134612, 34.263518 ], [ -114.136185, 34.261296 ], [ -114.139055, 34.259538 ], [ -114.144778998999982, 34.259623 ], [ -114.147158998999942, 34.259564 ], [ -114.153345998999953, 34.258289 ], [ -114.156853, 34.258414999000024 ], [ -114.159697, 34.258242 ], [ -114.161826, 34.257038 ], [ -114.163122, 34.255187 ], [ -114.163867000999971, 34.253349 ], [ -114.164476, 34.251667 ], [ -114.166179, 34.249998 ], [ -114.166536, 34.249647 ], [ -114.173118998999939, 34.247226 ], [ -114.174322, 34.245467999000027 ], [ -114.175948, 34.242695 ], [ -114.176403, 34.241512 ], [ -114.178049998999938, 34.239969 ], [ -114.190876, 34.230858 ], [ -114.208253, 34.215505 ], [ -114.211761, 34.211539 ], [ -114.215454, 34.208956 ], [ -114.223384, 34.205136 ], [ -114.225194, 34.203642 ], [ -114.225861000999942, 34.201774 ], [ -114.224941, 34.193896 ], [ -114.227034, 34.188866 ], [ -114.229023, 34.187428 ], [ -114.229026000999966, 34.187426001000063 ], [ -114.229714998999953, 34.186928 ], [ -114.240712, 34.183232 ], [ -114.244191, 34.179625 ], [ -114.244227, 34.17960400100003 ], [ -114.253924, 34.173957 ], [ -114.254141001, 34.173831 ], [ -114.254606, 34.173712 ], [ -114.267717, 34.17035099900005 ], [ -114.268266999, 34.170209999000065 ], [ -114.268292, 34.170217 ], [ -114.275267, 34.17215 ], [ -114.287182, 34.170543999000074 ], [ -114.287294000999964, 34.170529 ], [ -114.292806, 34.166725 ], [ -114.299026, 34.159688 ], [ -114.301109, 34.157331 ], [ -114.312206, 34.144776 ], [ -114.320777000999954, 34.138635001000068 ], [ -114.324576, 34.13675900100003 ], [ -114.336112, 34.134035 ], [ -114.348052, 34.134458 ], [ -114.353031, 34.133121 ], [ -114.356373, 34.130429 ], [ -114.360402, 34.123577 ], [ -114.366521, 34.118575 ], [ -114.36929700099995, 34.117517 ], [ -114.379234, 34.115988 ], [ -114.390565, 34.110084 ], [ -114.401352, 34.111652 ], [ -114.405941, 34.11154 ], [ -114.41027, 34.110402 ], [ -114.411681, 34.110031 ], [ -114.415908, 34.107636 ], [ -114.420499, 34.103466 ], [ -114.426167998999972, 34.097042 ], [ -114.428026, 34.092787001000033 ], [ -114.43338, 34.088413 ], [ -114.434181, 34.087379 ], [ -114.435429, 34.079727 ], [ -114.437683, 34.071937001000038 ], [ -114.43934, 34.057893 ], [ -114.439406, 34.05381 ], [ -114.438602, 34.050205 ], [ -114.435504, 34.042615 ], [ -114.434949, 34.037784 ], [ -114.436171, 34.028083 ], [ -114.438266, 34.022609 ], [ -114.440540000999988, 34.019328999000038 ], [ -114.443820998999968, 34.016176 ], [ -114.450206, 34.012574001000075 ], [ -114.454807, 34.010968 ], [ -114.458906, 34.010835 ], [ -114.46117, 34.010081 ], [ -114.46283, 34.008421 ], [ -114.463132, 34.006609999000034 ], [ -114.46283, 34.004497 ], [ -114.461465, 34.001511 ], [ -114.460414998999966, 33.999214001000041 ], [ -114.460264, 33.996648999000058 ], [ -114.46117, 33.994687 ], [ -114.462377, 33.993781 ], [ -114.466186998999945, 33.993465 ], [ -114.467932, 33.992877 ], [ -114.471138, 33.98804 ], [ -114.475907, 33.984424 ], [ -114.481455, 33.981261 ], [ -114.482332999, 33.980181 ], [ -114.48309699899994, 33.977745 ], [ -114.484784, 33.975519 ], [ -114.495047, 33.966835 ], [ -114.499883, 33.961789 ], [ -114.509241000999964, 33.957417 ], [ -114.509568, 33.957264 ], [ -114.511231000999942, 33.957039999000074 ], [ -114.51586, 33.958106001000033 ], [ -114.52200199899994, 33.955623 ], [ -114.522358, 33.95520699900004 ], [ -114.52868, 33.947817 ], [ -114.534799, 33.935966 ], [ -114.535478, 33.934651 ], [ -114.535442, 33.934197 ], [ -114.534986001, 33.9285 ], [ -114.53368, 33.926072 ], [ -114.528385, 33.923674 ], [ -114.525361, 33.922272 ], [ -114.52493, 33.921976 ], [ -114.520452, 33.918903 ], [ -114.518434, 33.917518 ], [ -114.516966000999957, 33.916155 ], [ -114.511511, 33.911092 ], [ -114.509418, 33.907553 ], [ -114.508558000999983, 33.906098 ], [ -114.508365, 33.905406 ], [ -114.508053, 33.904283 ], [ -114.50792, 33.903807 ], [ -114.507933, 33.903425 ], [ -114.507988, 33.901812999000072 ], [ -114.508708, 33.90064 ], [ -114.509324998999944, 33.900215 ], [ -114.510447, 33.899441 ], [ -114.510944, 33.899098999000046 ], [ -114.513715, 33.897959 ], [ -114.516314, 33.896196 ], [ -114.517808, 33.894889 ], [ -114.518741000999967, 33.893208 ], [ -114.518928, 33.891714 ], [ -114.518555, 33.889847 ], [ -114.517808, 33.888167 ], [ -114.517045998999947, 33.886861 ], [ -114.516501, 33.885926 ], [ -114.512467, 33.882884 ], [ -114.50434, 33.87688200100007 ], [ -114.503395, 33.875018 ], [ -114.503017, 33.867998 ], [ -114.503125, 33.867721 ], [ -114.503887, 33.865754 ], [ -114.505638, 33.864276 ], [ -114.505793999, 33.864178 ], [ -114.510497, 33.861244 ], [ -114.514673, 33.858638 ], [ -114.515217, 33.858506 ], [ -114.516054, 33.858303 ], [ -114.516811, 33.85812 ], [ -114.52453000099996, 33.858476999000061 ], [ -114.52677, 33.857357 ], [ -114.528231, 33.855248 ], [ -114.528451, 33.854929 ], [ -114.529385, 33.851755 ], [ -114.529597, 33.848063 ], [ -114.525539, 33.838614 ], [ -114.523409, 33.835323 ], [ -114.520465, 33.827778 ], [ -114.51997, 33.825381 ], [ -114.520733, 33.822031 ], [ -114.52271400099994, 33.818979 ], [ -114.527161, 33.816191 ], [ -114.52805, 33.814963 ], [ -114.520094, 33.799473 ], [ -114.516733998999939, 33.788345 ], [ -114.507089, 33.76793 ], [ -114.507003, 33.767642999000032 ], [ -114.504863, 33.760464999000078 ], [ -114.50434, 33.756381 ], [ -114.504483, 33.750998 ], [ -114.506, 33.746343999000032 ], [ -114.508206, 33.741587 ], [ -114.511897000999966, 33.735017 ], [ -114.512348, 33.734214 ], [ -114.510265, 33.732146 ], [ -114.506799, 33.730518 ], [ -114.504176, 33.728055 ], [ -114.502661, 33.724584 ], [ -114.500788, 33.722204 ], [ -114.496565, 33.719155001000047 ], [ -114.494901, 33.71443 ], [ -114.494197, 33.707922 ], [ -114.495719, 33.698454 ], [ -114.496489, 33.696901 ], [ -114.504993, 33.693022 ], [ -114.509874, 33.691877 ], [ -114.512409, 33.691282 ], [ -114.519112998999958, 33.688473 ], [ -114.523959, 33.685879 ], [ -114.527782, 33.682684 ], [ -114.530348, 33.679245 ], [ -114.531038, 33.676816 ], [ -114.531038, 33.676815 ], [ -114.531523, 33.675108 ], [ -114.53142, 33.674315 ], [ -114.530999, 33.671102 ], [ -114.529706, 33.668031 ], [ -114.528304, 33.666044 ], [ -114.526947, 33.664298 ], [ -114.526903, 33.664236 ], [ -114.525977000999944, 33.662941 ], [ -114.525792, 33.66261600100006 ], [ -114.525201, 33.661583 ], [ -114.525007, 33.659644 ], [ -114.525201, 33.658092 ], [ -114.525782998999944, 33.657121999000026 ], [ -114.526947, 33.655571 ], [ -114.527021, 33.655432 ], [ -114.528304, 33.653049 ], [ -114.530244, 33.650139999000032 ], [ -114.53005000099995, 33.647619 ], [ -114.52908, 33.644128 ], [ -114.528695, 33.64323 ], [ -114.528659, 33.643144999000071 ], [ -114.527917, 33.641413 ], [ -114.527278, 33.638859 ], [ -114.526947, 33.637534 ], [ -114.526947, 33.633073 ], [ -114.528498, 33.630164 ], [ -114.528833, 33.629495 ], [ -114.529856, 33.627448 ], [ -114.529662, 33.622794 ], [ -114.527938, 33.618839001000026 ], [ -114.525782998999944, 33.616588 ], [ -114.524619, 33.61426 ], [ -114.524814, 33.611351 ], [ -114.526782, 33.608831 ], [ -114.529186, 33.60665 ], [ -114.530228, 33.605261001000031 ], [ -114.530748, 33.604568 ], [ -114.540617, 33.591412 ], [ -114.54044, 33.585392 ], [ -114.5403, 33.580615 ], [ -114.535965, 33.569154 ], [ -114.535664, 33.568788 ], [ -114.526834, 33.557466 ], [ -114.524391, 33.553683 ], [ -114.524599, 33.552231 ], [ -114.542010998999956, 33.542481 ], [ -114.558898, 33.531819001000031 ], [ -114.559507, 33.530724 ], [ -114.560835, 33.524334001000057 ], [ -114.560552000999962, 33.518271999000035 ], [ -114.560963, 33.516739 ], [ -114.569533, 33.509219001000076 ], [ -114.573757, 33.507543001000045 ], [ -114.580468, 33.506465 ], [ -114.588239, 33.502453 ], [ -114.58852, 33.502198001000068 ], [ -114.591554, 33.499443 ], [ -114.597283, 33.490653001000055 ], [ -114.598759, 33.486804 ], [ -114.599713, 33.484315 ], [ -114.601696, 33.481393999000034 ], [ -114.607843, 33.474834 ], [ -114.612472, 33.470767999000032 ], [ -114.622918, 33.456561001000068 ], [ -114.623395, 33.45449 ], [ -114.622283, 33.447557999000026 ], [ -114.627125, 33.433554001000061 ], [ -114.62964, 33.428138 ], [ -114.635183, 33.422726001000058 ], [ -114.643302, 33.416744999000059 ], [ -114.649539998999956, 33.413633 ], [ -114.652828, 33.412921999000048 ], [ -114.658382, 33.413036 ], [ -114.673901, 33.418299 ], [ -114.687953, 33.417944 ], [ -114.695655, 33.415126999000051 ], [ -114.696504, 33.414059 ], [ -114.696805, 33.412087 ], [ -114.697707, 33.410942 ], [ -114.701732, 33.408388 ], [ -114.710878, 33.407254 ], [ -114.720065, 33.407891 ], [ -114.723829, 33.406531 ], [ -114.725282, 33.405047999000033 ], [ -114.725535, 33.404056 ], [ -114.725292, 33.402342 ], [ -114.722872, 33.398779001000037 ], [ -114.71360200099997, 33.388257 ], [ -114.708408, 33.384147 ], [ -114.70731, 33.382542 ], [ -114.707009, 33.380634 ], [ -114.707348, 33.376628 ], [ -114.699053000999982, 33.361148 ], [ -114.69817, 33.356575 ], [ -114.698035, 33.352442 ], [ -114.700938, 33.337014 ], [ -114.705241, 33.327767 ], [ -114.707962, 33.323421 ], [ -114.710792000999959, 33.320607 ], [ -114.723623000999964, 33.31211 ], [ -114.729904000999966, 33.305745 ], [ -114.731222, 33.304039 ], [ -114.731223, 33.302434 ], [ -114.723259, 33.288079 ], [ -114.72167, 33.286981999000034 ], [ -114.717874998999946, 33.285157 ], [ -114.711197, 33.283342 ], [ -114.702873, 33.281916 ], [ -114.694449, 33.279786 ], [ -114.684363, 33.276025 ], [ -114.680507, 33.273577 ], [ -114.677032, 33.270170001000054 ], [ -114.672400999, 33.26047 ], [ -114.672087998999984, 33.258499 ], [ -114.674491, 33.255597 ], [ -114.688205, 33.247966 ], [ -114.689541, 33.246428 ], [ -114.689420999, 33.24525 ], [ -114.682731000999979, 33.234918 ], [ -114.678097, 33.2303 ], [ -114.674479, 33.225504 ], [ -114.673626, 33.223121 ], [ -114.673715, 33.219245 ], [ -114.676072, 33.210835 ], [ -114.678749, 33.203448 ], [ -114.678178, 33.199584 ], [ -114.67519, 33.188179001000037 ], [ -114.67536, 33.185489 ], [ -114.675831, 33.18152 ], [ -114.679034, 33.174738 ], [ -114.680248, 33.169717001000038 ], [ -114.678729, 33.162948 ], [ -114.679358998999987, 33.159519 ], [ -114.682253, 33.155214 ], [ -114.684488998999939, 33.148121 ], [ -114.687074, 33.142196 ], [ -114.689995, 33.137883 ], [ -114.696829, 33.131209 ], [ -114.703682, 33.113768999000058 ], [ -114.706175, 33.105335 ], [ -114.707896, 33.097432 ], [ -114.707819, 33.091102 ], [ -114.706488, 33.08816 ], [ -114.704729999, 33.087051 ], [ -114.701165, 33.086367999000061 ], [ -114.694627998999977, 33.086226 ], [ -114.692548, 33.085786 ], [ -114.68902, 33.084036 ], [ -114.688597000999948, 33.082869 ], [ -114.689306998999939, 33.079179 ], [ -114.68912, 33.076122 ], [ -114.686991, 33.070969 ], [ -114.674296, 33.057171001000029 ], [ -114.675104, 33.047532 ], [ -114.673659, 33.041897 ], [ -114.670803, 33.037983999000062 ], [ -114.66506, 33.033908 ], [ -114.662317, 33.032671 ], [ -114.659832, 33.032665 ], [ -114.657827, 33.033825001000025 ], [ -114.65503800099998, 33.037106999000059 ], [ -114.649001, 33.046763 ], [ -114.64598, 33.048903001000042 ], [ -114.641622, 33.046896 ], [ -114.639553000999967, 33.045291 ], [ -114.63419, 33.039025 ], [ -114.628293, 33.031052 ], [ -114.625787, 33.029436 ], [ -114.618788, 33.027201999000056 ], [ -114.601014, 33.02541 ], [ -114.589778, 33.026228 ], [ -114.586981998999988, 33.026945 ], [ -114.584765, 33.028231 ], [ -114.581403998999974, 33.032544999000038 ], [ -114.578287, 33.035375 ], [ -114.575160999, 33.036541999000065 ], [ -114.571653, 33.036624 ], [ -114.553189, 33.033974 ], [ -114.540985, 33.033517 ], [ -114.538459, 33.033422 ], [ -114.534772, 33.032812 ], [ -114.527573, 33.031622 ], [ -114.523578, 33.030961 ], [ -114.520129998999948, 33.029984 ], [ -114.516029, 33.027271 ], [ -114.514900000999944, 33.026524 ], [ -114.511343, 33.023455 ], [ -114.506661, 33.017666 ], [ -114.50613, 33.01701 ], [ -114.505311998999957, 33.015539999000055 ], [ -114.504021, 33.013219 ], [ -114.502871, 33.011153 ], [ -114.502072, 33.009268 ], [ -114.499797, 33.003905 ], [ -114.497315, 32.99147399900005 ], [ -114.495712, 32.980076 ], [ -114.494212, 32.974262 ], [ -114.492938, 32.971781 ], [ -114.490129000999957, 32.969884999000044 ], [ -114.488625, 32.969946 ], [ -114.481315, 32.972064 ], [ -114.478499, 32.971209001000034 ], [ -114.475618, 32.968946001000063 ], [ -114.473355, 32.96586 ], [ -114.472737998999946, 32.964008 ], [ -114.472121, 32.961745 ], [ -114.471709, 32.959482 ], [ -114.471709, 32.956807 ], [ -114.471709, 32.953927 ], [ -114.471709, 32.949605999000028 ], [ -114.474042, 32.94515 ], [ -114.478456, 32.940555 ], [ -114.48074, 32.937027 ], [ -114.48092, 32.935252 ], [ -114.479005, 32.928290999000069 ], [ -114.47664, 32.923627999000075 ], [ -114.473712998999986, 32.920594 ], [ -114.464448, 32.913129 ], [ -114.463650000999962, 32.911682 ], [ -114.462928998999985, 32.907944001000033 ], [ -114.46308000099998, 32.903316 ], [ -114.463127, 32.901884 ], [ -114.465304, 32.88299 ], [ -114.465715, 32.87942 ], [ -114.465715, 32.879191 ], [ -114.465546, 32.874809 ], [ -114.468971, 32.845155 ], [ -114.475892, 32.838694001000079 ], [ -114.482742, 32.832903 ], [ -114.489738, 32.826989 ], [ -114.494116, 32.823288001000037 ], [ -114.496284, 32.822326 ], [ -114.496827, 32.822119 ], [ -114.501604, 32.820085 ], [ -114.510217, 32.816417 ], [ -114.513901, 32.812871 ], [ -114.515388998999981, 32.811439 ], [ -114.519758, 32.805676 ], [ -114.520385, 32.803576999000029 ], [ -114.522031, 32.801675 ], [ -114.528849, 32.796307 ], [ -114.530755, 32.793485 ], [ -114.531669, 32.791185 ], [ -114.531746, 32.782503 ], [ -114.532432, 32.776923 ], [ -114.531831, 32.774264 ], [ -114.528443, 32.767276 ], [ -114.526855998999963, 32.757094 ], [ -114.539093, 32.756949 ], [ -114.539224, 32.749812 ], [ -114.551502, 32.749686 ], [ -114.564447, 32.749554001000035 ], [ -114.564508000999979, 32.742298001000051 ], [ -114.581736, 32.742321 ], [ -114.581784, 32.734946 ], [ -114.58317, 32.734927 ], [ -114.612697, 32.734516001000031 ], [ -114.614772, 32.734089 ], [ -114.615733, 32.729427 ], [ -114.615585, 32.728446 ], [ -114.618373, 32.728245 ], [ -114.62413, 32.729291 ], [ -114.624584, 32.729374 ], [ -114.632686, 32.730846 ], [ -114.646007000999987, 32.732384 ], [ -114.65826, 32.733799 ], [ -114.65884, 32.73383 ], [ -114.667493, 32.734226001000025 ], [ -114.677091, 32.736217999000075 ], [ -114.678632, 32.736614 ], [ -114.684278, 32.737537001000078 ], [ -114.688778998999965, 32.737675 ], [ -114.69879, 32.744846 ], [ -114.700743, 32.745617 ], [ -114.701918, 32.745548 ], [ -114.705717, 32.741581 ], [ -114.714522, 32.73039 ], [ -114.715788, 32.727758 ], [ -114.717665, 32.721654 ], [ -114.719633, 32.718763 ], [ -114.726491000999943, 32.718298 ], [ -114.736806, 32.717597 ], [ -115.000802, 32.699676 ], [ -115.335550998999963, 32.676192999000079 ], [ -115.465164, 32.6671 ], [ -115.474101, 32.666428 ], [ -115.479267, 32.666039 ], [ -115.490386001, 32.665202 ], [ -115.496574998999961, 32.664737 ], [ -115.499307, 32.664530999000078 ], [ -115.533481, 32.66196 ], [ -115.662221998999939, 32.652274 ], [ -115.977773, 32.628533 ], [ -116.046619998999972, 32.623353 ], [ -116.106179, 32.618641 ], [ -116.115427, 32.61791 ], [ -116.125848, 32.616673 ], [ -116.211033000999976, 32.610326 ], [ -116.270981, 32.605492 ], [ -116.377063, 32.596937999000033 ], [ -116.391385000999946, 32.595783 ], [ -116.413638, 32.593988001000071 ], [ -116.45454, 32.59069 ], [ -116.53534, 32.584175 ], [ -116.540643, 32.583747 ], [ -116.575883, 32.580694 ], [ -116.62705, 32.576261 ], [ -116.75733, 32.565615999000045 ], [ -116.857154, 32.557459 ], [ -116.928055, 32.550758 ], [ -116.945956, 32.550058 ], [ -117.026358, 32.542457 ], [ -117.028742, 32.542287 ], [ -117.030155, 32.542186 ], [ -117.03990700099996, 32.541489001000059 ], [ -117.062759, 32.539857 ], [ -117.119062, 32.534688 ], [ -117.124861998999961, 32.534156 ], [ -117.125618, 32.537846 ], [ -117.128369000999953, 32.551265 ], [ -117.133363, 32.575625 ], [ -117.133206, 32.584055 ], [ -117.133177, 32.585607 ], [ -117.133176, 32.585637 ], [ -117.133172, 32.585855 ], [ -117.133172, 32.585858 ], [ -117.132963, 32.597054 ], [ -117.136664, 32.618754 ], [ -117.139464, 32.627054 ], [ -117.145476998999982, 32.636957 ], [ -117.159865, 32.660652 ], [ -117.168866, 32.671952 ], [ -117.170656, 32.673462 ], [ -117.171073, 32.673813 ], [ -117.173647, 32.675984 ], [ -117.174212000999944, 32.676461 ], [ -117.174874, 32.677019 ], [ -117.174881, 32.677025001000061 ], [ -117.176698, 32.678558 ], [ -117.180366, 32.681651999000053 ], [ -117.18332400099996, 32.683083 ], [ -117.189764998999976, 32.686201 ], [ -117.192967, 32.687751 ], [ -117.196766998999976, 32.688851 ], [ -117.213067998999975, 32.687751 ], [ -117.223868, 32.683051 ], [ -117.236239, 32.671353 ], [ -117.236267000999987, 32.671347 ], [ -117.236273, 32.671346 ], [ -117.245989, 32.669368 ], [ -117.246069, 32.669352 ], [ -117.249827999, 32.682034 ], [ -117.250571998999987, 32.684541999000032 ], [ -117.255169, 32.700051 ], [ -117.255856998999946, 32.707506 ], [ -117.256388, 32.713249 ], [ -117.257569998999941, 32.72605 ], [ -117.256648, 32.734184 ], [ -117.256297, 32.737275 ], [ -117.256176, 32.738343 ], [ -117.255811, 32.741559001000041 ], [ -117.255369998999981, 32.745449 ], [ -117.255103, 32.746164 ], [ -117.254925, 32.74664 ], [ -117.254819000999987, 32.746925 ], [ -117.254519, 32.747727 ], [ -117.25257, 32.752948999000068 ], [ -117.252649000999952, 32.754062 ], [ -117.253008998999974, 32.759173 ], [ -117.253522, 32.766441 ], [ -117.253598998999962, 32.767523 ], [ -117.25479, 32.784398 ], [ -117.254947, 32.786625 ], [ -117.25497, 32.786948 ], [ -117.255230999, 32.78764 ], [ -117.256342, 32.790592 ], [ -117.260148, 32.800698 ], [ -117.260874, 32.802627 ], [ -117.26107, 32.803148 ], [ -117.261696, 32.803748001000031 ], [ -117.262413, 32.804437 ], [ -117.265967, 32.807848 ], [ -117.271508, 32.813166 ], [ -117.271878, 32.81352 ], [ -117.27188, 32.813522 ], [ -117.272305, 32.81393 ], [ -117.273265, 32.814851 ], [ -117.279409000999976, 32.820748 ], [ -117.280971, 32.822247 ], [ -117.281242000999953, 32.82615300100008 ], [ -117.281560998999964, 32.830759001000047 ], [ -117.281971, 32.83667 ], [ -117.28217, 32.839547 ], [ -117.28117, 32.843047 ], [ -117.28041, 32.843922 ], [ -117.278846000999977, 32.845721 ], [ -117.278373, 32.846265 ], [ -117.276998, 32.847847 ], [ -117.276178998999967, 32.848789 ], [ -117.27387, 32.851447 ], [ -117.272889, 32.851171 ], [ -117.270019, 32.850364999000078 ], [ -117.269671, 32.850267 ], [ -117.267948, 32.849784 ], [ -117.26497, 32.848947 ], [ -117.26067, 32.852647 ], [ -117.259214, 32.854847 ], [ -117.256169998999951, 32.859447 ], [ -117.255426998999951, 32.861908 ], [ -117.255173, 32.862747 ], [ -117.252070998999955, 32.873018001000048 ], [ -117.25167, 32.874346 ], [ -117.251776000999939, 32.875321 ], [ -117.252064000999951, 32.877977 ], [ -117.25447, 32.900146 ], [ -117.26047, 32.931245 ], [ -117.26153, 32.935479 ], [ -117.262548, 32.939545 ], [ -117.26257, 32.939634 ], [ -117.264573999, 32.94764 ], [ -117.269484, 32.967258 ], [ -117.27225, 32.978306001000078 ], [ -117.27281, 32.980544 ], [ -117.275427, 32.990996 ], [ -117.278057, 33.001503 ], [ -117.280770000999951, 33.012343 ], [ -117.282477, 33.015364 ], [ -117.291425, 33.03119999900008 ], [ -117.293370000999971, 33.034642 ], [ -117.296339, 33.041864 ], [ -117.298967, 33.048258 ], [ -117.300661, 33.052379 ], [ -117.305677, 33.064581 ], [ -117.309771, 33.07454 ], [ -117.310296, 33.076345999000068 ], [ -117.311897000999977, 33.08186 ], [ -117.313807, 33.08844 ], [ -117.313942, 33.088902001000065 ], [ -117.315278, 33.093504001000042 ], [ -117.328359, 33.121841999000026 ], [ -117.339324, 33.136776 ], [ -117.345021, 33.144535 ], [ -117.359915, 33.164819 ], [ -117.360858, 33.166102 ], [ -117.362572, 33.168437 ], [ -117.36406, 33.170204 ], [ -117.366445000999988, 33.173036 ], [ -117.36953, 33.176699 ], [ -117.3713, 33.178801 ], [ -117.382957, 33.192642 ], [ -117.384409998999956, 33.194367 ], [ -117.39148, 33.202762 ], [ -117.397349, 33.20885 ], [ -117.397822, 33.209341 ], [ -117.401925998999957, 33.213597999000058 ], [ -117.403159, 33.215149 ], [ -117.405616, 33.21824 ], [ -117.445583, 33.268517 ], [ -117.469794, 33.296417 ], [ -117.505650001, 33.334063 ], [ -117.534139, 33.354277 ], [ -117.540977, 33.359359 ], [ -117.542489, 33.360391 ], [ -117.544469, 33.362212 ], [ -117.546998, 33.363876 ], [ -117.548861, 33.364872 ], [ -117.551261000999943, 33.366242 ], [ -117.553601000999947, 33.367129001000023 ], [ -117.555645, 33.367733 ], [ -117.556834, 33.368444 ], [ -117.55773899899998, 33.369114 ], [ -117.559513, 33.370043 ], [ -117.562298, 33.371242001000041 ], [ -117.563511, 33.371575 ], [ -117.565444998999965, 33.372605 ], [ -117.567172, 33.374236999000061 ], [ -117.569429, 33.375148 ], [ -117.570127998999965, 33.376762 ], [ -117.57136, 33.377913 ], [ -117.573213, 33.379462 ], [ -117.59588, 33.386629 ], [ -117.595956, 33.386754 ], [ -117.607308000999979, 33.40534 ], [ -117.607905, 33.406317 ], [ -117.620523, 33.419165 ], [ -117.631682, 33.430528 ], [ -117.645516, 33.440679 ], [ -117.645582, 33.440728 ], [ -117.684584, 33.461927 ], [ -117.689284, 33.460154999000054 ], [ -117.69198400099998, 33.456626999000036 ], [ -117.691384, 33.45402800100004 ], [ -117.711994001, 33.459642 ], [ -117.715209, 33.460518 ], [ -117.715349001, 33.460556 ], [ -117.725459, 33.481318 ], [ -117.725719, 33.481851 ], [ -117.726486, 33.483426999000073 ], [ -117.731927999, 33.488557 ], [ -117.746454, 33.502249 ], [ -117.754718, 33.51004000100005 ], [ -117.761387, 33.516326 ], [ -117.763485998999954, 33.518577 ], [ -117.773705998999958, 33.529534 ], [ -117.779185, 33.53541 ], [ -117.784888, 33.541525 ], [ -117.79302, 33.543904 ], [ -117.794241, 33.54426200100005 ], [ -117.798936, 33.545636 ], [ -117.801288, 33.546324 ], [ -117.804513, 33.547798999000065 ], [ -117.806671, 33.548786001000053 ], [ -117.814187998999955, 33.552224 ], [ -117.815720000999988, 33.553475 ], [ -117.818747000999963, 33.555944 ], [ -117.829422, 33.564656 ], [ -117.840289, 33.573523 ], [ -117.840652, 33.57371 ], [ -117.860844, 33.584109 ], [ -117.865947, 33.586737 ], [ -117.87679, 33.592322 ], [ -117.878868, 33.592981999000074 ], [ -117.89979, 33.599622 ], [ -117.927091, 33.605521 ], [ -117.940591, 33.620021 ], [ -117.956923, 33.629357 ], [ -117.957489, 33.629681 ], [ -117.957905000999972, 33.629918 ], [ -117.965039, 33.633996 ], [ -117.970892, 33.637342 ], [ -117.987791998999967, 33.647002 ], [ -118.000593, 33.654319 ], [ -118.00515, 33.657779 ], [ -118.008243, 33.660128 ], [ -118.008707, 33.660481 ], [ -118.01776, 33.66735600100003 ], [ -118.029694, 33.676418 ], [ -118.031344, 33.67804 ], [ -118.05526, 33.70154799900007 ], [ -118.064895, 33.711018 ], [ -118.079287, 33.722291 ], [ -118.079546, 33.722494 ], [ -118.088896, 33.729817 ], [ -118.096143, 33.732371 ], [ -118.101096999, 33.734116999000037 ], [ -118.116678998999987, 33.743535 ], [ -118.132698, 33.753217 ], [ -118.146656, 33.757312 ], [ -118.1569, 33.760317 ], [ -118.166713, 33.762058001000071 ], [ -118.1755, 33.763617 ], [ -118.177914, 33.76337 ], [ -118.180831, 33.763072 ], [ -118.181472000999975, 33.761835 ], [ -118.18059, 33.760968 ], [ -118.180133998999963, 33.758927 ], [ -118.183217998999964, 33.758259 ], [ -118.186357, 33.751928 ], [ -118.186369, 33.751904 ], [ -118.187701, 33.749218 ], [ -118.1837, 33.736118001000079 ], [ -118.181367, 33.717366999000035 ], [ -118.207475998999939, 33.716905 ], [ -118.232605, 33.710446 ], [ -118.258687, 33.703741 ], [ -118.258796, 33.703761 ], [ -118.272836, 33.7063 ], [ -118.277208, 33.707091 ], [ -118.28524, 33.707587 ], [ -118.285896998999988, 33.707627 ], [ -118.287804, 33.707745 ], [ -118.292872000999978, 33.70805800100004 ], [ -118.29641800099995, 33.708277 ], [ -118.297104, 33.708319 ], [ -118.312146, 33.711686 ], [ -118.317205, 33.712817999000038 ], [ -118.322867, 33.715762 ], [ -118.333252, 33.721162 ], [ -118.334399, 33.721758 ], [ -118.354705, 33.732317 ], [ -118.360505, 33.736817 ], [ -118.376839, 33.739884 ], [ -118.385006, 33.741417 ], [ -118.396605998999974, 33.735917 ], [ -118.402618, 33.738415 ], [ -118.407463, 33.740428 ], [ -118.408541, 33.740876 ], [ -118.411211, 33.741985 ], [ -118.412774, 33.744959999000059 ], [ -118.414211000999956, 33.747696 ], [ -118.421528, 33.761623 ], [ -118.422509, 33.76349 ], [ -118.423374, 33.765135 ], [ -118.424495, 33.767269 ], [ -118.427173, 33.772366 ], [ -118.428407, 33.774715001000061 ], [ -118.423407, 33.782015 ], [ -118.420136, 33.78524999900003 ], [ -118.411725, 33.793570001000035 ], [ -118.408931, 33.796334 ], [ -118.405007, 33.800215 ], [ -118.39430699899998, 33.804315 ], [ -118.391507, 33.815415001000076 ], [ -118.39182200099998, 33.828813 ], [ -118.392052, 33.838583999000036 ], [ -118.392053000999965, 33.838636 ], [ -118.392107, 33.840915 ], [ -118.397549, 33.852274 ], [ -118.399321, 33.855971 ], [ -118.400684, 33.858817 ], [ -118.402006, 33.861576999000079 ], [ -118.409318999, 33.876839 ], [ -118.412708000999942, 33.883913 ], [ -118.422024, 33.901602 ], [ -118.423672, 33.904731 ], [ -118.429772, 33.916314 ], [ -118.442410000999985, 33.940312 ], [ -118.448986, 33.950716 ], [ -118.455871, 33.961612 ], [ -118.456492, 33.962593 ], [ -118.460611, 33.969111 ], [ -118.468364, 33.978505 ], [ -118.472655000999964, 33.983705 ], [ -118.474075, 33.985427 ], [ -118.476079, 33.987855 ], [ -118.48258, 33.99573299900004 ], [ -118.484212, 33.99771 ], [ -118.486919998999952, 34.000302 ], [ -118.486922, 34.000303 ], [ -118.488783, 34.002084 ], [ -118.492693, 34.005826001000059 ], [ -118.502813, 34.015509 ], [ -118.509611000999939, 34.020394 ], [ -118.516649, 34.025450999000043 ], [ -118.519514, 34.027509 ], [ -118.535647, 34.035027 ], [ -118.543115, 34.038508 ], [ -118.554936, 34.039925 ], [ -118.561737, 34.040741 ], [ -118.564193, 34.041035 ], [ -118.566595, 34.041322999000045 ], [ -118.566878, 34.041357 ], [ -118.567136001, 34.041388 ], [ -118.569235, 34.04164 ], [ -118.57283, 34.041369 ], [ -118.578889, 34.040911 ], [ -118.585503, 34.040412 ], [ -118.593302, 34.039823 ], [ -118.603572000999975, 34.039048 ], [ -118.609652, 34.036424 ], [ -118.631832, 34.037355 ], [ -118.636432, 34.037548 ], [ -118.668358, 34.038887 ], [ -118.67543, 34.037479 ], [ -118.679366, 34.033255 ], [ -118.696879, 34.030729 ], [ -118.706215, 34.029383 ], [ -118.716324, 34.030681 ], [ -118.718796, 34.030998 ], [ -118.728433000999985, 34.032235 ], [ -118.731793000999971, 34.032665999000073 ], [ -118.732391, 34.03274299900005 ], [ -118.732867, 34.032719001000032 ], [ -118.744952, 34.032102999000074 ], [ -118.751108, 34.030414 ], [ -118.755080000999953, 34.029324 ], [ -118.783433001, 34.021543 ], [ -118.783599, 34.021452 ], [ -118.787094, 34.019545 ], [ -118.800265000999957, 34.006165 ], [ -118.805112, 34.001241001000039 ], [ -118.805114, 34.001239 ], [ -118.821579000999975, 34.013959001000046 ], [ -118.836713000999964, 34.02488100100004 ], [ -118.84038, 34.027527 ], [ -118.841622, 34.028109 ], [ -118.842179, 34.028370001000042 ], [ -118.85412, 34.033965 ], [ -118.854653, 34.034215 ], [ -118.855137, 34.034273 ], [ -118.896158998999965, 34.039207 ], [ -118.908623, 34.041802 ], [ -118.920588, 34.044294 ], [ -118.923622, 34.044925 ], [ -118.923828, 34.044968 ], [ -118.928048, 34.045847 ], [ -118.938081, 34.043383 ], [ -118.944887, 34.04534 ], [ -118.950308, 34.046898001000045 ], [ -118.954722, 34.048167 ], [ -118.955075, 34.048345 ], [ -118.962152, 34.051927 ], [ -118.97726, 34.059573 ], [ -118.977751, 34.059822 ], [ -118.99698, 34.065943 ], [ -119.004644, 34.066231 ], [ -119.037494, 34.083111 ], [ -119.063901, 34.089097 ], [ -119.069958999, 34.09047 ], [ -119.088536000999966, 34.09831 ], [ -119.098216, 34.099334 ], [ -119.109784, 34.094566 ], [ -119.130169, 34.100102 ], [ -119.159586998999941, 34.119675 ], [ -119.188640000999953, 34.139005 ], [ -119.203062, 34.144475 ], [ -119.20314, 34.144505 ], [ -119.211241, 34.144905 ], [ -119.216055, 34.146016 ], [ -119.216441, 34.146105 ], [ -119.225273, 34.158315 ], [ -119.225627, 34.158802999000045 ], [ -119.22564, 34.158820999000056 ], [ -119.227743, 34.16172799900005 ], [ -119.235397, 34.173191 ], [ -119.237141998999959, 34.175804001000074 ], [ -119.248655, 34.197499 ], [ -119.257043, 34.213304 ], [ -119.265902000999972, 34.234548 ], [ -119.265927, 34.234609 ], [ -119.269269, 34.249109001000079 ], [ -119.270144, 34.252903 ], [ -119.273495, 34.258423 ], [ -119.278644, 34.266902 ], [ -119.286176, 34.2718 ], [ -119.286205, 34.271819 ], [ -119.290945, 34.274902 ], [ -119.294074, 34.274303001000078 ], [ -119.302131, 34.272761 ], [ -119.31197, 34.275403 ], [ -119.311981, 34.275405999000043 ], [ -119.313034, 34.275689 ], [ -119.318301000999952, 34.278897 ], [ -119.337475, 34.290576 ], [ -119.343053, 34.297152 ], [ -119.349187, 34.304383 ], [ -119.369868000999986, 34.319138 ], [ -119.370356000999948, 34.319486 ], [ -119.37578, 34.321118 ], [ -119.388249, 34.317398 ], [ -119.390448998999943, 34.318198 ], [ -119.411021, 34.33739 ], [ -119.427769998999963, 34.353016 ], [ -119.431066, 34.355297 ], [ -119.435536, 34.355799 ], [ -119.435888, 34.355839 ], [ -119.461036, 34.374064 ], [ -119.472678, 34.375628 ], [ -119.477792998999973, 34.377064999000027 ], [ -119.482851, 34.378485001000058 ], [ -119.491084, 34.380798 ], [ -119.491149, 34.380816 ], [ -119.510654998999939, 34.386295 ], [ -119.529784, 34.392986 ], [ -119.536957000999962, 34.395495 ], [ -119.545965, 34.402661 ], [ -119.559459, 34.413395 ], [ -119.568083, 34.414537 ], [ -119.576754, 34.415685 ], [ -119.59219, 34.417728 ], [ -119.606448, 34.419616 ], [ -119.607056, 34.419697 ], [ -119.609859, 34.420067999000025 ], [ -119.612178, 34.420375 ], [ -119.616862, 34.420995 ], [ -119.625253, 34.418974 ], [ -119.638864, 34.415695999000036 ], [ -119.648664, 34.417396 ], [ -119.659065, 34.416813 ], [ -119.671866, 34.416096 ], [ -119.688167, 34.412497 ], [ -119.686791, 34.410846 ], [ -119.686036, 34.409940001000052 ], [ -119.684665998999947, 34.408297 ], [ -119.686809, 34.406741 ], [ -119.691361, 34.403435 ], [ -119.691749, 34.403154001000075 ], [ -119.696233, 34.401145001000032 ], [ -119.702067, 34.398532 ], [ -119.709067, 34.395397 ], [ -119.713868, 34.395514999000056 ], [ -119.719945, 34.395665001000054 ], [ -119.723131, 34.395743 ], [ -119.726893, 34.395836 ], [ -119.727880998999979, 34.39586 ], [ -119.729369, 34.395897001000037 ], [ -119.731113, 34.396655 ], [ -119.743037, 34.40184 ], [ -119.744176, 34.402335 ], [ -119.745470000999944, 34.402898 ], [ -119.755509, 34.406153 ], [ -119.785871, 34.415997 ], [ -119.794771, 34.417597 ], [ -119.804613, 34.417165 ], [ -119.817014, 34.41662 ], [ -119.822745, 34.416368 ], [ -119.832696, 34.415931 ], [ -119.835771, 34.415796 ], [ -119.836248000999944, 34.415589 ], [ -119.837643, 34.414985 ], [ -119.853771, 34.407995999000036 ], [ -119.858719, 34.408192 ], [ -119.862535, 34.408343 ], [ -119.873971, 34.408795 ], [ -119.878765, 34.411146 ], [ -119.913873, 34.428363 ], [ -119.925227, 34.43393099900004 ], [ -119.929731, 34.434127 ], [ -119.956433001, 34.435288 ], [ -119.971951, 34.444641 ], [ -120.000973, 34.457339 ], [ -120.008077000999947, 34.460447 ], [ -120.018324, 34.461442 ], [ -120.038828, 34.463434001000053 ], [ -120.050682, 34.461651 ], [ -120.053609, 34.46154 ], [ -120.061076, 34.461255 ], [ -120.073312000999977, 34.46079 ], [ -120.088591, 34.460208 ], [ -120.097212, 34.461809 ], [ -120.118411, 34.46992700100003 ], [ -120.141165, 34.473405 ], [ -120.158277000999988, 34.472179 ], [ -120.183505, 34.470372 ], [ -120.225498000999949, 34.470587 ], [ -120.226989, 34.47029 ], [ -120.227021, 34.470284 ], [ -120.238002000999984, 34.468097999000065 ], [ -120.25777, 34.467451 ], [ -120.274472998999954, 34.468049 ], [ -120.283001, 34.468354 ], [ -120.28473, 34.46868 ], [ -120.295050998999955, 34.470623 ], [ -120.299169, 34.469731 ], [ -120.301195, 34.467704 ], [ -120.301822, 34.467077 ], [ -120.302703, 34.466892 ], [ -120.304461, 34.466524 ], [ -120.336622000999967, 34.45978400100006 ], [ -120.341369, 34.458789 ], [ -120.356443, 34.457699 ], [ -120.368174, 34.45685 ], [ -120.386276, 34.455541 ], [ -120.388503, 34.45538 ], [ -120.41433, 34.453511999000057 ], [ -120.441975, 34.451512 ], [ -120.451425000999961, 34.44709399900006 ], [ -120.460936, 34.447452 ], [ -120.471376, 34.447846 ], [ -120.471420998999974, 34.44808 ], [ -120.473527, 34.459056 ], [ -120.47661, 34.475131 ], [ -120.480372, 34.481059 ], [ -120.490408001, 34.489973 ], [ -120.490523, 34.490074999000058 ], [ -120.491639000999953, 34.491831 ], [ -120.499863, 34.50477 ], [ -120.504375999, 34.511869 ], [ -120.511421, 34.522953 ], [ -120.524041, 34.530832001000078 ], [ -120.524776, 34.531291 ], [ -120.527455, 34.532508001000053 ], [ -120.544505000999948, 34.540251001000058 ], [ -120.569922, 34.551795 ], [ -120.580627998999944, 34.556657 ], [ -120.581293, 34.556959001000052 ], [ -120.581512, 34.556957 ], [ -120.607161000999952, 34.556669001000046 ], [ -120.608355, 34.556656 ], [ -120.608486, 34.556545 ], [ -120.609079000999941, 34.556043 ], [ -120.612005, 34.553564 ], [ -120.622575, 34.554017 ], [ -120.637805000999947, 34.56622 ], [ -120.642722998999943, 34.575403 ], [ -120.645739, 34.581035 ], [ -120.640243998999949, 34.604406 ], [ -120.63473800099996, 34.615363 ], [ -120.625127, 34.634489 ], [ -120.60197, 34.692094999000062 ], [ -120.60045, 34.70464 ], [ -120.601671998999961, 34.709721 ], [ -120.614852, 34.730709 ], [ -120.626004, 34.737869 ], [ -120.626319998999975, 34.738072 ], [ -120.637415000999965, 34.755895 ], [ -120.628324000999953, 34.779437 ], [ -120.622969998999963, 34.7933 ], [ -120.616295998999988, 34.816308 ], [ -120.610181, 34.84158 ], [ -120.609898, 34.842751 ], [ -120.609913, 34.84337 ], [ -120.610266, 34.85818 ], [ -120.616325, 34.866739 ], [ -120.639283, 34.880413 ], [ -120.639643998999986, 34.882103 ], [ -120.641577999, 34.891172 ], [ -120.642136, 34.893787 ], [ -120.642211, 34.89414 ], [ -120.642212000999962, 34.894145001000027 ], [ -120.642213000999959, 34.894146 ], [ -120.647283, 34.901071999000067 ], [ -120.647328, 34.901133 ], [ -120.647519, 34.901134 ], [ -120.662812, 34.901183 ], [ -120.662889, 34.901183 ], [ -120.670835, 34.904115 ], [ -120.66388, 34.926402 ], [ -120.648903, 34.974397999000075 ], [ -120.64056, 35.001135999000041 ], [ -120.639990000999944, 35.002963001000069 ], [ -120.634667998999987, 35.027936 ], [ -120.633936, 35.031365 ], [ -120.63357, 35.033085 ], [ -120.629931, 35.061515 ], [ -120.629582998999979, 35.078362 ], [ -120.63091, 35.101135 ], [ -120.630937, 35.101596 ], [ -120.630957, 35.101941 ], [ -120.631191, 35.103002 ], [ -120.631694, 35.105277 ], [ -120.634458, 35.117789 ], [ -120.63545199899994, 35.122291 ], [ -120.635463, 35.122338 ], [ -120.635787, 35.123805 ], [ -120.636091, 35.124369 ], [ -120.636418, 35.124975 ], [ -120.638307, 35.128479 ], [ -120.638582, 35.12899 ], [ -120.638784, 35.129364 ], [ -120.644311, 35.139615999000057 ], [ -120.651134, 35.147768 ], [ -120.654858, 35.149602999000024 ], [ -120.662475, 35.153357 ], [ -120.667994000999954, 35.15203 ], [ -120.675074, 35.153061 ], [ -120.675647, 35.153429 ], [ -120.686973998999974, 35.160708 ], [ -120.698906, 35.17119199900003 ], [ -120.704203, 35.173206 ], [ -120.711428, 35.175227 ], [ -120.714185, 35.175998 ], [ -120.716272, 35.176256 ], [ -120.734231, 35.178472 ], [ -120.734547, 35.178457 ], [ -120.736172998999962, 35.178382001000045 ], [ -120.739348, 35.178235 ], [ -120.742415, 35.178094 ], [ -120.748869998999965, 35.177795 ], [ -120.751009, 35.176683 ], [ -120.754823, 35.174701 ], [ -120.756862000999945, 35.169208 ], [ -120.756086, 35.160459 ], [ -120.760491998999953, 35.15971 ], [ -120.778997998999955, 35.168897 ], [ -120.786076000999969, 35.177666 ], [ -120.805258, 35.184973 ], [ -120.817963, 35.190941 ], [ -120.829364, 35.196297 ], [ -120.846674, 35.204429 ], [ -120.856047000999979, 35.206487 ], [ -120.861167, 35.21227 ], [ -120.866983, 35.21884 ], [ -120.873046, 35.225688 ], [ -120.878625, 35.230901 ], [ -120.89679, 35.247877 ], [ -120.896876, 35.25399 ], [ -120.8953, 35.258984 ], [ -120.895296, 35.258995 ], [ -120.89346, 35.26481 ], [ -120.889354, 35.277819 ], [ -120.885976, 35.283469 ], [ -120.880112, 35.293277 ], [ -120.87957, 35.294184 ], [ -120.878552, 35.296897 ], [ -120.874976, 35.30643 ], [ -120.8678, 35.325554 ], [ -120.8672, 35.327154 ], [ -120.86693, 35.328327 ], [ -120.862684, 35.346776 ], [ -120.862405, 35.353854 ], [ -120.862136, 35.360696 ], [ -120.862133, 35.360763 ], [ -120.862855, 35.366642 ], [ -120.862987, 35.367715 ], [ -120.863352, 35.370688001000076 ], [ -120.863391, 35.371002 ], [ -120.864031, 35.376212 ], [ -120.866099, 35.393045 ], [ -120.869209, 35.403276 ], [ -120.872833, 35.409551 ], [ -120.873923, 35.411439 ], [ -120.874529, 35.412487 ], [ -120.874598, 35.412606 ], [ -120.875808, 35.41470200100008 ], [ -120.876231000999951, 35.415433 ], [ -120.884757, 35.430196 ], [ -120.888149, 35.433571 ], [ -120.896862, 35.44224299900003 ], [ -120.907937, 35.449068999000076 ], [ -120.926958998999964, 35.447909 ], [ -120.946546, 35.446715 ], [ -120.950742, 35.44802 ], [ -120.955863, 35.453743 ], [ -120.969435998999984, 35.460197 ], [ -120.976121998999986, 35.459028 ], [ -121.001019, 35.460565 ], [ -121.001613, 35.460602 ], [ -121.003359, 35.460709999000073 ], [ -121.025620998999955, 35.484598001000052 ], [ -121.053079998999976, 35.507530001000077 ], [ -121.059913000999984, 35.509671 ], [ -121.091562, 35.539392 ], [ -121.091724, 35.539544 ], [ -121.098532, 35.545937 ], [ -121.101595, 35.548814 ], [ -121.104581, 35.554221 ], [ -121.11286, 35.569213001000037 ], [ -121.115569, 35.57412 ], [ -121.126027, 35.593058 ], [ -121.127794, 35.594794 ], [ -121.133556, 35.600455 ], [ -121.143561000999966, 35.606046 ], [ -121.143998, 35.6066 ], [ -121.150387, 35.614701 ], [ -121.153068, 35.6181 ], [ -121.159806001, 35.626643 ], [ -121.166598, 35.635254 ], [ -121.166712, 35.635399 ], [ -121.167061998999941, 35.635521 ], [ -121.188897000999987, 35.643138 ], [ -121.195291, 35.640734 ], [ -121.210198000999981, 35.644988 ], [ -121.231359998999949, 35.651027 ], [ -121.251034001, 35.656641 ], [ -121.267673, 35.664512 ], [ -121.272322, 35.666711 ], [ -121.284973, 35.674109 ], [ -121.287662998999963, 35.682657001000052 ], [ -121.289794, 35.689428 ], [ -121.296473, 35.696824 ], [ -121.304583, 35.701794 ], [ -121.306901000999972, 35.704451 ], [ -121.314632, 35.71331 ], [ -121.314673, 35.714708 ], [ -121.314940000999968, 35.723785001000067 ], [ -121.315701, 35.749616 ], [ -121.315769, 35.751923 ], [ -121.315786, 35.75252 ], [ -121.316178, 35.753241 ], [ -121.317445, 35.755577 ], [ -121.324918, 35.769347 ], [ -121.328077, 35.775118999000028 ], [ -121.331968, 35.782228 ], [ -121.332414, 35.783043 ], [ -121.332449, 35.783106 ], [ -121.333107, 35.783676999000079 ], [ -121.344837000999973, 35.793858999000065 ], [ -121.346365, 35.795183999000074 ], [ -121.319549, 35.795017 ], [ -121.284794998999985, 35.794802 ], [ -121.243778000999953, 35.794525 ], [ -121.217337999, 35.794279 ], [ -121.18490000099996, 35.794158 ], [ -121.126028, 35.793941 ], [ -121.114454, 35.79331 ], [ -121.042254, 35.792801 ], [ -121.036833, 35.792776 ], [ -120.99486, 35.792835 ], [ -120.931602998999949, 35.792381 ], [ -120.915335, 35.792275001000064 ], [ -120.912816, 35.792259 ], [ -120.765328, 35.791482 ], [ -120.761452, 35.791429 ], [ -120.731898, 35.791119 ], [ -120.731823000999952, 35.791119 ], [ -120.731439, 35.791118 ], [ -120.725075998999955, 35.791111 ], [ -120.658273, 35.790861 ], [ -120.653147, 35.790872001000025 ], [ -120.58372400099995, 35.790830001000074 ], [ -120.581447998999977, 35.790830001000074 ], [ -120.425644000999966, 35.789961 ], [ -120.418217, 35.789959 ], [ -120.250979, 35.788977 ], [ -120.250290998999958, 35.789428001000033 ], [ -120.213979, 35.789276 ], [ -120.194146, 35.789204 ], [ -120.081549, 35.788811 ], [ -120.058726, 35.788845 ], [ -119.983315, 35.789379 ], [ -119.983203, 35.789356 ], [ -119.969527, 35.789498 ], [ -119.92166, 35.7896 ], [ -119.888592998999968, 35.78912 ], [ -119.870729, 35.789117999000041 ], [ -119.869135, 35.789117999000041 ], [ -119.868428, 35.789119 ], [ -119.849804, 35.789233001000071 ], [ -119.826044, 35.789348 ], [ -119.808153, 35.789556 ], [ -119.799509998999952, 35.789724999000043 ], [ -119.790376, 35.789795001000073 ], [ -119.784701, 35.789885 ], [ -119.77914, 35.790067001000068 ], [ -119.774815, 35.790135 ], [ -119.768599000999984, 35.790231 ], [ -119.768572, 35.790198 ], [ -119.752935, 35.790262 ], [ -119.717922, 35.790408 ], [ -119.715759, 35.79034 ], [ -119.688879, 35.790365999000073 ], [ -119.646596998999939, 35.790423 ], [ -119.625957, 35.789494 ], [ -119.617874, 35.789689 ], [ -119.57949199899997, 35.789508999000077 ], [ -119.579295001, 35.789516 ], [ -119.573453, 35.789538 ], [ -119.538116, 35.789567 ], [ -119.526443, 35.789452 ], [ -119.500952, 35.789786 ], [ -119.500164, 35.789818001000071 ], [ -119.490221, 35.789720001000035 ], [ -119.452337, 35.789868 ], [ -119.446837, 35.789888 ], [ -119.424178, 35.790038999000046 ], [ -119.415104, 35.78997 ], [ -119.401253998999948, 35.790104 ], [ -119.39308, 35.790147 ], [ -119.392942998999956, 35.790157 ], [ -119.375947, 35.789742 ], [ -119.354897, 35.790278 ], [ -119.321192, 35.79022 ], [ -119.320475, 35.790219 ], [ -119.303101, 35.79019 ], [ -119.258914, 35.790324 ], [ -119.253276, 35.790353 ], [ -119.250942, 35.790387 ], [ -119.240920000999949, 35.79039 ], [ -119.223107, 35.79042 ], [ -119.214455, 35.790491 ], [ -119.177594, 35.790540001000068 ], [ -119.125937, 35.790603 ], [ -119.125046, 35.790767 ], [ -119.115029, 35.790841 ], [ -119.11412, 35.790848 ], [ -119.10215, 35.790738 ], [ -119.088777, 35.790718 ], [ -119.053038, 35.790606 ], [ -119.044244, 35.790697 ], [ -118.936096998999972, 35.790537001000075 ], [ -118.935844, 35.790560001000074 ], [ -118.80285, 35.790343 ], [ -118.573102, 35.78973 ], [ -118.507224, 35.789711 ], [ -118.470091, 35.792635 ], [ -118.448573998999962, 35.792339 ], [ -118.425879, 35.792107 ], [ -118.407663, 35.791328 ], [ -118.375916, 35.790224 ], [ -118.366922, 35.790609 ], [ -118.270007, 35.790009 ], [ -118.195381000999987, 35.79069 ], [ -118.067719, 35.791537 ], [ -118.019844, 35.789769 ], [ -118.017687998999975, 35.789658 ], [ -118.008043, 35.789161 ], [ -118.000908, 35.789487999000073 ], [ -117.939351, 35.786762 ], [ -117.923116, 35.786814 ], [ -117.924459, 35.798149 ], [ -117.903042, 35.79812 ], [ -117.885897, 35.798098 ], [ -117.856877, 35.79806 ], [ -117.856601, 35.79806 ], [ -117.850567, 35.798052 ], [ -117.750901, 35.798201 ], [ -117.632996, 35.797251 ], [ -117.54229, 35.795822 ], [ -117.421462998999971, 35.795601 ], [ -117.355008, 35.795203 ], [ -117.315188, 35.795195 ], [ -117.250887, 35.795004 ], [ -117.145294, 35.795547 ], [ -116.939105000999973, 35.795396001000029 ], [ -116.651124000999971, 35.795433001000049 ], [ -116.345966998999984, 35.794 ], [ -116.340549, 35.793997 ], [ -116.211234, 35.793290999000078 ], [ -116.109474998999985, 35.793446999000025 ], [ -116.070306000999949, 35.793473 ], [ -116.057626, 35.793974 ], [ -116.036495998999953, 35.793558 ], [ -115.735891, 35.793620001000079 ], [ -115.735745, 35.809097 ] ] ] ] } }
]
}
